Cultivated area (hec),Urea (kg),Phosphate (kg),Potassium (kg),Nitrogen (kg),Seed(Kg),Irrigation frequency,Insecticide (lit),Yield (kg),Water (m3),Fuel (lit),Electricity (kwh),Calculated carbon (kg co2-eq)
1,500,100,50,721,35,4,2,55000,7500,60,694,19768
1.25,654,129,66,953,39,5,2.9,74480,8834,63,773,25508
1.75,982,153,91,1305,65,5,4,104557,13763,105,1208,35013
3,1388,290,173,2297,95,4,8.2,165984,24387,191,1963,60762
0.5,289,48,30,379,17,4,1,25082,3800,30,320,10192
0.75,376,76,32,526,25,6,1.8,39504,5894,41,521,14470
0.75,386,78,44,563,27,5,2,44685,5601,47,454,14196
0.75,381,75,45,530,27,3,2.1,40773,5813,44,468,14971
0.75,384,73,33,528,27,4,1.8,41561,5100,48,505,14209
1,462,93,65,763,36,4,2.1,54235,7797,52,673,19030
1.5,847,155,89,1069,51,5,4,82939,11435,92,1013,30146
0.75,350,80,45,575,23,5,1.5,44722,6017,51,461,14317
3,1561,279,120,2303,103,3,7.7,174507,23293,157,1893,58621
2,1060,196,127,1430,65,3,4.6,109059,13979,120,1235,38384
2,1030,211,91,1405,73,5,4.4,109206,13810,109,1269,39591
3,1346,265,127,2127,96,3,6.9,164657,21950,161,2045,58638
3,1356,292,170,2168,107,6,7.1,160131,21278,189,1947,56696
0.5,240,54,30,358,18,6,1.3,25594,3738,33,338,9653
2.5,1298,285,141,1738,82,5,5.3,134623,17652,126,1636,47645
1,499,90,57,710,32,4,2.6,57114,7059,66,644,20201
0.75,333,68,43,536,27,5,2,40762,5845,43,474,14772
0.5,220,49,27,382,17,6,1.3,26242,3737,33,338,10099
2.5,1307,221,150,1791,82,6,6,127861,19662,160,1612,49214
1,420,111,46,709,35,3,1.9,51523,8008,62,630,19804
3,1405,243,138,2303,102,3,6.3,170778,22725,167,1982,59293
2.5,1097,219,134,1856,85,5,6.5,146172,17141,148,1721,49507
1.25,687,109,60,919,44,4,3.6,71744,8782,67,759,25078
0.75,327,71,32,526,26,4,2,42131,5590,40,464,15335
1,483,99,44,767,34,6,2.7,56350,7695,62,606,20439
0.5,237,48,27,346,18,6,1,29294,3561,25,329,9603
1.75,759,172,102,1284,55,5,4.2,104431,12390,107,1055,33714
1.25,666,121,72,907,45,5,3.5,72273,8974,72,882,23852
1.5,858,139,72,1047,53,5,3,84677,12259,101,918,29213
0.5,275,44,28,360,18,6,1,28084,3713,30,349,9877
1,575,96,49,742,35,5,2.9,56169,8090,67,676,19421
0.75,433,83,38,526,26,3,2.2,39766,5317,42,456,14385
2.5,1355,273,116,1860,89,4,7.1,146226,20133,135,1757,50668
1,529,86,51,753,32,4,2.9,57930,7594,52,627,19898
1,458,94,58,734,37,6,2.4,57679,7405,60,654,18989
2.5,1273,256,101,1836,79,3,5.9,142933,19825,154,1570,50850
1.75,752,191,85,1274,57,5,3.9,91127,13712,115,1083,33581
0.5,262,48,30,351,18,3,1,25384,3468,34,354,9917
1.5,670,147,62,1054,47,5,3.6,87130,11099,95,1028,28562
0.5,288,47,31,343,18,5,1.4,29111,4021,30,339,10135
1.25,609,106,77,884,46,6,2.8,71485,9104,74,846,25530
1.25,655,132,67,956,39,4,3,67477,8647,75,870,24687
2.5,1095,271,112,1744,84,6,6.5,143342,20124,157,1736,50283
0.5,222,42,30,370,18,6,1,28474,3431,30,338,9904
0.5,210,41,25,352,18,3,1,26044,3673,26,336,9419
1.25,628,103,60,946,45,5,3,67529,8781,82,883,25362
2.5,1390,279,126,1801,87,6,5.1,149980,19403,165,1649,50214
1.25,722,121,55,927,42,3,2.8,66998,10158,78,840,23622
3,1734,285,148,2058,93,4,7.6,178376,23271,151,2091,60724
1,443,106,59,700,36,5,2.9,57162,7885,56,688,20264
1.75,850,183,81,1330,61,6,5,90393,12002,106,1143,33073
1,570,83,53,701,36,5,2.1,52020,6945,55,656,20379
1.5,654,162,74,1024,48,5,3.6,79199,11402,93,1020,28764
1.75,868,197,88,1216,60,3,4.8,100591,14150,99,1160,34128
0.75,378,83,38,522,27,6,1.6,42183,5448,40,524,14801
3,1370,251,141,2238,104,3,6.4,153753,20811,179,1848,61305
2,1053,164,80,1529,70,3,4,104316,15685,116,1322,38592
1,487,90,42,716,31,5,1.9,50455,7793,63,630,19775
2.5,1153,251,159,1904,83,3,6.6,134227,18425,129,1775,50179
1.75,850,196,103,1334,59,6,5.1,99151,13210,115,1111,33060
1.25,681,109,69,907,40,4,3,68965,9490,63,790,25472
1.25,531,134,61,936,43,4,3.4,64981,9429,66,854,25290
1.5,752,160,72,1055,50,5,3.5,88979,11216,79,980,28667
1,497,113,60,697,36,3,2.1,51487,7140,66,667,19383
2,1084,179,90,1453,65,5,5.1,101814,13650,108,1317,39266
3,1380,280,125,2122,102,4,6.5,173267,20732,198,1895,58788
2.5,1113,210,146,1705,84,4,5.3,140535,20470,150,1629,50617
1.5,731,138,81,1027,54,3,4.3,84899,11426,80,955,30405
0.5,283,53,27,354,18,3,1,26156,3699,30,302,9699
0.5,213,43,27,350,18,6,1.2,26435,3781,29,300,10028
1.25,537,128,68,934,40,4,2.8,71939,8673,68,854,24299
2.5,1353,233,115,1818,91,3,6.7,128267,19760,169,1601,49666
0.75,389,64,36,559,27,3,1.6,41242,5824,39,502,15051
2,1055,162,125,1421,66,6,5.5,107587,14166,101,1412,37861
2,1030,211,90,1393,67,6,5.4,115677,15031,112,1295,40524
1.5,721,153,94,1027,52,6,3.3,86175,11079,93,930,29659
1.25,605,101,76,879,46,3,2.6,68453,9070,65,771,25200
1.75,929,155,99,1295,63,4,3.4,94870,13677,117,1100,35245
1.75,800,189,76,1200,61,4,5,102828,13266,119,1157,34529
0.75,357,68,41,552,25,4,1.5,40572,5266,46,517,14690
0.5,287,41,30,376,16,4,1.3,25201,3848,25,350,9500
2.5,1082,240,149,1791,89,3,7.4,144433,17253,138,1719,47309
2,1034,190,121,1403,73,5,4.2,106555,14625,101,1383,40189
2.5,1064,223,155,1887,92,3,5.2,128137,18146,156,1749,50121
1.75,831,167,96,1241,64,6,3.6,96146,13263,117,1192,34682
2.5,1102,216,138,1744,87,6,5.6,145355,17069,165,1577,49572
1,438,97,65,754,37,3,2.7,50841,6954,59,603,19585
1.5,831,169,60,1026,49,4,2.9,76709,10950,79,902,28254
0.5,236,49,25,349,18,3,1.1,29012,3992,29,324,10212
1.25,695,115,62,947,41,4,3,69132,10142,77,835,23978
1.75,868,153,110,1213,60,5,3.7,99880,11995,97,1112,33649
0.75,376,83,37,571,25,4,2.2,39537,5514,46,465,14270
1.25,724,106,76,906,39,3,2.9,70647,9763,64,875,25410
2,1072,199,110,1472,68,5,3.8,111066,14513,110,1232,37957
0.5,225,51,28,342,16,4,1.1,28354,3903,26,311,9573
1,566,97,43,728,37,5,2.3,50229,8008,56,632,20348
2.5,1173,219,120,1867,89,4,6.3,143588,20228,156,1578,50863
2.5,1262,224,137,1905,81,5,5,145536,19822,125,1749,47076
1.5,697,171,88,1022,53,5,3.2,86251,11927,76,1028,28353
0.75,315,80,34,540,28,5,2,38153,5927,38,520,14263
3,1294,310,139,2263,97,6,8.8,159691,22604,192,1832,57196
1.25,538,121,66,891,40,6,3.2,71339,9431,64,825,24896
0.5,213,50,29,369,18,3,1.1,28072,3909,33,307,10000
3,1426,309,183,2104,102,3,6.7,172010,22768,199,2045,60154
1.25,545,117,74,860,46,3,2.5,73686,8931,82,766,23847
2.5,1227,232,112,1896,78,3,5.9,137696,18082,142,1607,47045
1.5,836,158,71,1094,55,4,4.1,81495,11296,97,965,30285
2,873,184,117,1526,63,6,5.7,106511,14231,135,1206,40594
0.75,384,69,36,538,25,6,2,40729,5613,47,529,14149
3,1377,251,141,2062,108,3,6,179298,23839,196,1930,59323
2,899,183,116,1433,64,6,4.6,102272,13957,110,1330,40274
0.5,215,40,30,375,17,3,1,28542,3510,32,322,9619
1.5,661,158,79,1116,53,3,3.9,85058,11065,96,990,29749
1.5,866,135,75,1150,49,5,4.2,87699,11298,98,912,30741
1.5,708,148,91,1140,47,3,3.8,85359,10540,78,1049,28764
1,576,112,61,704,33,4,2.7,59259,7686,56,682,19094
2.5,1306,229,148,1772,90,4,5.6,125832,17514,150,1505,50880
1.75,967,194,88,1216,64,5,5.1,90890,13420,93,1200,33185
0.5,287,45,32,384,18,3,1.2,29257,3884,32,327,10220
1,456,81,49,722,34,6,2.4,55463,7525,65,635,19219
0.75,421,63,48,550,26,5,2.1,38453,5265,38,517,14494
1,451,111,52,681,37,6,1.9,55715,7772,51,640,20365
0.75,371,68,37,558,26,6,1.7,40679,5299,50,507,14745
0.5,255,47,27,341,17,5,1.5,29819,3810,30,343,10230
2.5,1146,251,113,1710,90,6,5.5,138622,19624,144,1669,50566
2,975,169,125,1506,64,3,4.4,103723,15571,115,1419,40053
1.5,777,157,68,1037,47,3,4.2,77080,11783,75,1017,29755
1.25,692,114,70,953,40,3,2.4,73435,8726,71,854,25583
3,1566,315,172,2239,98,6,8.1,162755,24179,170,1886,57014
2,1091,223,123,1402,69,4,5.4,108727,16073,133,1340,38847
2,1068,228,108,1400,65,4,4.7,118868,14489,119,1239,37703
2,1145,174,84,1386,73,6,5.4,117599,14903,123,1385,40606
1.75,826,199,96,1266,58,4,5,87572,12252,95,1149,35539
0.5,213,51,22,346,18,4,1.2,26985,3841,33,301,9885
1.75,978,153,107,1243,60,5,4.9,97201,12214,88,1056,33797
1,563,105,63,738,36,4,3,53691,7017,64,676,19417
1.25,618,143,70,931,41,5,3.3,65634,9910,78,791,23763
3,1628,318,190,2151,110,3,5.9,168863,21266,198,1943,58453
1,493,104,61,685,36,4,2.3,51754,7596,68,638,19309
1.5,633,152,90,1141,48,5,4.3,82084,11807,102,953,28602
2.5,1187,245,162,1701,85,4,5.8,128399,18482,162,1605,50626
1.5,813,136,92,1084,47,5,4.1,81432,10770,79,927,29458
1.25,571,130,73,915,44,6,3.7,68878,10067,72,875,24339
0.75,410,68,35,513,27,3,2,37982,5492,48,524,15256
1.5,675,137,67,1043,52,3,3.1,75784,10355,86,973,30402
1,574,100,58,738,35,5,2.6,51293,6893,59,613,20454
3,1496,274,124,2262,110,3,7.7,176931,22828,195,2105,59301
1.5,691,127,77,1093,52,4,3.9,83412,10216,85,998,30085
1.75,914,140,110,1295,58,5,3.8,97521,12324,90,1060,34981
1.5,765,135,86,1123,50,4,4.4,88304,11676,96,1011,28227
1.75,958,194,96,1266,59,5,5,101705,13404,105,1115,34370
3,1300,245,127,2095,110,3,8.6,173375,21826,190,1935,60501
1.75,768,196,104,1343,61,3,5.2,102480,14060,113,1196,35302
2,944,226,122,1485,72,6,4.3,104462,14023,108,1291,39736
3,1542,295,122,2192,99,5,8.6,150458,21426,180,2063,57932
0.75,333,68,37,551,27,5,1.7,44661,5870,45,473,14805
3,1579,309,170,2212,105,3,6,167418,21614,183,2019,59307
3,1639,263,172,2155,109,5,6.3,161463,21800,180,2083,60905
2.5,1204,250,105,1759,91,5,4.9,146462,18672,157,1529,50168
1.25,594,108,72,852,43,3,2.9,62778,8973,68,753,23505
2.5,1432,283,152,1906,87,5,5.7,142842,17478,160,1503,50108
1.5,744,131,92,1036,47,5,4.4,85423,10946,87,943,29500
0.5,244,52,20,344,18,6,1.4,29893,3882,28,349,9917
2,1012,180,128,1530,64,6,4.3,101681,14055,111,1392,39820
1.5,693,141,96,1044,51,3,4.3,83750,10854,79,956,29428
0.5,229,54,31,358,16,6,1.3,27485,3490,32,301,9845
2.5,1300,280,130,1837,81,3,6.7,131762,19427,125,1538,48713
1.25,558,135,66,874,46,5,2.7,71763,10226,77,815,24973
0.75,393,67,35,536,28,4,1.7,38264,5864,40,474,15179
1.75,841,190,101,1253,64,6,3.7,100523,14200,114,1158,34557
3,1555,244,149,2219,99,5,5.7,157714,20941,178,2011,58543
2,1004,160,114,1478,65,6,6,104271,14847,101,1206,39676
1.25,526,114,73,901,42,3,3.1,68456,10162,80,769,24092
1.25,659,108,80,854,43,4,3.5,65017,9766,77,768,25277
2,1100,215,87,1443,68,3,5.7,118711,16299,135,1340,37778
3,1392,253,139,2302,102,6,7,166672,22691,183,1956,59902
2,907,225,124,1449,64,5,3.9,101929,14582,134,1215,39740
2.5,1391,264,109,1764,81,6,7.1,148433,18607,153,1707,49184
1.25,600,143,66,938,42,3,2.9,70168,10054,78,770,24482
1,558,98,45,722,34,6,2.6,54639,7308,64,674,18891
0.5,273,57,24,349,16,3,1,25305,3776,33,350,9961
0.75,416,64,36,523,24,6,2.1,40322,5829,49,455,14872
2,889,192,108,1369,66,5,5.3,104953,15329,103,1350,40667
1.25,637,107,75,890,44,3,3.5,70951,8956,79,759,23910
2,1004,166,83,1438,70,6,5.9,115778,15502,118,1222,38253
0.5,248,51,32,375,17,3,1.4,26894,3995,32,342,9702
2.5,1061,269,119,1788,88,3,7,139933,20047,139,1573,49860
2.5,1300,210,122,1727,80,4,7.4,127538,17735,170,1769,49507
1.5,769,157,80,1106,53,5,4,82131,11779,80,909,29913
0.5,232,54,30,350,18,6,1.1,28502,3655,34,345,9940
1.75,796,195,88,1239,61,3,4.5,88074,14217,105,1165,34017
1.75,764,197,96,1325,64,4,3.6,89463,12801,90,1130,33625
2,973,219,115,1450,66,4,5.1,112242,16065,112,1364,38393
2,1015,162,88,1371,63,4,5.4,116421,15041,106,1261,37684
3,1641,262,188,2254,105,3,7.9,163194,20816,153,1996,57169
1.5,679,143,72,1137,48,5,3.6,87115,11419,96,956,28929
1.75,967,176,100,1219,63,4,5.1,98211,13573,95,1235,34726
1,479,88,65,692,36,6,2.3,59459,7739,68,624,19301
2.5,1056,269,104,1869,88,5,5.8,138004,18699,153,1538,47170
1,488,92,55,695,32,3,2,59012,6916,52,652,20248
2.5,1436,280,140,1772,80,4,5.9,140417,19930,161,1604,47749
2,940,194,121,1456,73,4,5.1,103208,16388,113,1278,40053
1.5,721,163,74,1078,49,6,3.9,79136,11796,79,973,30689
1.75,960,142,107,1244,62,4,5,95058,13944,88,1141,33112
0.5,283,52,21,341,18,5,1.5,27475,4006,26,312,10015
2.5,1420,212,137,1833,92,5,7.2,140631,17695,133,1502,50044
2,978,181,110,1434,66,4,4.6,117302,16315,107,1393,38612
1.75,796,166,75,1238,57,5,4.3,93492,13743,103,1097,35100
1,433,92,54,751,34,5,2.9,59274,7065,67,649,19264
0.5,234,44,30,364,18,6,1,28189,3525,28,355,9725
3,1632,313,147,2097,110,6,6.1,173547,23330,182,1976,59752
0.5,237,54,27,373,18,3,1.5,26429,4034,30,339,9539
2,886,207,90,1414,73,3,5.7,102562,16259,108,1320,37763
1,575,112,49,735,33,6,2.8,55153,8056,67,658,19632
1.25,564,111,61,901,43,3,3.3,73986,9145,82,811,25389
1.5,812,127,84,1094,55,5,3,79221,11898,81,953,28405
3,1618,320,138,2104,109,5,8,163784,23883,161,1861,57835
1.75,770,153,102,1320,61,6,4.8,89600,12586,100,1115,35477
0.75,394,74,48,542,26,6,2.1,42908,5588,42,528,14281
1.5,730,128,89,1143,51,3,3.9,87647,11259,97,901,30151
0.75,352,81,47,553,26,4,1.8,39641,5678,47,494,14779
1.25,604,114,56,871,40,3,2.5,68800,8543,83,763,25066
0.5,222,48,30,380,18,5,1,28157,3593,32,311,10022
3,1679,338,183,2074,97,5,7.8,175674,20856,182,2077,61096
1.5,631,152,66,1065,52,4,2.9,86633,10214,76,1002,29902
0.75,409,81,35,554,25,5,1.5,39835,5721,39,481,15174
1.75,980,190,78,1343,57,6,4.8,98143,13920,109,1140,35577
1.25,651,106,76,883,41,3,2.4,71354,8934,64,859,25448
3,1402,270,167,2239,97,6,7.7,172006,21076,198,1862,58145
1.25,553,127,58,886,44,5,3.1,64929,9162,77,848,23992
1.75,883,185,107,1209,56,5,4.7,98091,13404,94,1124,35869
0.5,243,52,26,374,18,4,1.5,28065,3619,30,305,9753
1.25,605,107,68,918,40,3,2.7,71871,9660,63,827,25140
1.25,643,140,56,867,41,6,3.6,73420,10173,74,795,23969
2.5,1204,280,158,1723,78,3,6.9,129403,19488,144,1703,50070
0.75,412,85,46,515,28,6,1.5,43970,5661,44,469,14765
0.75,390,69,38,532,26,4,1.7,37943,5527,45,453,14965
0.75,377,82,48,543,27,6,1.8,38256,5294,42,496,14923
1.5,831,121,83,1119,50,6,3.1,84362,10386,80,1057,30500
3,1435,263,181,2179,108,6,6.7,169801,21056,151,2098,58497
2,843,185,94,1403,70,5,5.7,116662,16078,129,1350,39841
1,560,104,50,728,37,3,2,57076,6917,55,612,19285
0.75,384,84,34,563,25,6,2,42534,5430,44,497,15218
0.5,211,49,26,383,18,4,1,27826,3799,26,344,9426
2.5,1242,268,159,1880,92,4,5.1,147545,20347,170,1772,47347
3,1705,342,126,2187,110,3,8.1,150406,20773,194,2119,59528
3,1639,318,172,2293,110,6,6.9,177952,23675,180,1836,56587
0.75,337,80,46,562,28,4,2.1,39697,5900,50,483,15099
2,1120,195,111,1453,69,6,3.8,119117,13937,121,1334,37974
2.5,1374,206,141,1746,84,3,5.4,143354,20241,168,1752,50311
0.5,278,44,27,342,17,4,1.4,29031,3612,32,344,9699
1.75,993,178,88,1195,56,5,4.3,91936,14269,107,1181,35484
0.5,274,44,24,363,17,4,1.2,27635,3747,26,306,9706
1.25,703,143,72,875,45,3,3.3,63990,8832,64,846,24326
1.25,618,144,55,934,40,4,3.1,65569,8840,68,883,24978
1.25,721,126,69,948,46,6,3.3,68351,9107,65,800,25052
2,960,164,109,1422,65,6,4.3,108530,16194,111,1394,37975
1.5,841,151,92,1086,48,3,3.5,84972,10344,89,991,30735
1.5,800,150,77,1114,47,3,4,89417,10277,91,902,29663
0.5,240,54,25,361,16,5,1.4,25652,4031,25,342,9980
1.5,703,162,69,1124,51,6,3.3,79361,12127,84,997,28348
1,546,100,41,703,36,4,2.5,57023,7992,52,625,18808
3,1295,306,142,2060,107,5,6.4,166705,21898,161,1846,57259
0.75,358,64,34,538,25,3,1.7,40513,5558,45,463,14874
2.5,1274,237,147,1809,86,6,7.3,140255,18163,149,1557,47140
3,1406,255,127,2302,99,3,7.1,173625,22904,152,1896,61382
1.5,715,132,67,1066,53,3,3.2,77997,11796,92,1063,29532
0.5,277,54,26,345,18,5,1.4,29030,3559,31,325,10138
2,984,208,124,1482,73,6,4.4,108000,15636,124,1222,38972
1.5,843,122,96,1112,47,6,4.5,88278,11989,96,932,30661
3,1455,262,158,2201,94,5,7.7,162509,22652,192,2028,61469
0.5,288,43,32,347,17,4,1.3,25111,3725,26,321,10225
2,1119,216,119,1503,71,3,3.8,105472,16013,126,1302,40319
3,1651,341,171,2093,111,3,6.1,160367,20919,154,2021,57525
3,1350,243,148,2294,108,3,6.8,152047,20864,184,2117,56826
2,1055,174,115,1409,62,6,6,113600,16366,102,1242,37783
2.5,1413,274,161,1749,89,6,5,135676,18979,136,1732,47443
2.5,1205,220,158,1886,81,5,4.8,131377,18828,130,1652,48149
0.5,232,44,27,342,18,3,1.1,25444,3539,28,323,10188
1.25,570,134,64,887,44,6,3.6,69642,8595,63,770,25074
0.5,246,46,21,356,17,6,1.2,29986,3862,28,331,9502
1.5,855,120,91,1074,54,5,4.5,78009,11736,80,921,29139
1.75,794,169,82,1229,55,4,3.9,91130,14113,114,1153,33874
1.25,674,110,80,898,43,5,3,65567,10075,83,866,24455
1.75,952,174,73,1243,58,5,3.5,104573,13938,103,1217,35532
0.5,230,49,27,373,18,5,1.5,28593,3956,28,323,9530
1.5,846,137,78,1140,48,6,3.6,79459,11541,89,1026,29651
1.25,550,122,74,931,43,3,2.9,62841,8530,78,877,25199
3,1386,342,151,2064,100,3,7.9,157560,23765,199,2047,57456
3,1480,323,153,2123,97,6,7,155876,22202,183,1870,59070
0.75,407,66,34,565,27,3,1.5,42440,5449,41,509,14795
1.25,680,123,76,949,41,4,3.6,70477,8865,76,797,23654
0.75,375,84,41,512,27,4,2.2,40456,5192,41,467,14226
0.75,331,73,35,531,25,5,2.1,38424,5626,43,479,14873
1.75,954,183,105,1265,59,4,3.7,95428,14191,99,1171,33821
1.25,529,105,81,946,39,4,2.8,64462,9780,66,843,24303
3,1450,284,143,2299,95,6,6.8,177601,24091,165,1853,57463
2.5,1277,276,136,1735,89,6,6.9,145256,17603,139,1660,47705
2,842,217,82,1462,64,6,4.4,117380,15730,132,1226,40599
2.5,1383,243,149,1835,90,5,6,147909,19379,152,1758,48450
2,918,212,127,1531,65,6,4.6,102272,14917,120,1336,37809
0.75,377,71,32,549,26,3,2.2,43086,5710,38,511,14189
3,1623,241,147,2163,101,5,6.1,172071,23818,153,1811,57353
3,1372,281,162,2256,94,4,8.3,163647,22495,192,1822,60804
1.5,834,128,69,1134,53,3,4.2,84473,10283,91,1060,29016
0.5,216,52,31,351,18,6,1,28660,3654,31,309,9486
2,869,228,108,1500,63,6,5.1,101530,16208,118,1343,38637
2,1039,203,111,1394,73,6,3.8,111582,14504,111,1232,38231
2.5,1354,229,148,1744,91,5,7,137730,18521,144,1516,48580
1.5,687,168,97,1092,54,3,3.5,76926,10616,86,1039,30060
1,446,86,46,734,31,6,2.6,51898,7649,67,631,19756
1.5,842,144,85,1101,51,6,3.7,75423,10807,78,949,29621
2.5,1402,234,146,1894,87,4,7.2,146207,18082,156,1547,49110
1.25,575,125,76,931,46,6,3,73324,9622,78,836,23802
3,1526,280,173,2154,108,3,7.4,170022,23775,171,2019,60173
1.75,852,140,88,1260,59,3,3.6,97068,13763,92,1144,33124
0.5,255,56,23,356,17,3,1,27780,3494,32,304,9412
3,1308,324,154,2212,105,4,8.9,179764,22892,162,2090,59302
1.75,975,157,105,1267,58,4,5.2,91791,13686,104,1205,35386
1.5,733,146,85,1062,54,4,3.9,82495,11234,88,1057,29569
1.5,835,131,67,1054,54,3,3.3,85025,10895,92,996,28859
2.5,1164,261,140,1710,83,3,5,142933,19227,132,1749,50836
0.5,258,54,32,358,17,3,1.4,29031,3760,26,352,9508
2,897,191,108,1417,67,4,5,116852,15654,116,1336,40117
3,1509,243,187,2074,100,4,6.1,160451,21847,161,2111,60329
2.5,1399,213,110,1905,92,5,7.1,145346,17984,164,1741,47935
2,855,200,101,1501,63,3,3.8,112985,14139,102,1335,38393
1.75,910,190,94,1250,62,6,5,100122,13768,91,1052,34927
1,534,109,62,748,32,4,2.7,51882,8138,56,642,19042
3,1569,303,124,2291,101,6,6.3,171826,22245,193,2004,56424
3,1273,324,192,2227,109,4,7,171781,22069,174,1885,61248
1.5,821,164,97,1100,48,3,3.2,87502,11157,101,995,29242
1,556,96,40,688,36,5,2,56784,6820,59,646,20435
1.75,877,170,93,1276,55,4,4.6,89222,14213,104,1232,33833
1,477,104,60,759,32,5,2.4,52280,7011,54,649,19501
2.5,1167,275,133,1706,86,6,6.8,139574,17315,153,1630,50778
2.5,1157,258,104,1860,90,4,7.2,142701,18967,130,1707,50056
3,1387,241,139,2299,108,6,8.9,178175,21161,160,1856,56938
1.25,716,117,80,864,40,3,3.2,69257,8963,79,759,25523
3,1327,336,151,2162,98,4,7,157525,20691,183,1875,58472
0.5,247,42,26,359,17,3,1.4,25037,3709,34,329,9501
1,557,94,60,738,32,4,2.9,59642,6920,61,615,19852
1.5,774,131,67,1076,54,6,3,82549,11486,78,1056,30612
1.25,554,143,78,935,43,5,3.7,67654,8584,71,776,25088
0.5,285,51,30,375,17,6,1.2,26956,3967,31,316,9649
1,439,109,50,742,33,6,2.3,51699,7586,66,609,19202
2.5,1154,250,124,1761,90,4,7,137378,19622,141,1635,50755
0.75,430,76,32,552,27,5,1.6,42278,5512,41,456,15189
1.25,611,127,75,936,45,3,2.9,66305,9837,80,869,25031
3,1398,280,133,2240,97,5,8.5,168316,23707,151,1868,57085
1.75,877,200,85,1201,58,5,3.7,96215,12526,100,1097,34885
0.5,211,48,32,373,17,6,1.2,28219,3770,26,303,10176
0.75,319,70,37,554,23,6,1.7,40706,6016,42,501,15240
2,962,166,90,1474,71,6,5.5,107587,14994,107,1238,39183
1.25,539,116,81,941,41,6,2.9,73644,8519,74,757,25541
1,424,114,65,717,34,6,2.6,51530,7056,50,659,19029
1.5,774,126,67,1084,55,3,3.1,83216,10587,88,945,29998
2.5,1080,224,130,1895,85,3,6.7,144589,19093,160,1502,49015
0.75,418,64,45,559,24,6,1.9,38716,6071,45,456,14348
0.5,272,50,22,344,17,6,1,29716,3483,33,312,9546
1.5,846,143,91,1089,47,5,3,80965,11818,76,935,28602
1.75,856,174,99,1280,60,5,5.2,91287,13338,92,1066,32925
3,1394,251,138,2300,106,4,8.8,151638,20666,204,1812,61450
0.5,234,40,27,366,18,3,1.4,25847,3687,28,332,9477
1.5,751,146,63,1076,52,6,3,83843,12052,90,1019,30260
1,552,106,65,720,35,5,2.4,59788,7370,66,636,20223
1.75,743,155,81,1321,63,4,4.1,102839,11924,99,1176,34262
3,1499,241,147,2163,98,3,8,166536,21513,176,2038,58203
1.5,867,162,95,1052,50,5,3.7,82580,10695,76,977,30209
1.75,879,178,72,1250,60,3,5.1,100382,13356,88,1187,33671
1.25,691,111,67,903,45,3,2.6,71204,10057,68,782,23903
0.75,366,78,32,524,27,5,1.5,40968,5817,38,507,14975
1,439,89,42,767,35,6,2.8,55904,6849,59,639,19477
0.75,348,64,34,545,25,6,2.2,44602,5630,38,467,14930
0.5,232,52,20,363,16,6,1.4,28466,3453,28,351,10207
0.5,257,57,27,354,17,4,1.4,29950,4082,31,355,9600
1.5,869,123,87,1078,53,6,3.6,81573,10757,75,904,30574
1.25,701,129,65,855,46,3,3.3,68714,8908,77,802,23970
0.5,271,49,31,377,16,5,1.4,28491,3682,31,303,9932
1.25,634,114,70,854,40,3,3.7,70673,8775,72,802,24030
1.75,827,163,109,1210,60,6,5.2,101061,12893,118,1136,33924
0.75,351,77,35,543,27,4,1.8,38607,5123,45,469,14394
2.5,1245,239,141,1838,78,5,7.1,148815,19656,152,1673,49070
2,904,192,98,1374,72,6,4.6,116767,15614,127,1410,39813
3,1720,274,167,2257,100,3,7.6,153430,23945,172,1803,57465
1.5,779,128,97,1078,55,5,3.7,88052,11357,75,1044,29136
1,509,87,41,704,35,6,2.5,59774,7632,58,667,19531
0.5,249,55,23,362,16,3,1.5,27122,3636,33,304,9776
0.5,256,52,21,363,16,6,1.1,25636,3939,32,313,9687
0.75,347,79,33,547,26,4,2.2,42228,6111,39,476,15265
1.5,699,144,63,1111,47,6,3,84986,11858,102,939,30588
1.75,859,179,101,1339,56,4,3.4,95889,14279,99,1168,33902
2.5,1222,240,114,1843,78,6,6.1,131817,19110,166,1624,47461
1.25,534,123,76,882,45,4,3.3,73105,10046,76,840,24873
1.5,636,127,70,1124,47,4,3.3,80398,10987,91,985,29485
1,569,110,47,763,36,6,1.9,55733,7226,58,697,20251
1.5,802,165,67,1045,52,3,3.8,78753,11288,87,1004,29526
1.25,526,115,72,881,41,3,2.9,62504,9863,79,757,23617
0.5,215,48,27,377,16,6,1.1,25654,3884,31,346,9516
1.75,968,188,112,1278,56,5,5.1,99390,12356,94,1052,35543
2.5,1370,282,116,1719,80,6,4.9,131662,17764,169,1637,48791
3,1705,345,183,2154,98,3,8.2,165808,23788,162,1890,60728
3,1291,318,157,2202,96,3,6,177713,23999,194,1826,58043
1.25,642,128,72,889,43,5,3.3,68599,8982,73,806,23899
0.5,286,44,20,347,17,6,1.3,25379,3822,30,347,9615
2,971,169,105,1416,71,6,5.4,102246,13975,109,1293,39553
1.75,832,175,100,1221,63,3,4.2,88118,13503,119,1120,34806
1.5,757,122,81,1140,47,3,3,88155,10527,101,1013,28549
1,546,99,63,698,33,5,2.9,56559,6863,58,628,20398
0.75,333,67,43,516,24,6,2.2,42132,5442,49,471,14143
2,922,176,88,1393,68,3,4,114487,16359,104,1283,40677
2,846,206,122,1404,63,3,5.7,111596,15869,123,1303,39008
0.5,257,48,31,355,18,5,1,26558,3438,31,316,9816
0.75,434,63,46,558,26,3,1.9,44845,5776,48,487,14720
1.75,830,144,110,1199,63,6,3.5,98036,13926,111,1157,34877
0.5,236,41,24,349,18,4,1.3,27207,3461,33,310,10029
2,1137,160,125,1373,66,4,5.6,101029,15690,111,1317,40685
3,1502,282,172,2127,99,3,6.4,168174,20551,170,1933,57248
0.5,218,51,28,374,16,6,1.3,27296,3867,28,321,9914
1.25,598,123,69,876,45,4,2.5,67701,9339,77,778,25181
1.75,947,171,102,1331,61,6,5.1,102727,13369,94,1202,32952
0.5,241,41,26,363,18,3,1.2,25351,3908,29,322,9616
2.5,1100,240,101,1815,85,5,6.4,141663,17133,157,1646,48006
1.5,689,140,97,1146,54,5,2.9,78260,11771,97,921,30301
0.5,216,43,27,345,18,5,1.2,25196,3866,33,331,10084
1.5,711,170,79,1038,53,4,3.4,80008,12191,88,1051,28472
1,560,81,48,768,35,3,1.9,59428,7677,65,636,20171
3,1451,319,193,2162,107,4,8.9,157890,23550,169,2083,61453
0.75,336,86,36,532,25,4,2.2,37555,5508,51,455,15173
2,918,182,94,1497,68,6,4,116763,14734,127,1343,38200
0.75,414,85,33,552,25,5,2.1,41935,5540,44,502,15253
2.5,1174,255,147,1767,85,4,6.2,147792,17205,129,1620,50286
2.5,1273,235,129,1854,83,3,5,145179,19328,168,1643,48197
1,481,112,59,734,37,6,2.3,55943,6921,54,676,19290
1.5,811,152,84,1039,52,5,4.4,87253,10242,101,1049,30672
1.25,546,127,64,866,42,4,3.1,71894,9630,71,827,25279
1.75,876,157,84,1225,55,4,5.1,104246,14171,99,1090,34491
2,1159,172,83,1423,69,3,4,106244,15955,113,1405,39645
2,1079,196,124,1488,72,6,5.1,110094,14620,129,1268,39428
1,561,88,48,764,33,4,1.9,59863,7648,62,696,20330
1.75,878,187,83,1281,62,6,4.9,89570,14275,99,1085,33786
1.75,865,197,86,1230,57,5,3.9,88800,12091,111,1175,34510
0.5,259,42,20,366,18,4,1.2,27025,4010,29,342,9776
1.25,629,116,60,862,41,3,2.5,73034,9352,75,791,25297
2,922,168,117,1506,71,4,5.9,114852,16051,107,1230,37984
2,907,184,84,1455,63,6,5.7,116655,15164,132,1219,40182
1,465,92,54,703,32,3,2.2,51867,7793,64,634,19666
1.5,688,172,71,1071,55,4,3.2,79708,10331,83,1029,30292
1.75,870,157,73,1211,61,3,4.4,102152,12680,97,1148,33621
2.5,1093,268,131,1902,84,3,6.2,145444,17583,150,1636,50422
1.25,635,139,63,888,44,4,2.9,73983,9256,63,857,24502
3,1569,243,146,2222,105,3,7.7,170018,23761,164,2060,59547
1.25,573,118,65,921,43,4,3,72184,10152,79,837,23540
2.5,1310,242,156,1906,83,3,6.3,129427,18060,154,1627,49184
1.25,604,122,67,896,46,3,2.6,72077,9117,71,761,25384
1.5,739,146,81,1105,54,3,3.6,89679,11040,89,939,28667
2,953,162,81,1515,72,4,5,105583,15342,115,1232,37979
1.25,575,136,79,912,41,5,3.5,64228,8860,79,871,25097
2.5,1320,275,136,1827,79,5,6.1,145284,19480,139,1682,48379
0.5,261,43,30,381,17,3,1.1,26001,4062,32,328,9866
1.75,824,190,100,1262,64,3,5.1,93176,13463,102,1188,35523
3,1614,317,163,2041,106,6,8.6,158977,23155,175,1992,59343
2,843,219,83,1468,73,6,5.4,110630,15292,118,1341,39151
1,483,81,46,727,34,5,2.8,57176,8189,64,625,20473
3,1468,341,154,2077,93,4,7.4,153448,22187,197,2009,57824
1,562,94,56,745,35,5,2.5,52444,7643,51,705,19364
2.5,1148,234,135,1890,83,4,6.2,147424,20256,154,1615,47941
0.75,346,76,43,561,25,6,2.1,42890,6093,40,519,14305
1.25,630,122,54,887,40,4,3.2,72008,9376,82,841,23975
1.5,733,164,65,1033,55,4,3.9,80294,10234,76,1005,30319
3,1711,317,138,2145,106,3,7.9,157053,24371,167,1844,58004
0.5,278,49,25,374,18,3,1.3,27747,3864,31,341,10034
2.5,1418,259,151,1710,82,3,5.2,137347,17552,141,1710,48589
3,1266,256,149,2227,102,4,7.6,178407,24480,188,1902,59926
3,1438,324,188,2048,109,6,7.4,169591,22482,185,2125,60532
0.5,234,55,22,353,16,5,1.3,25621,3748,29,311,9887
1.75,867,184,87,1244,60,4,4.3,89719,12709,102,1144,35792
0.75,431,64,38,514,27,6,1.8,40876,5935,38,481,14854
0.75,394,69,31,539,28,6,2.2,39225,5698,40,457,14433
1.75,1012,151,104,1260,57,3,3.5,103474,12965,104,1115,33217
1.5,689,170,80,1062,52,4,4.5,88695,11568,84,967,28758
1.75,876,193,79,1293,57,3,4.2,99909,13219,94,1073,33315
1.5,668,165,71,1109,54,5,4.2,82141,11575,96,1044,29952
2,1065,193,96,1522,70,5,3.9,114520,14661,136,1405,39856
0.5,281,41,26,353,16,5,1.3,25404,3697,26,318,9415
1,580,92,46,732,34,6,2.9,52173,7873,51,606,20038
1.5,825,138,61,1140,55,3,3.4,75485,12144,97,936,29945
2,1106,168,128,1520,66,6,5.2,116305,14482,103,1348,39086
0.75,350,79,46,554,26,5,2.2,44224,5194,50,465,15019
1.25,708,140,67,867,42,4,3.4,70459,9727,77,858,24998
0.75,432,86,47,561,25,6,1.5,44157,5702,43,468,15003
3,1521,344,125,2217,94,4,6.3,170142,21864,157,2129,57794
1,504,107,49,741,34,6,2.7,53087,7612,65,639,19087
0.75,345,75,43,557,24,4,1.6,44602,5278,48,480,15067
1,509,108,58,712,32,4,2.3,57365,6837,66,695,19855
2.5,1232,267,107,1766,85,4,5.4,130789,20079,158,1699,49921
1.25,581,141,61,867,45,4,2.9,63262,10042,77,872,24391
2.5,1206,286,146,1873,91,6,5.3,125962,19015,165,1548,48024
1,473,94,47,693,34,4,2,52350,7619,58,670,19593
1.75,855,150,78,1289,60,5,3.3,100969,12449,110,1098,35121
0.75,402,84,41,514,25,5,1.5,43917,5682,45,526,15007
0.75,337,67,35,562,25,5,1.7,44211,5174,44,472,14475
2,898,178,92,1503,67,3,4.2,119437,13686,101,1207,39725
2.5,1292,280,120,1825,86,6,6.2,130864,19402,143,1711,50882
1.5,768,121,83,1142,51,5,3.5,83939,10500,83,901,29928
1,445,109,63,767,32,6,3,55848,7148,66,628,20417
0.5,261,55,20,367,17,4,1.4,27897,3415,27,338,9404
3,1522,246,176,2267,100,3,8.7,170165,22449,173,2122,61175
1.5,837,171,60,1104,54,4,3,85280,10496,89,979,30232
2.5,1382,235,102,1765,88,4,5.5,126185,17786,128,1677,48445
3,1647,249,148,2264,104,3,8.9,168035,22521,170,1896,59240
0.75,316,73,43,556,24,5,2.2,44477,5188,44,511,14866
0.5,284,57,23,366,16,4,1.4,26957,3881,30,345,9676
2,1158,189,129,1394,69,3,4.8,109983,16109,122,1370,40152
2,1138,190,114,1441,64,5,4.8,114453,15023,114,1384,39137
1.75,878,172,87,1257,64,3,4.9,98770,12905,99,1190,34450
1,579,101,51,736,33,6,2.9,57460,7026,66,612,20070
2,904,193,124,1436,68,6,4.6,111359,15251,119,1262,37854
2.5,1123,228,111,1717,81,4,6,126763,19181,147,1571,48544
1.75,867,156,91,1291,55,5,5.2,90775,13628,106,1222,34315
0.5,290,52,29,377,18,4,1,27843,3963,30,352,9455
0.5,217,43,30,374,18,4,1,27249,3601,25,336,9767
2,942,212,110,1428,64,5,5.2,119107,15309,126,1206,40031
2,892,172,113,1378,66,6,4,114862,14329,107,1410,38731
1.75,955,179,92,1331,60,5,4.6,103327,12145,102,1152,33813
1.5,817,141,90,1039,49,3,4.4,75322,11260,96,905,29147
1.25,602,121,61,914,40,5,3.1,69066,9795,81,876,24331
2,890,200,84,1528,65,5,5.1,119372,14522,118,1395,37622
2,903,198,129,1374,68,3,4.2,102537,14583,120,1278,39389
1.5,792,167,69,1035,53,5,3.1,88637,12141,81,1057,30262
1,449,108,49,693,34,3,2.3,52876,7829,64,700,19079
1.75,748,149,111,1199,59,5,3.9,103958,13627,98,1239,33834
1.5,704,129,67,1110,55,4,3.1,84024,12008,85,968,30380
0.5,263,46,26,352,17,4,1.1,28663,3690,31,320,9500
0.5,239,55,27,365,16,6,1.4,29637,3597,34,337,10214
2,901,165,96,1464,72,5,6,118981,15248,101,1201,38819
2,873,168,120,1506,67,5,4.8,111101,15846,111,1371,38665
0.5,283,53,21,353,17,6,1.1,27451,3541,28,318,9900
0.5,228,57,30,355,18,5,1,27403,4075,27,330,10030
2,864,169,105,1429,63,6,5.3,115719,15902,117,1293,38546
3,1391,244,126,2287,109,6,6.2,154632,22159,161,1965,58278
0.5,282,48,29,374,16,4,1.3,26802,4086,29,353,9719
0.5,246,51,25,340,17,6,1.1,28557,3491,33,343,9704
1.5,679,136,93,1137,49,5,3.4,82941,10972,80,937,28385
0.75,319,85,31,564,26,6,1.7,43962,5784,49,475,14932
1.25,659,136,80,871,45,6,3.3,73828,8909,65,757,25451
2,913,172,109,1462,65,6,5.4,113570,14710,113,1229,37643
0.75,363,64,44,562,24,5,1.5,43125,5989,47,471,14872
0.5,283,40,28,365,18,4,1.3,27480,3483,34,354,9881
1.75,842,193,112,1226,58,6,3.8,90537,12910,105,1111,33956
2.5,1351,207,139,1919,87,4,5.8,145997,19101,154,1524,48861
1,500,88,62,696,32,4,2.2,52804,7661,67,623,19183
2.5,1060,224,136,1750,88,6,6.9,135517,19976,141,1595,49546
2,1080,160,124,1360,68,5,4.2,118150,13908,111,1313,38740
1.5,641,166,89,1110,50,3,3.6,78718,10539,99,978,28497
1,444,85,42,694,31,3,2.9,51038,7752,55,696,19425
2,944,198,130,1389,70,4,5.5,110978,14320,107,1276,40212
1.5,799,138,97,1119,48,3,3,75728,10230,82,1025,28937
3,1512,298,155,2044,103,3,8,170671,22730,197,1941,59474
1.25,714,127,81,862,45,6,2.9,66543,9600,74,817,23896
2,860,171,122,1474,62,5,4.5,102299,15911,108,1362,38861
1,519,105,64,714,32,5,2.4,53219,6964,53,628,19585
0.75,402,75,41,540,25,3,2.2,38193,5117,39,494,14707
2.5,1285,238,118,1765,88,5,6.8,141064,20221,138,1758,51102
0.75,333,85,46,539,25,5,2.2,44153,6006,40,530,14867
1.5,730,156,89,1052,48,4,3.6,76548,10611,78,1060,29919
0.75,360,63,38,531,28,6,2.1,40292,5686,46,477,14898
0.75,320,70,39,545,26,4,1.5,41676,5902,49,453,15051
1.75,800,149,73,1220,56,3,4,97001,13165,90,1242,35009
0.5,279,46,23,365,16,6,1.4,28954,4077,32,346,9485
2,1064,167,85,1501,70,3,5.3,104558,14652,124,1301,37681
2.5,1210,225,119,1769,88,3,6.3,145935,20175,157,1744,48504
2.5,1193,253,135,1814,81,4,5,135629,17694,130,1700,48580
0.75,387,62,31,574,25,6,2,41867,5438,47,476,15355
1,531,100,65,724,36,4,2.9,55839,7877,62,696,19862
1.5,743,126,92,1116,49,4,3.3,79230,12065,89,1023,30378
2,1149,184,126,1505,64,3,4,118923,15198,128,1376,39585
2,1147,229,106,1495,67,3,5.2,116695,14581,121,1294,40647
0.5,285,45,31,341,17,3,1.4,26302,3575,33,308,9481
1.5,658,147,72,1145,54,5,3.8,87804,11208,90,1044,30229
1.75,979,155,94,1275,63,6,5,89159,13944,117,1205,33510
2,1048,179,108,1419,68,5,5.5,100339,15954,127,1253,39503
2.5,1405,220,161,1780,86,5,5.1,140631,17716,137,1637,48692
0.5,269,43,22,377,18,3,1.3,28400,3672,29,344,9538
1,550,101,65,710,34,5,2.5,59248,8181,50,614,20305
1.75,982,169,92,1324,59,6,3.7,104873,13122,114,1218,33786
0.5,234,46,30,351,18,6,1.3,29588,3922,26,348,10185
1,546,87,47,758,36,3,2.4,57055,7338,53,661,19454
2.5,1098,250,106,1757,79,4,6.8,138063,17003,160,1665,50153
0.75,325,83,40,572,27,5,2.1,41297,6113,47,461,14649
1.75,931,173,74,1323,55,6,4.8,100742,13015,93,1199,32950
0.75,366,61,31,534,24,5,1.9,37903,5358,50,504,14171
3,1695,331,174,2064,93,6,7.6,175139,22998,202,2074,56930
1.5,718,126,62,1104,51,5,3.3,87919,11048,82,952,30314
2,941,192,96,1500,69,5,4.8,104461,16130,120,1226,38425
0.75,319,68,39,512,26,6,2.2,44566,5189,39,473,14417
0.75,433,85,30,559,25,5,2.1,44315,5236,38,463,14186
1.75,931,180,94,1260,57,3,4.2,93491,12459,118,1161,34124
2,1086,164,121,1526,73,4,5.3,102595,16135,128,1357,39842
1,527,96,43,695,32,5,2.4,59493,7672,51,661,20290
1.75,852,143,99,1309,55,3,4.2,99767,13136,117,1222,33127
1.25,549,119,75,897,40,5,3,72011,9936,81,835,24990
0.5,242,47,26,361,17,6,1.3,26849,4013,32,313,9989
1,567,96,55,753,36,6,2.7,51895,7818,55,709,20345
1.5,836,151,97,1061,54,6,3,78439,10906,76,902,29673
0.75,369,71,48,529,27,6,1.9,40684,5358,48,463,14387
1.5,806,128,84,1076,50,3,3.1,78782,10539,84,1063,30414
1.5,777,165,76,1066,47,6,3.3,84255,11464,96,980,28353
2,1115,180,86,1378,73,5,6,104759,14910,132,1285,38473
1.25,607,102,54,913,40,5,3.7,63532,8984,84,885,24157
1,445,97,51,717,34,3,2.7,51960,7573,66,672,20433
1.25,546,132,59,899,44,6,3.2,65259,10081,63,773,23610
3,1359,316,147,2118,110,4,7.3,153293,24166,191,1933,56735
1.25,644,133,70,887,41,5,2.7,63808,9243,75,800,23738
0.75,350,83,42,575,24,5,1.6,44916,5833,50,523,15240
1.5,737,166,97,1091,55,6,3.8,77255,11340,84,908,28709
1.5,645,132,77,1093,49,6,4.1,86793,10828,99,914,28538
1.75,981,179,80,1288,61,6,4.6,92743,12875,95,1144,35237
2,1090,190,129,1482,68,6,4.5,107813,15944,105,1365,40093
3,1304,302,178,2176,102,4,7,165674,22082,198,1996,57836
0.75,337,77,39,545,24,6,1.9,38678,6082,40,491,15166
1.5,686,135,67,1069,54,6,3.3,79976,11739,87,927,29977
2.5,1138,222,117,1880,91,5,5.7,142874,18140,138,1745,50400
2.5,1189,213,133,1749,83,3,7.1,129856,20253,161,1759,47219
1.25,640,135,55,869,43,3,3.1,67648,9426,65,800,23845
2,888,223,94,1505,72,6,5.4,100725,15748,122,1227,39694
1.25,571,137,74,862,40,4,2.8,63814,9766,67,784,24693
2.5,1345,279,150,1800,87,5,5.2,137637,18423,163,1587,47649
2,852,179,128,1521,74,5,4.4,113276,16160,126,1411,37784
3,1530,331,163,2258,105,6,7.4,170480,22471,171,1969,58423
1.75,998,198,70,1306,56,6,4.3,91802,13575,100,1215,33306
2,1015,164,126,1364,63,6,4.9,112343,13771,135,1268,39895
2.5,1224,221,151,1825,81,6,5.8,149635,17539,155,1718,47157
3,1435,338,122,2219,108,3,6.2,161812,21980,161,1823,59886
1.75,932,151,89,1296,59,6,4.3,101370,13794,97,1168,34250
3,1464,309,127,2145,93,4,7.8,169199,24114,167,2071,60339
3,1284,299,153,2089,95,4,6.6,159701,21128,173,1963,61363
3,1499,278,125,2102,101,6,7.6,161918,24039,172,2089,58450
0.5,216,49,27,380,16,5,1.1,27074,3942,30,326,9420
1.5,828,169,65,1073,54,6,2.9,86724,11293,88,975,29395
0.75,413,80,31,518,27,4,1.6,43149,5109,38,473,14575
2.5,1397,212,126,1897,92,3,6.5,129925,18699,133,1558,50348
0.75,345,69,41,551,26,5,2.1,42548,6139,48,529,15363
1.5,639,137,73,1149,54,4,4.1,84638,11875,77,910,29657
2,966,192,109,1449,67,6,5.6,102762,16109,133,1217,40564
1.5,717,162,90,1105,50,6,3.2,88254,10456,89,911,29685
0.75,433,63,34,563,26,3,2,38555,5247,46,460,14758
3,1352,248,130,2275,101,3,7.6,173693,23655,153,1833,61216
0.5,238,41,24,352,16,4,1.3,25266,4021,26,305,9846
3,1540,245,156,2164,108,3,6.1,171375,20538,164,1921,61081
1,460,112,42,719,32,5,2.2,52661,7900,59,624,19817
1,474,85,50,726,36,3,2.4,52306,7233,64,621,19582
0.75,405,65,37,535,27,3,1.6,39522,5106,38,456,14309
2,900,205,118,1475,63,4,5.8,117026,14845,118,1311,38458
2,908,177,101,1495,73,3,4.5,109801,13909,121,1392,39334
2,1047,182,112,1451,64,4,5.5,115572,15047,131,1257,38579
1.25,600,121,79,859,46,3,2.4,63861,9115,71,827,24603
2,981,185,115,1360,63,3,5.2,115825,16394,112,1336,39851
2,1055,184,88,1362,62,4,5.9,115036,14372,121,1315,39725
1.25,543,134,55,917,43,3,3.5,71072,9804,70,800,25499
2.5,1430,236,109,1888,82,5,5.2,145581,17125,156,1739,48929
0.5,236,45,26,372,18,4,1.2,29350,3598,26,302,9804
3,1487,255,169,2133,105,3,7.7,167789,23776,203,2074,58941
1.25,584,141,67,856,40,3,2.6,73789,9217,72,860,24434
2.5,1388,214,109,1903,82,5,6.6,131534,19597,165,1547,51125
1.25,695,142,58,876,40,3,2.5,72030,9502,71,784,24445
1.75,797,173,94,1201,56,3,4.3,94134,13509,93,1222,33397
0.5,253,52,23,348,17,4,1.3,28805,3592,33,316,10162
2,1142,203,104,1467,63,3,5.7,100676,13842,119,1323,39466
1.75,968,168,103,1298,58,6,3.8,97354,11922,92,1059,35393
0.75,371,66,32,533,27,4,2.2,37979,5999,44,520,15043
2.5,1064,276,116,1762,78,6,6.7,141528,20095,128,1521,47489
0.75,358,84,44,556,25,4,1.7,38287,6024,39,488,14266
1.5,793,157,63,1030,50,6,3.8,76606,11559,79,984,30263
1.75,810,195,96,1248,63,5,4,100325,12142,109,1221,33609
0.75,424,79,32,517,24,4,1.6,42134,5941,39,527,15325
1,539,108,57,720,34,4,2.4,58667,7144,67,611,19842
0.75,403,80,38,514,24,6,1.9,40146,5154,41,487,14146
1,427,94,64,725,33,5,2.3,53174,7662,65,667,20291
1.75,976,199,71,1252,60,6,4,102913,14146,100,1167,33614
2,1050,230,120,1529,74,4,5.4,115533,15840,122,1208,39668
1.75,949,186,79,1220,64,6,3.8,104904,13254,112,1132,35100
1.25,640,105,53,952,46,5,3.5,62690,9766,78,852,24291
0.75,332,80,38,524,24,4,1.7,40617,5753,46,461,14222
1.5,649,144,95,1081,53,3,3.8,86241,12085,99,985,29411
3,1344,255,147,2103,106,3,7,166842,22720,156,1806,59558
1.5,820,143,91,1141,52,5,3.7,89480,10542,92,972,29078
3,1515,335,168,2178,107,5,6.5,166532,21670,162,1801,60716
2.5,1092,212,144,1790,90,3,7.2,142156,17244,139,1756,49095
1.25,654,134,59,935,46,3,3.2,62785,8662,76,863,23710
1.5,677,168,75,1090,48,6,4.5,75741,11506,94,1017,30490
1.5,847,162,65,1060,48,6,3.5,80755,12181,99,1031,29108
1.75,932,146,72,1194,62,4,4.6,101536,12599,113,1108,35863
0.5,258,48,21,375,16,6,1.2,25852,3430,25,349,9871
0.75,391,66,47,570,25,5,1.6,43441,5118,47,466,14737
0.75,321,70,37,517,23,4,1.8,43344,5101,47,471,14620
1.5,765,137,71,1128,51,6,4.4,84248,10530,84,962,30147
1,440,89,52,748,35,3,2.1,57073,7250,64,653,19661
1.75,1015,160,106,1337,56,6,4.8,97698,12487,103,1061,34713
1.5,703,152,66,1066,50,6,3.5,81922,11555,81,913,29113
1.75,793,190,74,1280,57,4,3.7,103509,12182,89,1142,34127
1,439,107,49,751,35,5,2.3,59388,6918,67,695,19550
2.5,1057,266,134,1826,92,4,5.6,128624,17498,151,1771,47173
2.5,1074,213,106,1707,84,5,7.3,139997,18545,146,1714,47355
1.25,621,129,58,884,41,4,2.8,67772,10072,79,795,24973
1.5,788,154,68,1151,53,6,3.7,83468,10339,78,1035,29644
1,444,85,60,750,35,3,2,50598,8060,52,701,19971
2,842,205,107,1392,66,4,4.5,110915,14427,122,1411,38370
1.75,940,181,83,1308,62,4,3.9,91322,14037,116,1191,34221
3,1682,345,184,2214,103,4,8.2,170779,20767,173,1969,59934
0.75,361,72,38,563,25,4,1.7,38891,6061,44,504,14796
3,1462,284,175,2256,96,4,6.2,150391,24165,175,2068,59051
3,1698,305,181,2170,100,6,8.3,179950,22295,198,2003,60886
0.5,258,48,30,372,16,5,1.2,29629,3899,31,307,9585
2.5,1121,243,110,1867,87,3,5.2,137965,20068,158,1627,47218
0.5,218,41,31,347,17,4,1.2,29226,3503,30,332,9985
0.5,248,55,23,360,18,6,1.3,29934,3939,30,333,9591
1.75,748,143,73,1234,61,3,3.5,92308,12902,104,1103,35377
0.75,371,84,40,518,25,4,1.9,37955,5334,41,478,15139
0.75,335,64,31,528,27,5,1.5,42697,5228,43,524,15211
1.5,729,170,62,1120,49,6,3.1,78513,10272,90,1059,30141
1.75,860,176,76,1191,57,5,4.3,101910,11983,98,1089,33297
0.75,356,66,43,514,25,4,1.9,42457,5570,46,493,14902
2,1135,169,120,1483,67,4,4,107981,14682,127,1353,40097
2.5,1198,252,150,1817,82,6,7.2,128803,17991,152,1670,51187
0.5,223,46,20,345,16,3,1.4,27474,3878,33,311,9574
2.5,1065,234,158,1902,86,5,7.4,143894,19859,157,1593,47550
3,1669,310,147,2177,105,5,8.6,164923,23295,163,2117,61184
1.75,745,158,95,1227,56,3,4.5,99750,12673,89,1169,34722
1.75,821,177,72,1308,56,6,5.1,90123,14307,90,1238,35225
2,991,209,115,1452,68,3,4.4,103528,13811,130,1318,39573
1.5,824,150,69,1041,48,3,4.2,83744,10856,99,915,29372
0.75,324,83,41,516,26,3,1.7,38716,5468,50,498,15151
0.75,380,82,45,556,24,3,2.2,43107,5405,40,452,15243
3,1681,296,137,2198,104,5,7.9,169093,23192,169,1948,59154
3,1568,309,129,2069,100,6,6,151902,22340,172,1972,58708
3,1605,277,136,2105,93,5,7.8,165495,20817,180,2044,58608
2,936,206,116,1533,70,6,5,119975,14027,108,1408,39227
1.75,781,151,76,1196,63,4,5.1,87647,12947,111,1104,34848
2,950,188,110,1441,69,6,5.1,104788,15628,120,1313,39985
1,512,109,59,756,32,3,1.9,54364,8118,64,618,19736
2.5,1368,220,116,1759,89,3,6.6,136158,18731,146,1755,50078
1.25,565,114,50,877,43,5,3.3,74857,9791,72,797,25399
2,1110,183,96,1378,67,3,5.1,106877,15024,115,1297,39128
0.5,238,42,22,383,17,6,1.4,27276,3613,32,301,9732
2,1087,191,129,1473,67,6,5.9,118369,14476,133,1257,38449
1,498,90,48,713,36,5,2.2,54999,7549,57,635,20252
2.5,1277,272,112,1852,86,4,6.6,126450,18248,156,1640,49128
1,579,85,42,753,35,6,2,54179,7920,58,674,20048
1.5,701,154,92,1097,55,6,4.3,87061,11750,97,944,29770
0.5,229,41,21,343,16,3,1.3,28429,3678,27,347,9825
2,942,192,89,1516,63,6,5.8,109741,16033,127,1365,39623
2.5,1132,212,115,1902,90,3,7.5,136895,17884,141,1541,47864
2.5,1348,244,162,1787,88,3,6.8,130840,19876,140,1748,48849
3,1613,334,181,2125,101,5,8.9,169126,24154,195,2018,57899
1,508,86,52,750,33,3,1.9,59302,6937,66,658,19606
3,1573,342,139,2064,100,5,8.9,151912,23827,176,1809,61236
2,1150,225,129,1429,65,4,4.1,112495,14753,132,1312,37850
1.75,880,167,96,1282,62,4,5.2,102393,12411,109,1217,33083
0.5,242,42,28,370,17,5,1.3,26411,3685,29,305,9942
1.25,645,106,62,930,44,6,2.4,63352,8562,65,881,24224
1.5,762,148,62,1135,53,5,3.2,76078,10265,84,1043,29665
1.25,541,111,69,912,44,6,2.4,65717,9915,73,804,25118
2.5,1355,266,107,1802,83,4,6.1,129098,18621,126,1753,49930
0.75,386,81,44,542,24,4,1.9,42309,5148,44,482,15324
1.25,592,120,50,896,46,4,3.2,63703,8889,63,815,24760
1.5,694,160,63,1077,52,5,3,86303,12034,76,1017,30653
0.75,388,85,47,544,23,6,1.7,40597,5310,50,454,14455
1.5,841,139,90,1024,52,6,4.4,80107,11252,76,956,30152
1,528,87,50,754,34,6,2.1,51448,7777,65,626,20463
1,500,84,57,680,33,4,2.9,53112,7820,58,635,20145
1.5,732,137,81,1026,52,3,2.9,84938,12288,92,933,28597
2.5,1281,283,132,1833,89,6,5.1,137326,17322,126,1766,49688
1.25,622,142,54,881,41,3,3.7,69226,10128,63,758,24736
3,1300,310,154,2171,107,3,5.7,176408,21166,173,2024,57526
2.5,1431,228,136,1860,83,3,5.5,146582,19111,130,1614,48648
2.5,1069,242,152,1852,85,6,7,135985,18520,130,1622,48483
1.25,690,123,75,959,45,5,3.6,69692,9037,78,855,24729
1.75,772,152,110,1292,57,3,3.6,89892,12198,110,1188,33790
1.25,613,125,51,891,43,5,3.6,67304,8741,83,754,24712
2,1123,195,122,1378,68,4,5.7,111063,14896,135,1221,39692
0.5,228,49,27,375,18,6,1.4,25769,3787,26,342,9821
0.75,382,76,45,572,27,6,1.7,38029,5373,44,531,14719
0.75,367,81,41,513,27,4,1.8,40171,5422,40,532,14942
2,880,193,130,1475,67,6,5.2,119399,13978,124,1394,40875
1,432,113,60,695,36,3,2,50105,7704,57,656,19201
0.5,256,57,24,351,18,6,1.1,26943,3519,30,322,9933
2,888,191,120,1501,66,5,4.5,109285,13778,110,1227,38564
1.5,758,163,72,1071,51,5,4,89091,11645,83,957,28721
3,1697,313,155,2140,104,5,8,177688,22839,157,1843,59943
0.75,365,86,42,529,24,3,1.9,43360,5709,38,495,14500
0.75,423,62,47,526,23,3,1.4,42805,5925,46,460,14773
3,1509,296,149,2255,101,6,8.3,161855,21806,162,2081,60306
1,441,112,63,686,36,6,2.6,58437,7853,60,651,20405
0.75,345,66,48,541,24,6,2.2,40394,5237,44,473,14221
0.5,239,46,26,350,16,6,1.3,28413,3809,32,318,9441
1.5,802,138,75,1032,51,3,4,83365,11401,98,1010,28278
