Cultivated area (hectares),The amount of animal manure for the above amount of cultivation (tons),The amount of phosphate fertilizer for the amount of the above surface (kg),The amount of potassium fertilizer for the above level (kg),Amount of nitrogen fertilizer for the above level (kg),Amount of seed required for the above level (kg),Irrigation type,Irrigation frequency,Amount of time spent for each irrigation (hours),The quantity of vinegar for the above level (kg),Amount of toxins needed for the above level (kg),The amount of product harvested from the above level (kilograms),The amount of fuel for the plow,Amount of fuel for the chisel,Total Amount of water consumed,Total Amount of fuel consumed,Total Amount of Gasoil consumed,Total Amount of Butan consumed(kg),Total Amount of electricity,Total of Carbon emission(calculated manually),Carbon emission_Cool Farm Tool
0.5,3,34,3,0.2,582,1,4,0.7,0.3,1,4906,0.6,0.9,743,3,8,57,41,432,432
9,58,531,105,3.2,10186,1,10,42.1,6.9,15.9,76241,32,12.1,12444,27,132,1086,645,8636,8636
5.5,54,375,95,0.9,6117,2,10,15.8,1.1,11.6,51321,8.3,8.3,8207,28,82,670,432,4414,4414
2.5,16,173,66,1,3161,2,7,5.1,0.5,3.3,23105,8.8,2.4,2875,7,30,286,193,2494,2494
4.5,38,239,2,4.2,5684,1,12,12.5,3.2,4.2,38831,14.2,6.5,5395,11,49,498,401,3604,3604
11.5,109,610,218,4.6,14840,1,4,47.7,11.4,29.2,110937,36.6,6.5,16995,24,150,1373,1226,10528,10528
5.5,51,317,50,2.1,6821,2,12,14,0.6,15.3,51369,16.1,9.6,7439,20,78,594,683,5085,5085
6,60,383,133,3.3,7237,1,12,8,2,7.6,59435,8.3,4,6735,20,96,766,602,5271,5271
10.5,55,535,175,5.3,12289,1,20,47,1.4,14.4,103154,49.9,12.5,13326,22,176,1340,1569,9186,9186
11.5,63,650,10,3,13904,2,5,53.2,3.7,22.2,98336,49,18.9,15151,44,167,1235,1085,10832,10832
10.5,82,612,201,9.3,13282,2,15,48.7,0.4,28.5,98270,46.5,10.4,12663,57,165,1205,1569,10106,10106
9.5,64,572,154,8.9,11262,1,12,14.7,5.3,9.4,83924,20.3,16.2,12116,44,161,1144,925,8190,8190
14,122,907,364,6.9,15632,2,17,64.8,5.8,25.6,128187,40.4,20.5,18687,66,127,1464,1985,11656,11656
3,22,196,47,1.8,3735,2,16,9.4,1.3,6.9,26740,8.5,3.2,3999,20,41,317,421,2528,2528
1.5,8,79,0,0.2,1787,2,15,7.5,1,4,13623,7,1.2,1799,9,24,186,113,1411,1411
6.5,46,428,158,6.1,7759,1,5,8.2,4.2,14.6,60008,12.4,11.7,7568,23,76,812,758,5848,5848
1.5,13,90,41,1.2,1657,1,20,2.5,1.3,1.9,13587,3.5,1.8,2022,6,22,186,221,1456,1456
8.5,82,534,16,5.8,9717,2,6,20.2,5.2,14.2,79745,25.1,7,10821,33,97,975,660,8068,8068
6.5,61,336,77,3.7,8212,2,8,26.5,3.9,6.7,64724,21,10.5,9489,19,71,691,841,6360,6360
8,40,425,112,5.4,9460,1,11,21.4,0.5,16.3,77053,20.6,11.1,11362,32,116,1021,607,6915,6915
11,96,697,296,8.8,13129,1,13,49,1.3,6.8,101580,16.2,16.5,13608,37,149,1104,1468,9476,9476
4,38,213,30,1.7,4405,2,5,4.1,2.9,10.6,36985,15,3,5597,16,54,438,469,3384,3384
10.5,91,650,268,7.2,11711,2,6,39.6,7.7,16.4,103804,51.1,17.8,14877,41,118,1290,1195,8678,8678
8.5,69,439,164,6.1,9448,2,11,37.5,6.9,6.6,73069,34,5.9,12251,36,114,932,1215,8496,8496
8,61,474,154,7.2,9651,2,6,10.1,0.1,16.2,72745,27.4,7.1,10505,39,77,937,923,6523,6523
6.5,52,337,129,3,7961,2,5,15.5,1.2,12.4,63433,32,7.4,7425,20,89,680,558,6035,6035
3,20,210,71,0.5,3309,1,14,10.3,1.6,7.4,25103,14.1,2.1,3672,19,34,365,235,2753,2753
5.5,49,380,10,2.2,7104,1,8,12,5.3,11.4,52473,27,6.8,7827,25,53,698,544,4752,4752
3,25,172,59,1.3,3354,1,18,10.3,1.7,6.1,25843,14.7,5.2,4215,12,38,386,221,2908,2908
5,34,346,104,0.4,5718,1,10,11.4,4.5,10.2,46099,8.7,8.5,6708,22,70,561,582,4133,4133
10.5,89,654,230,1.3,11664,2,11,43.2,5.6,8.9,92692,15.4,20.6,13775,46,161,1175,1188,9492,9492
13,71,836,114,12.1,16611,2,14,13.7,8.7,16.2,120591,46.6,10.5,14675,57,202,1600,1131,11790,11790
9.5,48,508,73,4.8,10480,2,19,42.2,2.9,9.9,76962,45.7,14.1,11109,26,96,1088,712,8433,8433
1,9,61,15,0.8,1261,1,17,1.8,0.8,1.3,9292,2,0.6,1114,5,13,120,87,831,831
2,19,105,15,0.9,2277,1,10,7.8,0.7,3.1,18283,5.1,1.8,2778,8,19,256,271,1946,1946
4.5,33,307,116,0.3,5554,1,6,20.9,0,9.6,43191,9.3,5.3,5352,28,45,502,376,3811,3811
2.5,13,144,63,2.5,2968,2,9,4,0.7,5.3,22123,6.6,4.9,2842,15,41,323,251,2064,2064
1.5,8,102,21,1.1,1874,1,10,5.6,1.1,4.2,14312,3.3,2.3,1690,5,16,167,184,1418,1418
11.5,81,665,161,0.8,13676,2,18,40.5,1.8,8.6,111865,36.7,10.4,14073,73,115,1327,1694,10270,10270
3.5,21,214,97,3,4331,1,17,5.1,0.1,10.5,31825,14.2,4.9,5188,22,45,374,255,3190,3190
8.5,78,434,7,0.8,10809,2,18,22.4,6.7,21.6,71901,14.6,16.4,10215,35,132,1069,1003,7833,7833
2.5,15,155,60,1.3,3040,2,6,11.7,0.8,2.2,21362,3.1,2.7,3680,16,36,324,285,2034,2034
5,40,308,24,0,6470,2,8,13.3,4.1,12.9,42428,7.1,6.3,6495,33,81,649,582,4974,4974
4.5,36,282,23,3.7,5345,2,18,21.4,2.1,2.3,38645,22.4,8,6386,18,44,582,373,3869,3869
5,43,297,96,3,5808,1,6,16.6,3.7,9.7,44313,7.9,3.2,6077,13,62,599,563,4889,4889
5.5,43,365,105,1.5,6710,2,9,25.4,5.1,10.2,53056,21.2,9,7929,38,58,578,429,4679,4679
5,49,257,14,3.5,5683,1,11,8.9,4.6,6.6,47105,22.1,6,6874,34,66,539,399,4083,4083
1.5,15,97,26,0.1,1770,1,16,3.2,1.2,1.3,13738,3,2.5,2071,5,15,168,156,1357,1357
7.5,65,411,20,1.1,9126,2,20,13.3,1.4,15.8,66002,27.8,10.6,9458,29,101,779,1104,6623,6623
3,21,183,36,2.1,3713,2,18,11.2,2.9,3.1,24843,12.9,1.9,3361,8,51,340,395,2648,2648
11.5,74,678,103,7.7,13300,1,9,27.8,8.4,12.4,109978,31.7,9.5,13437,64,148,1155,1130,9579,9579
4,36,206,89,0.5,5030,1,15,11.8,0.9,7.5,34513,13.4,3.2,4709,10,63,511,486,3827,3827
21.5,150,1168,205,4.1,26352,1,6,83.6,20.4,60.6,182623,33.3,30.3,26160,62,267,2306,1894,21333,21333
7.5,39,495,199,7.3,9427,2,19,16.6,6.7,7.3,74072,16,4.2,10534,24,70,853,641,6091,6091
3.5,33,225,56,3.2,3948,2,7,9.4,1.4,4.5,33457,13.7,6.3,4846,19,45,415,360,3453,3453
1,9,54,16,0.5,1299,2,18,4.2,0.2,2.3,8501,1.2,1.1,1455,5,13,129,133,823,823
16,93,869,249,8.3,20668,1,16,49.9,10.8,33.1,143440,44.3,9.4,22152,72,154,1823,2186,12883,12883
1,5,63,9,0.1,1210,1,6,4,0.9,0.9,9226,1.6,1,1252,3,14,116,103,982,982
8,65,449,129,2.3,10040,2,10,23.9,0.5,10.1,69358,15.6,4.2,11523,29,87,1013,886,6457,6457
1.5,12,90,26,1.1,1792,2,11,2.1,0.2,3.4,14725,2.8,1.1,1954,5,18,150,166,1291,1291
5.5,47,304,146,1.5,6423,1,9,24.5,1.4,12.6,45965,9.1,5.2,7837,14,85,654,575,5223,5223
5.5,45,295,57,3.3,6511,2,13,11,4,9.5,54225,10.9,10.4,6776,13,87,610,586,4842,4842
4,37,216,35,3.5,4758,1,4,18.3,1.1,7.8,36747,8.9,7.7,4977,27,66,498,336,3217,3217
4.5,32,301,15,2.2,5606,1,15,15.8,2.1,9.3,36992,7.7,2.9,6667,30,67,557,563,4233,4233
13.5,84,692,13,9.6,15550,1,19,14.3,4.4,21.1,108792,16.7,26.5,19078,42,147,1644,1184,13043,13043
6.5,58,372,30,0.3,7816,2,8,7.4,4.6,5.7,55652,27.1,7.6,7436,30,82,818,821,6134,6134
7,50,471,58,1.3,8286,1,19,14.7,5.7,11.2,61208,11.9,5.4,7916,16,88,796,817,6158,6158
7.5,57,420,192,3.2,9103,1,19,24.7,4.1,12.1,72507,18.7,13.5,10160,20,77,822,1094,6195,6195
4,33,258,95,0.7,4989,1,19,19.8,3,3.6,35166,14.2,4.2,5642,24,63,492,582,3782,3782
5.5,49,361,36,2.4,6703,1,6,5.8,0.9,11.6,50167,22,8.2,7300,14,88,638,430,4747,4747
6.5,52,332,116,3.2,7820,2,17,9.1,3.8,13.2,61880,17.2,10.8,8115,32,69,661,681,5980,5980
3,21,205,43,0.2,3730,2,6,5.5,2.4,7.1,27164,7.3,3.8,4180,6,35,337,443,2721,2721
8,49,555,103,1.8,9030,1,12,36.9,6.3,8.5,70226,22.6,10.2,10118,25,89,841,921,6436,6436
6,33,317,137,2,7200,2,10,6.4,0.8,15.3,56473,22.6,6.1,6879,25,76,651,613,4972,4972
4,25,234,50,1.5,4715,2,12,7.7,3.6,9.2,38411,4.3,2.1,4407,13,44,444,502,3752,3752
2.5,15,153,53,1,2919,2,13,3.7,1.5,5.7,23828,9.7,4.3,3043,6,31,269,241,2439,2439
11,77,634,26,5.8,13157,1,17,47.8,5.3,23.5,101893,32.4,19.5,12766,50,154,1345,1236,9683,9683
10,80,668,52,7.5,11952,1,17,47.4,1.1,13.3,92916,33.1,19.1,12404,36,109,1186,1257,9824,9824
6,33,328,13,4.7,7067,1,9,8.1,3.3,16.3,49096,14.8,11.9,8573,39,89,730,727,5699,5699
6,43,348,162,2.3,7145,2,17,23.4,0.2,4.8,53222,6.8,4.5,7503,24,87,745,606,4962,4962
10.5,90,662,100,0.6,11666,1,10,27.9,6.6,8.7,103905,11,13.6,12224,69,152,1221,774,9253,9253
3,26,176,20,0.5,3513,1,12,14,2.8,5.6,26582,9.4,4.3,4413,12,44,346,258,2429,2429
9,71,628,184,7.5,11262,1,11,35.7,0.5,15,74157,44.2,7.6,13403,25,110,1067,1017,8023,8023
6,58,393,99,2.5,6688,1,18,14.9,0.8,11.9,56163,18,3.5,7200,35,90,766,789,5156,5156
12.5,110,767,199,12.3,14358,2,19,20.4,6.8,28.5,122094,28,15.3,16818,40,169,1432,1502,10681,10681
4,40,204,29,3.5,4784,2,17,8.5,1,5.5,39186,10.3,4.7,5081,10,46,466,572,3880,3880
6.5,61,333,121,3.9,7626,2,13,13.2,5.8,15.4,59643,13.8,3.6,9639,34,60,812,686,5721,5721
8,41,530,189,0.7,9937,1,12,17.1,6.5,5.5,79828,29.6,9.8,9482,22,121,926,1196,7250,7250
9.5,93,564,42,4.4,11623,1,13,40.3,6.4,12.2,89842,31.3,6,12460,50,98,1127,1354,8932,8932
5.5,51,293,110,2.8,7141,1,9,7.2,1.8,8.3,48084,11.7,8,8051,29,82,578,519,5329,5329
7.5,70,470,198,1.5,9553,2,8,14.6,0.5,16.1,69631,25.7,9.9,9597,30,82,883,864,6645,6645
7,61,413,123,2.2,8407,2,14,17.4,4.2,11.9,69867,33.7,10.5,8018,32,104,885,904,6943,6943
7,61,467,167,7,7935,2,6,11.6,2.7,10.4,56312,33.2,5,8720,22,100,829,619,6394,6394
1,7,60,19,0.9,1237,2,8,3.6,0.3,2.8,8524,2,0.9,1300,5,12,129,121,850,850
16.5,114,1134,236,10,20054,1,12,80,15.7,30.3,137358,53.6,13,19142,95,235,1683,2108,14529,14529
6.5,54,433,97,5.6,7737,1,17,14.3,4.8,8.5,54256,15.1,7,7671,38,65,766,539,6056,6056
13,113,847,121,4,16475,1,19,61.3,11.5,28.8,114599,51,20.2,15611,52,202,1420,1410,11238,11238
1,6,63,25,0.5,1163,2,5,2.1,0,1.5,9998,4.9,0.7,1285,6,11,121,118,816,816
0.5,3,33,4,0.1,644,1,13,2,0.3,0.5,4449,1.4,0.5,566,2,8,61,42,401,401
2.5,20,126,26,1.5,2903,1,19,3.5,1,4.6,22092,6.7,4.3,2940,9,38,315,320,2097,2097
3,15,203,37,1.5,3356,1,4,7.6,0.3,3.5,25093,8.3,2.9,3688,18,35,316,249,2595,2595
2,13,102,18,0.4,2203,1,4,6.2,1.6,5.4,16498,4.3,3.2,2201,12,31,236,232,1789,1789
2.5,17,141,70,1.4,2899,2,7,12.1,0.4,3.4,22854,6.5,1.4,3276,12,34,321,274,2460,2460
8,46,547,127,2.9,10214,2,11,23,3.2,11.6,67634,14.3,13.6,10357,52,95,1007,560,7461,7461
8.5,65,523,169,5.4,10269,1,6,33.1,1.4,12.3,68585,32.8,6.5,11689,54,141,989,599,7282,7282
4,35,260,98,0.6,5079,2,16,4.3,0.1,9.1,38069,5.9,6.2,4680,19,56,476,391,3228,3228
8,42,440,220,7.8,9283,2,10,11.1,2.8,14.3,67732,20.3,5.9,11465,44,123,885,994,7566,7566
2,15,115,12,0.8,2448,2,6,3.8,0.3,2.6,19390,9.4,3.2,2555,10,25,244,258,1648,1648
15.5,151,814,33,10.3,17450,2,10,67.7,12.1,11.4,152133,42.2,9.9,20318,54,243,1704,2319,12985,12985
13,99,668,365,3.3,15861,2,16,46.6,8.2,29,117567,52.6,24.8,17444,64,199,1548,1399,11685,11685
2.5,13,130,50,0.7,2763,2,10,5.9,0.5,4.4,21883,7.8,2.1,3682,6,26,265,267,2438,2438
3.5,20,203,15,0.1,4366,1,10,7.8,2,5.4,31191,11.1,6,4338,19,58,413,396,2914,2914
1,8,67,23,0.5,1278,1,15,2.9,0.5,1.4,9504,1.4,1,1395,2,11,112,104,958,958
9,74,535,216,6.6,11687,2,15,15.9,4.7,18.4,84190,26.6,14.2,12018,51,103,1120,1300,8825,8825
4.5,34,262,100,1.1,5213,1,7,18.8,0.1,9,40364,14.3,2.6,6573,28,66,504,637,4078,4078
0.5,4,27,2,0.1,558,2,16,0.6,0.1,1.2,4132,2.3,0.3,716,3,7,55,63,456,456
9.5,64,630,4,8.3,10547,2,8,40.1,6.7,20,78325,11.1,11.1,11976,64,129,1002,866,8398,8398
0.5,3,31,7,0.1,597,1,7,0.6,0.4,0.5,4744,0.9,0.7,553,2,6,51,72,447,447
3.5,26,178,63,1.5,4105,1,4,12.4,0.7,7.4,28443,13.4,6.7,4047,23,51,357,414,2907,2907
2,12,127,57,1,2572,1,7,8.1,0.6,2.6,19661,4,2.8,2873,5,33,212,296,1859,1859
5.5,54,368,109,0.2,6994,1,14,7.2,1.9,4.2,49068,7.1,3.9,7358,22,62,599,428,5277,5277
1.5,10,94,34,1.4,1784,2,13,1.5,1.3,1.8,12022,5.9,2.6,1887,3,21,162,201,1333,1333
4,29,274,75,1.6,4800,1,18,6.6,0.2,4.7,38050,18.8,6.9,5800,25,42,428,360,3472,3472
8,65,461,187,7.7,9870,2,20,25.9,4.2,23.9,71124,26,9.3,10890,47,101,836,1006,6564,6564
9.5,55,484,271,0.2,11239,1,15,25.6,3.7,22.7,81023,41.9,15.5,12476,50,87,959,1247,8566,8566
4.5,38,238,121,4.3,5550,2,16,4.9,3.4,4.8,42027,21.8,5.1,6506,24,47,531,539,3894,3894
6.5,44,374,184,3.9,7417,2,13,15.6,3.3,11.9,62731,19.6,9.6,8514,44,66,792,872,6342,6342
11,100,721,222,5.8,12296,1,15,53.5,4.8,32.3,91106,12.7,20.7,15983,59,113,1189,875,10433,10433
2.5,14,132,18,1.7,3144,2,5,6.6,1.8,5.3,23482,10.7,4.3,3506,16,40,269,325,2290,2290
10.5,71,631,131,10.4,12224,2,19,21.8,8.1,27.1,99216,21.4,11.5,12548,30,129,1212,888,10012,10012
3,21,193,21,1.5,3713,1,5,4.1,0.8,5.6,28962,4.3,4.9,3771,13,29,316,287,2835,2835
4,39,259,101,0.3,4505,1,8,7,2.5,9,35635,13.5,6.2,4837,10,65,411,558,3557,3557
5.5,31,296,90,0.4,6644,2,17,21.5,4.3,12.6,47249,7.9,9.8,6512,21,57,578,557,4791,4791
12,109,653,286,10.9,13695,1,7,31.3,0.1,13.1,112314,26.5,7.1,17548,50,156,1501,1164,9954,9954
7,40,368,159,4.4,8127,1,8,23.4,0.6,6.3,65494,33.7,11.2,9039,18,104,849,687,6805,6805
10,66,541,168,9.2,11682,1,18,17.7,7.9,16.2,87259,28.8,12,11041,55,169,1003,900,8268,8268
10.5,99,709,297,0.2,12712,2,14,15.1,7.7,9.1,97404,40.8,16.4,15515,27,105,1324,1204,9508,9508
7,36,473,92,2.3,7888,2,15,12.6,3,3.5,58772,19,12.1,7734,15,107,830,903,6569,6569
2.5,19,169,39,1.9,2978,2,9,6,2.4,7.3,20606,6.7,1.7,2954,13,37,316,258,2174,2174
16,94,969,270,4.8,20183,1,8,20.3,13.4,27.3,138822,74.2,12.7,23004,90,165,1621,1987,13590,13590
12,110,619,98,2.4,14711,2,13,36.2,3,34.3,109255,30,8.6,14063,33,153,1249,1148,11467,11467
3.5,22,210,14,2.5,4007,2,16,12.9,1.9,5.4,34104,4.8,3.2,5055,15,55,391,439,3290,3290
7.5,40,432,78,0.6,9335,1,15,16.2,5.9,9.6,63386,23,6.6,9171,18,84,857,599,6333,6333
5,48,254,7,4.7,5794,2,7,21.3,0.2,11.8,43377,23.5,8.3,6742,35,68,514,396,4406,4406
2.5,20,156,58,1.3,2982,1,8,9.5,2.4,4.9,20265,4.2,3.9,3741,8,35,274,273,2156,2156
1.5,10,81,19,1.1,1699,1,7,7.1,1.4,2.7,13157,4.8,2.3,2003,5,14,169,106,1215,1215
6,39,301,85,2.8,7596,2,12,15.9,2.2,13.2,57236,25.5,9.4,7037,24,92,672,551,5227,5227
13,106,825,301,4.9,15287,2,19,57,11.9,8.1,110577,27.8,17,16960,43,146,1651,1754,12373,12373
4.5,25,280,112,3.9,5484,2,16,7.9,1.6,4.6,43847,21.3,6.4,5565,21,70,557,549,3804,3804
1.5,8,81,14,1.5,1810,2,10,3.5,1.1,1.9,14990,2.6,1.2,2078,7,18,176,121,1406,1406
6.5,45,423,2,2.1,7336,2,18,31.1,6.4,11.8,57778,24.6,10.6,8361,13,90,723,609,6482,6482
10,91,529,265,7.2,12995,1,9,14.1,10,14.1,84817,18,18,14547,27,95,1140,741,9968,9968
9,69,557,219,3.1,10133,2,4,15.3,2.5,16.8,75236,44.7,14.9,12184,40,90,1082,1124,7237,7237
1.5,10,93,30,0.1,1795,2,6,7.1,0.6,1.4,13732,6.1,2.3,1722,6,23,158,221,1305,1305
4.5,24,278,90,3.3,5805,1,10,8.4,2.8,2.8,39627,8.2,7.7,6126,18,62,486,643,4467,4467
2,14,124,32,1.1,2274,2,12,7.1,0.8,3,16722,3.6,3.2,2673,6,28,259,239,1708,1708
2.5,18,129,62,0.4,2994,1,7,10.2,2,6.6,24733,11.8,4.8,3070,10,30,285,278,2078,2078
8.5,64,557,26,0.8,10971,2,18,38.6,0.1,19.5,69191,24.2,4.7,12371,51,89,1014,1260,7897,7897
11.5,62,676,68,1.4,13764,1,9,14.3,1,21.5,93434,15.8,7.1,17087,28,134,1283,1349,10208,10208
7.5,46,451,36,1.6,8611,1,7,35,1.4,20.2,63420,19,9.6,9601,37,108,824,836,6942,6942
6.5,54,454,18,5,7755,1,4,26.6,5.1,15.9,55594,32.1,5.3,8365,32,64,654,493,5644,5644
8.5,59,470,211,0.4,9388,2,13,42,0.5,7.4,83542,16.1,8,10991,17,88,1003,877,6800,6800
5,42,342,70,4.2,6099,2,16,19.3,0.6,13.8,46808,23.1,4.6,7389,29,79,540,672,4307,4307
1.5,8,96,10,0.4,1759,2,13,5.5,1.4,1,13223,2.8,1.2,2009,4,14,190,128,1430,1430
8,68,558,209,2.7,9724,2,16,24.8,5.5,4.6,66734,16.8,10.7,10041,38,118,902,643,7693,7693
4.5,38,248,33,4.3,5761,1,13,21.6,3.2,8.3,38155,20.6,7.2,5326,30,65,541,474,4127,4127
11.5,81,718,56,7.1,13421,2,9,22.7,0.3,15.9,92837,25.3,20.5,17044,78,136,1186,1070,11203,11203
1.5,14,97,26,0.7,1876,1,8,4.4,1.2,4.4,14293,5.5,2.3,1761,7,25,194,192,1451,1451
9,63,580,176,8.8,11046,1,12,40,3.2,12.3,74113,31.5,16.6,10270,53,148,1055,1132,8526,8526
2,15,122,35,1.5,2342,1,16,7.5,0,4.7,16863,4.1,3.3,2925,11,29,250,250,1998,1998
11,57,595,178,8.9,12765,1,11,24.9,8.3,21.8,108921,50.7,8.7,16268,27,169,1420,1635,9710,9710
9.5,95,533,10,9.2,10646,1,19,27.7,8.1,26.4,91328,44,11.1,13345,20,116,1233,694,7830,7830
13.5,95,918,276,4.9,16865,1,20,22.9,11,33.4,122745,50.7,7.1,16466,67,138,1487,1527,11023,11023
10.5,76,579,145,6.1,12980,1,12,45.7,8,24.6,101145,37,15.4,12527,68,148,1254,980,9163,9163
3.5,33,231,67,3.2,4297,2,18,15.7,0.1,2.8,30415,7.3,2,4488,19,49,443,521,2887,2887
4.5,37,240,26,0.9,5290,1,10,19,1,5.9,41160,21.7,6.7,5264,17,52,451,573,4184,4184
8.5,67,447,213,0.4,10720,1,19,21.8,5.8,6.4,72590,20.8,8.7,11440,48,124,905,670,7355,7355
11.5,105,659,96,6.6,12738,2,14,44.7,1.8,20.8,114822,22.4,20.2,17077,78,147,1249,998,9430,9430
1,7,57,12,0,1139,1,12,1.8,0.9,1.1,9434,1.4,0.7,1431,3,16,122,132,936,936
11,106,644,143,5.8,12946,1,8,45.7,4.7,10.9,100190,25.7,6,14357,48,138,1286,1439,10789,10789
4.5,27,231,69,1.5,5420,2,20,5.7,0.2,12,37047,9.1,4.9,5403,22,62,526,491,3942,3942
2.5,19,131,57,0.7,2881,1,20,10.4,0.1,6.1,22486,5.5,1.3,3439,17,42,294,368,2141,2141
6,47,368,46,1.5,7471,2,7,14.4,3.2,9,57875,16.4,9.6,8197,28,96,761,447,5978,5978
4.5,24,272,114,0.6,5133,1,13,13.4,3.9,3.1,40829,8.2,6.4,5692,15,76,547,456,4392,4392
7,46,444,158,1.8,8391,2,7,25.4,2.3,8.5,61860,21,10.5,7702,36,113,809,961,6955,6955
5.5,38,350,117,4.5,6135,1,4,8.5,2.1,7.2,46634,21.6,7.2,6823,38,84,590,485,5008,5008
8,61,559,114,7.2,9834,2,18,17.2,0.6,10.7,67291,21.2,7.4,10120,41,115,910,706,7300,7300
2.5,21,144,65,1.6,3195,2,10,3.9,0.2,2.8,22240,3.1,1.3,3616,16,38,259,291,2464,2464
10.5,78,571,240,5.6,12453,1,6,13.1,4.8,20.8,92512,49.3,15.4,14223,31,147,1300,1107,8878,8878
3,26,203,77,1.9,3781,2,5,9.8,0.6,6.1,28750,10.8,4.2,4080,6,42,364,283,2510,2510
2.5,22,126,31,1.9,2918,1,5,5.6,1.4,3.2,22586,9.6,2.4,3608,16,38,283,214,2152,2152
1.5,14,81,4,1,1903,2,18,2.5,0.2,3,13364,7,2.7,2024,4,20,162,114,1368,1368
5.5,35,362,127,4.3,6185,2,18,19,1,13.4,51847,23.2,11,6105,29,69,695,539,4720,4720
10,76,674,218,3.9,11882,2,4,33.4,8,22.5,93101,44.1,11.1,14698,62,120,1003,860,8529,8529
9.5,69,627,233,8.8,10717,1,9,47.4,8.1,19.6,92542,31.3,10.3,13589,54,104,1013,1425,7953,7953
8.5,51,496,141,2.7,10496,2,5,11.5,1.5,24.6,83079,11.5,12,10145,58,141,991,974,8256,8256
7.5,70,458,11,6.6,9698,2,10,7.9,0.7,13.5,71052,12.2,5,9025,37,123,919,990,7412,7412
8,66,486,78,5,9233,2,5,22,1.2,5.3,74098,19.5,9.1,9975,17,118,1021,751,6912,6912
8.5,65,563,27,3.3,9648,2,20,41.1,3.8,24.4,69917,20.6,4.8,10118,28,87,1103,1083,8494,8494
7,68,488,98,1,8167,1,12,14.7,4.4,9.8,63203,33.4,11.5,9420,46,103,826,980,6123,6123
1,8,53,17,0.1,1132,1,12,3.8,0.3,0.9,9393,1.9,2,1164,2,16,104,143,992,992
3.5,21,238,3,2.2,4290,2,14,7.8,3.1,5.5,33982,10,3.8,4763,21,53,351,371,2922,2922
1.5,11,92,42,0.3,1839,1,10,3,1.5,3.1,13562,3.8,2,1977,4,14,153,160,1397,1397
2,16,114,45,0.6,2265,2,10,2.8,0.8,3.5,18008,4.8,3.7,2225,10,18,230,217,1975,1975
13.5,103,856,230,9.2,17061,2,15,37.6,0,8.6,117892,42.5,6.8,17247,34,182,1422,1047,11542,11542
13.5,89,757,142,0.5,17254,1,8,17.1,3.3,26.9,112756,61.9,12.9,19623,61,204,1727,1235,12650,12650
1.5,8,78,38,1,1873,1,12,6.6,0.9,3.5,13468,7.3,1.1,1700,10,16,184,145,1291,1291
9.5,89,514,162,4.1,11723,2,14,31,2.5,21.8,82905,44.2,5.9,12452,48,101,1019,1134,7867,7867
3.5,27,195,97,2.8,4268,2,11,7.5,1.9,6.9,28038,10,6.3,4252,20,52,443,468,2871,2871
7,48,425,82,1.4,8367,1,10,22.5,3.3,13.7,67797,33.8,10.6,10066,30,105,767,710,6653,6653
8,47,541,65,2.2,9644,2,7,24.2,6.5,18.9,79789,13.3,15.8,11703,45,116,920,835,7359,7359
0.5,4,32,4,0.2,558,2,17,1.3,0.1,0.6,4119,1.9,1,581,2,5,64,43,494,494
5.5,46,342,140,1.3,6624,2,16,19.2,5.1,15.6,53109,11.9,4.7,6765,12,52,616,687,5157,5157
0.5,3,25,1,0.3,638,2,10,1.7,0.4,1.4,4591,1.4,0.7,630,2,5,63,60,436,436
5,48,276,89,2.2,6091,2,17,12.1,3.3,13.6,43454,17.1,5.1,6432,24,71,523,725,4960,4960
3,26,173,53,2.4,3509,2,7,7.7,1.3,8.2,27995,7.9,4.6,3906,10,30,346,332,2435,2435
4.5,38,291,130,4.4,5713,2,5,19.7,0.3,4,41943,15,2.3,5608,21,64,453,404,4411,4411
1,10,58,10,0.4,1245,1,15,4.5,0.5,2.7,8487,2.5,1.2,1152,7,10,119,110,904,904
7.5,59,522,88,4.6,8555,2,8,8.1,6.7,11.5,73317,36.8,14.5,10008,43,106,908,881,6143,6143
1,9,70,1,0.1,1139,1,14,4.9,0.2,1.2,8573,4.5,0.8,1291,2,10,103,142,849,849
9,65,517,224,2.5,10223,2,17,34.3,5.8,21.5,77235,29.6,8.6,12956,45,152,1140,1140,7432,7432
8.5,70,460,33,2.4,10012,1,13,24.7,6.3,14.5,72758,24.7,4.6,10744,47,78,1047,772,7792,7792
3.5,23,183,95,0.5,4411,2,15,12.2,3,10.4,29959,4.4,5.8,4049,9,50,407,271,2816,2816
2.5,21,142,18,0.6,3203,1,13,2.6,2.3,4.4,21643,11.9,1.8,3547,6,39,316,201,2190,2190
1,8,51,14,0.6,1278,2,14,3.1,0.1,1.1,9813,1.8,1.2,1389,5,16,116,101,868,868
9.5,60,616,224,5,12203,1,13,47,8.9,23.7,76436,12.9,10.8,14065,55,99,965,838,8692,8692
5,44,305,53,4.7,6193,2,19,5.9,1.1,14.2,44365,24.3,9.7,6401,12,69,524,693,4203,4203
3,16,159,16,1.3,3813,1,7,6.2,0.7,6.4,28182,5.8,4.8,4369,20,31,331,316,2834,2834
7.5,41,447,55,3.9,9361,2,13,27.5,4.3,21.9,73328,15.1,9,10556,45,106,768,723,7100,7100
1,7,67,6,0.1,1142,1,16,1.9,0.1,2.9,9619,5,0.8,1196,4,15,105,90,926,926
8,60,461,160,6.3,9005,1,8,21.8,1.8,10.3,72778,26.4,14.7,10054,37,117,932,756,7488,7488
11,82,668,239,8.9,13630,1,11,17.3,2.8,6.7,104005,23.5,9.3,12194,61,133,1178,1156,10689,10689
6.5,54,340,105,3.2,8286,1,16,11.4,4.1,4.8,63274,11,8.7,7273,31,109,695,659,6384,6384
6.5,45,343,64,5.6,7600,2,6,15.1,5.8,9.7,52549,26.3,8.8,7248,15,102,820,530,5823,5823
6.5,58,344,113,3.5,7185,1,17,14.8,1.3,8.8,62681,18.1,8.6,9499,30,104,794,459,5728,5728
1.5,10,77,42,0.1,1884,2,13,6,0.9,3.5,12720,4.8,1.3,1852,10,14,170,159,1464,1464
6,36,377,71,4.5,7348,2,6,21.5,1.7,3.6,55750,7.9,7.2,7201,26,74,718,703,4956,4956
1,8,60,14,0.9,1164,1,12,4.8,0.3,2.6,8848,2.2,1.2,1207,5,10,123,87,812,812
6,37,353,104,4,7632,1,20,24.9,1.7,13.2,57381,27.6,9.9,7326,26,87,636,682,5592,5592
6.5,44,446,66,4.6,7486,1,15,9.4,6.3,5.4,54198,31.6,5,9684,14,95,698,919,5461,5461
8,60,533,166,2.4,9860,2,5,9.6,2.3,12.9,78945,26.6,5.6,10636,52,124,834,1139,7179,7179
1.5,15,82,18,0.4,1679,1,9,5.5,0.3,3.5,13467,4.1,0.8,2248,5,24,151,113,1282,1282
3,22,187,15,2.4,3709,2,17,4.7,0.6,3.1,24098,3.9,3.1,3635,11,29,309,287,2999,2999
7.5,38,446,1,1.3,9242,2,20,10.2,3.5,17.6,74294,28.2,8.6,9358,17,119,849,704,7291,7291
8.5,77,448,102,2.4,10410,2,20,29.8,6.7,4.8,79356,17.3,11.5,11549,59,94,934,1201,7468,7468
6,36,364,79,0.4,7250,1,7,10.4,3.6,9.7,54617,7.5,7.7,7235,35,100,707,826,5855,5855
3.5,33,199,96,0.3,3926,2,4,13.7,1.7,2.6,28512,16,2.6,4089,12,41,436,402,2823,2823
8.5,53,529,153,3.3,10681,2,6,13.9,6.7,14.5,73788,29.3,5.1,11983,36,92,931,1126,7308,7308
8.5,82,564,164,7.7,9796,1,13,32,5.6,15.5,76521,37.2,7.4,10764,32,140,993,1007,7534,7534
4.5,31,248,67,2,5825,1,9,8.8,4.2,4.2,40569,18.7,3.8,6159,29,57,487,597,3880,3880
9.5,85,483,168,5.1,12209,2,17,40.1,7.5,16.5,85343,36.3,14,12443,39,102,990,787,7714,7714
7.5,42,449,213,6.6,9375,2,20,26.9,2.3,21.1,64277,26.6,7,8910,20,122,806,566,6086,6086
11,58,640,98,4.1,12194,1,18,11.5,4.1,19.3,109993,39.4,17.6,12689,30,123,1140,1015,9520,9520
5,33,340,52,2.5,6488,1,9,24.7,3.2,8.9,42151,7,4.2,6767,23,48,602,652,4534,4534
3.5,34,216,36,2.8,4139,1,18,13.1,3.4,7.6,34226,7.2,2.7,4866,20,54,399,294,3107,3107
6.5,40,408,187,4.5,8170,2,17,23.7,3.1,10.4,57045,20.4,12.7,9082,23,95,726,606,6480,6480
7,35,461,167,4,7882,1,6,13.2,3.9,5.4,62787,17.7,9.1,8388,45,119,729,725,6779,6779
2,13,129,3,0.2,2587,2,13,7.7,0.8,2.9,16117,7.1,2.7,2347,13,24,255,282,1933,1933
2,20,105,16,0.3,2546,2,19,2.9,1.7,5.8,18165,8,2,2844,6,29,243,267,1820,1820
9,82,468,147,0.2,10477,1,10,38.6,7,12.7,80068,35.5,14.1,11283,30,126,1123,1126,7420,7420
15,95,1014,346,6,17286,2,12,27.6,0.4,36.3,132941,40.7,16.2,18351,81,221,1784,2088,13664,13664
11.5,71,583,1,6.7,14949,1,5,26.6,0.6,17.4,107104,36.9,18,16709,59,115,1389,925,11327,11327
2.5,17,160,29,1.1,3080,2,4,12.4,0.2,4.3,23556,5.7,4.7,3679,7,30,298,308,2371,2371
4,24,263,10,0.3,4572,1,9,11.7,0.5,5.9,37695,11.1,3.8,4571,27,65,484,526,3231,3231
6,32,345,108,0.1,7733,1,5,11.1,2.3,7.5,54282,11.1,12,7087,35,89,657,800,5658,5658
0.5,5,34,7,0.1,646,2,13,2,0.1,1.4,4071,1.9,0.6,557,2,5,58,43,430,430
7.5,65,427,193,2.8,9213,2,14,24.5,7,7.4,61026,9.1,4,11187,39,74,843,965,7278,7278
3,21,165,67,0.3,3815,2,19,4,0.1,8.8,29256,7.8,2.2,3622,11,32,384,407,2734,2734
9,65,625,65,8.4,11226,2,12,27.5,2.2,20.7,89595,30.8,11.1,10203,24,84,1065,778,8615,8615
6.5,35,438,50,5.1,7185,2,10,12.6,1.1,10.1,59419,29.9,12.8,9590,19,100,815,514,5517,5517
9,85,501,244,5.9,11591,1,14,17.6,3.8,6.3,81378,18.1,8.4,12188,58,136,982,1166,8697,8697
6,49,403,147,0.9,6681,2,13,18.8,1.4,9,53928,28.2,5,6695,31,94,757,424,5877,5877
4.5,44,240,31,3.6,5724,2,9,20.4,1.4,7.7,42567,7.9,6.7,5344,24,58,453,412,4345,4345
1.5,9,75,22,1.5,1932,1,16,4.8,0.9,1.6,14126,7,1.7,1953,6,19,163,118,1489,1489
9,52,610,258,3.1,11531,2,17,22.4,4.9,26.6,78097,31.4,16.2,11571,38,145,1038,1084,8394,8394
9,46,502,128,6.6,11468,2,12,36,1.7,15.1,85903,24.8,4.9,10061,52,131,962,817,8340,8340
6.5,41,421,185,5.9,8371,2,15,23.9,1.5,12.7,55402,14.2,12.9,7840,20,83,808,747,6452,6452
4,39,232,53,1.8,4670,1,5,15.8,0.2,6,36613,12.2,2.3,5032,20,65,467,567,3727,3727
6.5,61,429,164,5,8026,1,17,30.7,4.5,10.6,64992,6.7,3.5,9218,43,78,769,744,6120,6120
6.5,48,430,173,0.9,7483,2,10,31.1,5.4,19.2,54296,10.7,9.7,7935,20,72,742,779,6418,6418
7.5,54,468,84,2.7,9382,2,6,8,4.2,19.8,63895,28.4,13,8303,46,88,962,622,6776,6776
8,75,409,67,3.5,9975,1,15,32,2.2,18,75378,14.9,7.2,10758,32,109,968,694,6686,6686
1,8,56,10,0.9,1234,1,9,4.6,0.9,2.6,9454,2.1,1.8,1411,3,10,106,100,956,956
8.5,57,585,19,2.9,9467,1,10,29.2,8,12.7,80528,35.4,11.2,11793,48,108,870,940,7150,7150
7.5,48,472,118,0.5,8546,1,19,24.5,0.8,5.4,66795,22.8,14.4,9366,37,109,948,530,6664,6664
0.5,4,26,13,0.4,596,1,20,0.6,0.3,0.3,4619,2.2,0.3,716,2,7,64,58,422,422
8,57,440,127,2.3,9092,1,19,34.2,0.4,17.1,69493,19.8,14.4,9010,25,104,912,723,7316,7316
3,18,172,85,0.3,3779,1,12,10,2.8,4.3,29646,7.7,5.8,3694,9,32,300,360,2842,2842
3,18,156,24,0.4,3499,2,8,13.2,0.9,4.2,28937,7.1,5.7,4179,20,39,362,326,2875,2875
7,64,478,81,1.8,8301,2,12,31.5,1,5.8,67849,26.4,10.3,10269,38,106,840,772,6539,6539
4.5,30,227,5,4.1,4979,1,16,6.8,0.4,9.1,43136,4.7,4.5,5173,23,45,494,531,3901,3901
3.5,33,229,72,3.1,4298,1,6,5.7,1.9,10.3,31669,6.1,2.1,3872,7,52,432,436,3402,3402
5,38,264,111,1.1,6076,2,15,18.5,2.8,11.8,44349,10.9,7.1,6137,30,66,559,463,4262,4262
2.5,18,138,19,1.2,3130,1,15,4.1,1.2,4.5,21600,7,2.5,3732,5,26,307,213,2114,2114
5,32,283,78,4.9,5663,1,8,13.8,4.4,11.1,43218,25,5.5,6839,10,52,582,682,4240,4240
4,23,269,39,0.4,5066,1,5,14,3.3,10.6,38302,9.1,7.9,4429,24,60,433,551,3403,3403
2.5,14,145,34,0.8,3126,2,20,8.3,2.2,6.1,23669,3.1,4.5,3576,9,25,312,315,2473,2473
4.5,28,270,48,2,5609,1,5,6.5,0.4,5.1,41171,15.6,8,6167,13,42,473,651,4414,4414
1,9,64,6,0.1,1157,2,5,1.1,0.4,1.4,9238,1.1,1.6,1260,6,10,107,112,938,938
3,24,180,69,1.6,3891,1,19,7.3,0.9,2.3,29637,9.9,5.6,3477,17,40,331,262,2509,2509
8,48,539,133,1.1,9210,2,12,35.2,5.8,17.7,73604,38,6.3,10813,19,113,912,564,7652,7652
7.5,39,412,164,2.1,8605,2,11,34.5,4.1,21.5,73217,22.5,13.8,9750,24,125,888,973,6899,6899
4.5,32,258,109,3.9,5237,2,18,11.8,2.4,12.7,44096,13.4,4.5,5416,22,74,498,647,4075,4075
4,22,255,1,0.4,4437,1,4,8.7,2,11.3,34296,10.3,5.3,5126,16,63,469,347,3359,3359
6.5,35,396,76,0.7,8143,1,12,29.5,6,16.2,58123,29.6,9.5,9506,13,66,805,766,5293,5293
6.5,36,388,81,5.8,7478,1,7,32.4,4.5,17.1,59246,27.6,12.4,7165,39,78,651,557,5958,5958
2,13,108,17,1.6,2578,1,5,8.4,0.7,3.3,18747,3.3,1.8,2300,8,21,250,253,1602,1602
5.5,45,342,129,1.1,7048,1,14,17.6,1.2,6.3,50492,20,8.6,6822,27,59,694,622,5335,5335
4.5,45,306,36,3.1,5707,1,19,17.9,4,7,42646,15.3,8.7,6525,21,73,566,395,4434,4434
11,88,568,56,10.2,13143,2,8,41.9,3.1,16.9,103572,40.2,15.8,15268,30,140,1155,1296,9038,9038
2,16,106,44,0.1,2413,1,15,4.7,1.8,4.5,17500,9.4,1.3,2489,8,30,242,236,1622,1622
11,75,618,220,4.6,14203,2,4,21.8,2.2,19.7,89922,29.2,12.8,12154,50,111,1216,1367,10744,10744
2.5,15,133,37,0.2,3022,2,5,7.6,2.3,4.7,24803,9.9,2.1,3410,9,25,312,235,2168,2168
5.5,41,383,82,4.2,6096,1,15,12.8,2.8,14.4,51623,5.7,4.6,7008,15,51,601,718,4560,4560
4,32,213,48,1.9,4593,1,4,9.8,2.2,4.4,35988,8,7.2,5242,17,42,404,488,3214,3214
1.5,9,83,20,0.4,1773,1,17,3.9,0.4,3.3,13897,2,2.2,1716,7,22,162,177,1480,1480
7.5,46,404,60,0.9,9046,2,17,19.7,6.8,21.3,74289,15.6,10.2,9646,47,81,954,711,6227,6227
9,60,627,211,0.5,10781,2,15,20.8,0.1,22.2,73297,12.1,6.2,10680,39,122,1064,954,7479,7479
3,28,158,58,1.1,3304,1,9,10.4,1.6,2.9,24146,9.6,2.7,3674,13,32,389,318,2512,2512
0.5,3,29,2,0.4,600,2,12,0.8,0.5,1.1,4115,2.5,1,728,2,5,57,69,413,413
1,6,52,28,0.9,1160,1,4,4,0.9,1.4,9899,2.8,0.8,1117,3,13,117,104,814,814
6.5,57,327,74,1.4,7980,2,5,19.6,0.6,18,54915,18.6,6.3,8234,26,88,800,870,5614,5614
3,19,202,30,0.6,3469,1,9,14.9,0.3,4.8,24690,6.7,4.9,4212,14,48,355,229,2689,2689
3,28,209,5,0.3,3894,1,17,14.2,2,2.6,24741,4.7,1.6,3899,17,35,332,348,2610,2610
18,91,1040,230,3.1,20180,2,15,73.4,10.5,17.9,177683,80.2,28,23793,42,250,1896,2210,16946,16946
3.5,20,205,96,1.2,4226,1,16,17.1,0.2,5.8,31344,10.9,2.8,4975,22,48,397,333,3023,3023
5,29,325,94,0.2,6498,1,9,14.3,0.6,12.4,45942,24.7,7,6125,26,66,565,389,4189,4189
12,99,830,59,11.5,14326,1,5,22.7,9.5,24.2,116172,20.2,10.4,13533,63,201,1431,1269,10517,10517
5,28,335,132,2.1,5806,1,10,8,2,9.4,47018,13.9,9.2,5569,17,70,562,438,4049,4049
7.5,43,439,217,2.4,9326,2,14,13.4,6.5,6.7,72485,35.4,9.7,10133,52,126,785,971,6981,6981
14,73,813,183,13.9,16768,2,7,22.9,3.9,13.3,128816,36.3,20.7,18093,80,237,1419,1129,13105,13105
1.5,14,89,20,1.1,1816,1,16,2.3,1.2,4.1,13608,4.1,1.1,2045,9,19,183,144,1480,1480
7.5,68,520,64,0.1,8697,1,8,17,0.6,17.1,73690,32.2,6.8,8546,27,72,928,666,6244,6244
8,75,410,92,1.4,9922,2,20,25.7,4.2,9.1,78924,37.1,10.2,11195,56,93,931,916,7294,7294
0.5,4,30,2,0.4,576,1,17,2.3,0,0.8,4953,0.5,0.8,597,2,5,61,50,456,456
9.5,62,603,68,6.7,11078,2,16,14.1,1.2,22.8,92623,37.5,6.6,13210,21,152,1117,930,7617,7617
10.5,62,625,297,1.7,11926,1,10,10.8,7.7,9.9,104511,46.1,16.2,11940,39,110,1059,1408,8811,8811
4.5,32,265,90,2.2,5223,2,5,18,3.9,2.3,41537,5.9,3.4,4955,30,59,521,478,3672,3672
8,47,413,121,4.9,8828,1,17,25.3,0.8,17.4,75963,12.7,10.6,11736,43,124,860,574,7519,7519
1.5,14,85,2,1.3,1886,1,4,3.4,0.1,1.5,14401,1.6,2.7,1726,7,14,175,128,1441,1441
4.5,37,297,7,3.7,5220,1,9,20.7,2.1,13,39503,10,8.1,6320,29,66,514,361,3723,3723
9.5,58,562,236,0.5,12091,2,10,11.4,0.3,12.2,90873,18.1,17.4,10825,51,117,1191,1039,8148,8148
12.5,92,706,7,8.9,14838,1,8,61.8,2.3,15.1,101560,27.4,13.4,13880,50,160,1519,1756,10240,10240
5,33,278,16,0.3,6261,2,14,16.6,0.9,10.6,40430,20,3.5,6950,18,73,583,556,4573,4573
10.5,97,655,56,3.4,12359,1,9,29.3,6.5,18.1,84501,43.8,13,15032,46,143,1341,1312,10482,10482
7,56,463,99,0.9,8566,1,10,13.2,0.9,11.8,59243,20.9,10.8,9481,25,93,862,810,5882,5882
2.5,17,130,1,0.5,3041,2,9,6.8,0,3.5,21783,6,5,3714,9,34,293,308,2320,2320
3.5,25,184,28,1.3,3889,1,11,14.3,1.6,2.5,31291,14.5,2.1,4297,15,38,444,463,2930,2930
6.5,37,399,183,5.7,7760,2,14,31.1,3.6,11.5,55804,30.7,5.5,9571,18,76,799,567,5227,5227
12,102,656,262,2.7,15536,2,18,13.1,5.7,23,105234,23.4,9.5,16920,52,130,1284,1192,10710,10710
6,36,418,168,1.5,7770,2,16,24.3,5.5,9,56226,28.8,9.8,7619,24,55,658,826,5534,5534
5,42,307,145,0.4,5922,1,12,16.4,0.8,8.3,47556,24.7,4.7,7488,19,48,638,740,4024,4024
8.5,44,505,28,5,9568,2,5,22.8,0.5,21.4,76850,12.8,15.1,12397,49,130,887,846,7708,7708
2,13,112,49,1.4,2598,1,20,4.8,0.3,2.9,16537,3.2,3,2461,13,27,248,250,1975,1975
3,22,171,8,0.4,3804,1,11,4.5,2.9,6.3,25819,4.4,3,3355,16,29,327,298,2662,2662
2,19,133,18,1.7,2464,1,9,2.5,1.2,3.5,19803,2.1,1.5,2640,9,32,256,216,1890,1890
2.5,22,131,11,0.1,2976,1,18,9,1.5,1.7,21105,11.1,1.3,3563,9,42,286,342,2467,2467
13,98,731,206,10.2,16514,2,20,39.8,6.5,27,118626,26.9,15.5,18530,27,130,1683,1843,12031,12031
8,48,555,59,2,10112,2,5,14,6.2,4.2,65102,10.7,14.2,9742,54,92,970,742,6777,6777
5.5,55,380,5,4.2,7121,2,18,23.2,3,11.6,54872,26.2,5.1,6760,12,87,652,629,5494,5494
9,82,468,9,3.7,10980,2,13,33.9,6.4,23.6,83341,14.4,15.2,11773,20,152,1137,974,8251,8251
5,32,260,95,0.4,6121,1,11,6.2,2.7,8.5,41921,12.5,7.2,6089,15,61,543,418,4797,4797
1.5,13,81,37,0.8,1823,1,12,3.1,0.6,4.2,13174,4.4,2,2053,5,16,169,105,1212,1212
1.5,11,92,23,0.2,1769,2,4,6.1,0.3,1,12766,3.6,2.6,1716,4,14,175,163,1279,1279
8.5,71,572,138,4.1,9685,2,5,31.5,2.1,4.7,83653,15,14,11998,49,134,882,1239,7513,7513
2,15,130,39,1.7,2296,2,6,4.4,0.7,2.4,18455,4.6,2.9,2374,6,20,232,299,1870,1870
2,16,111,6,2,2210,2,20,4.5,1.4,5.1,18891,8.2,1.4,2600,11,25,231,215,1716,1716
3.5,20,233,55,2.9,4066,1,20,15.3,2.8,9.1,29130,15.5,7,5132,22,45,399,285,2913,2913
8,72,453,145,2.6,9828,2,17,25.3,2.6,16.9,74173,27.1,10.8,10471,54,112,900,1101,7243,7243
4.5,26,293,26,0.4,5335,1,10,9.6,2,8,39835,15.1,8.2,6527,31,66,538,443,4136,4136
2,15,117,46,1.8,2446,2,11,8.6,1.2,1.5,19862,9.2,2.6,2906,13,22,251,209,1668,1668
9.5,66,633,203,6.1,12167,1,4,13.9,1.2,18.6,81729,19.5,10.2,13799,39,124,1109,812,8070,8070
3.5,18,200,79,2.7,4411,1,17,16.4,3.1,2.5,33158,10.6,7,4909,22,32,378,513,2875,2875
5,29,319,55,4.5,5596,1,17,8.3,1.1,13.4,44561,24.5,7.4,6729,10,77,616,740,4878,4878
10,57,575,81,0.1,12766,1,16,36.3,0.6,16.4,99154,41.1,8.1,13408,67,123,1000,721,9182,9182
3,18,158,27,1.8,3362,2,13,12.3,1.1,2.4,29707,11.6,3.8,3583,17,51,337,425,2439,2439
5.5,42,372,34,4.6,6107,2,17,7.5,0.4,6.4,52746,26.3,10.8,6346,21,91,634,606,5059,5059
5,28,290,57,1.3,6457,2,18,16.3,3.2,8.5,45932,20.4,5.6,5810,22,78,528,412,4631,4631
2.5,24,153,6,1.4,3122,1,16,9.4,0.9,4.7,23863,11.1,1.3,2799,12,24,287,322,2305,2305
9,83,526,17,8.1,10205,2,5,40.1,6.7,23.4,73748,34.3,8.1,10456,60,131,1158,1253,7953,7953
9,87,462,22,1.6,10316,1,4,23,7.9,17.8,86260,23.5,14.6,11423,34,121,1084,964,8809,8809
1,8,52,28,0.8,1200,2,4,2,0,2.3,9864,4.9,1.3,1395,2,13,104,134,828,828
6.5,49,416,184,1.2,7957,2,18,23.8,0.4,16.5,56907,25.6,9.2,9534,40,80,655,560,6200,6200
8,69,515,161,8,10123,2,6,27.6,5.2,9.7,67087,14.1,15.5,9062,17,83,974,671,7054,7054
4,29,219,42,3.8,5148,2,4,16.8,0.5,6.6,36312,11.5,2.1,4887,15,41,414,499,3618,3618
3,20,186,82,2.5,3657,2,18,4.4,2.9,6.2,26177,11.2,3.1,4121,6,41,378,331,2992,2992
6.5,33,352,100,1.9,8134,2,19,21.7,1.2,16.6,62024,14.5,8.7,8826,30,69,765,949,5492,5492
7,36,370,28,4.1,7872,1,14,14.4,1.7,18.8,69488,24.1,4.1,8053,39,114,825,913,5768,5768
6,33,379,51,3.2,7173,1,9,18.9,3.2,12.6,56694,12.7,4.8,7690,30,100,609,608,5597,5597
11,56,596,290,1,13070,2,20,22.1,8.9,31.8,95949,31.2,19.1,12963,67,135,1346,1227,10611,10611
5,40,312,3,2.4,5695,1,8,22.3,4.6,3.5,46076,9.9,5.5,5684,18,76,530,713,4691,4691
7.5,40,521,57,4.7,8966,2,14,15.1,6.4,5.5,72877,15,3.9,8581,24,104,802,886,7437,7437
17.5,141,1041,429,1.1,19750,1,6,80,6,39.9,148538,62.7,30.2,19544,63,295,1942,2213,15522,15522
2,10,138,16,1.1,2488,1,19,8.5,0.8,1.2,18804,2.4,2.9,2807,5,29,237,232,1776,1776
1,10,53,26,0.8,1205,1,8,1.8,0.5,1.2,8270,4.9,0.9,1149,2,12,126,121,878,878
8,53,527,90,7.8,9247,1,6,33.5,7.7,22.2,74625,27.7,15.9,10012,51,95,983,1183,7795,7795
7.5,55,481,120,2.1,9704,1,20,12.5,7.4,8.5,66266,33.9,5,10101,35,104,862,748,6715,6715
2.5,18,156,29,0.5,2908,1,18,10.4,0.6,7.2,20084,7.4,3.5,3487,17,39,263,350,2241,2241
3.5,20,221,61,2.4,4110,1,12,4.9,1.2,5.8,34783,4.9,5.5,4373,13,36,423,390,3415,3415
7,35,365,178,5.1,8791,1,18,27.1,2.4,13.1,64471,13.2,6.6,9840,31,93,866,975,5635,5635
2,17,118,14,0.4,2381,2,6,4,0.2,1.4,18107,8.8,3.2,2694,14,32,236,255,1902,1902
6,38,305,57,4.6,7346,1,14,22.5,1.3,5.9,57597,21.2,5.5,8401,34,54,714,893,5943,5943
3,17,183,81,1,3770,2,16,9,0.2,3.7,24858,14.5,4.6,3528,19,45,329,294,2828,2828
6,46,374,135,2.5,7570,1,16,12.9,0.9,16.8,50787,14.7,5.5,7663,21,78,656,552,5189,5189
6.5,34,410,98,1,8057,2,16,24.3,0.9,4.7,53672,7,3.6,8851,27,96,841,788,5216,5216
5.5,30,383,17,5.3,6632,2,20,13.1,0.2,11.5,54881,12.9,7.8,8065,17,50,699,482,4578,4578
1,9,58,28,0.6,1263,1,11,3.1,0.9,0.6,8603,1.7,1.8,1145,3,12,113,77,887,887
7,56,388,151,4.1,8223,2,9,26.9,1.2,14.7,68047,25.8,11.9,9091,43,109,794,749,5735,5735
12,94,713,274,4,13399,2,17,22.1,0.8,31.1,97507,30.9,6.9,15777,63,153,1234,1190,11095,11095
4.5,24,249,17,2.4,5649,1,15,21.4,3.2,6.7,40953,14,5.5,5717,27,48,563,465,3876,3876
1.5,13,87,18,0.3,1776,2,5,7.5,1.5,1.2,14961,2.3,2.6,2208,4,15,167,124,1272,1272
9,69,629,43,6.2,11208,2,4,35.1,7.9,26.4,72683,15,4.7,11074,23,152,1140,1088,8225,8225
7,52,393,129,3.5,8561,1,15,15,0.8,8.1,67058,9.6,10.6,8604,32,78,743,966,6163,6163
11.5,92,593,109,0.8,13887,2,7,29.6,0.8,30.8,96967,32.6,19.5,12745,31,173,1356,1306,9911,9911
1,7,70,22,0.6,1219,2,20,2.1,0.5,2.1,8480,2.4,1.4,1200,3,13,101,124,904,904
6,57,378,149,2.4,7012,2,19,21.2,3.9,15.7,53582,21.6,5.1,7815,39,78,743,428,5129,5129
12.5,100,699,212,9.7,15444,1,7,16.7,1.7,12.1,120204,26.5,20.5,17009,43,165,1593,964,10558,10558
0.5,4,28,7,0.2,597,1,19,2.2,0.3,0.4,4196,1.6,0.3,703,1,6,56,48,442,442
10,94,536,53,8.7,12878,1,18,47.8,1.8,22.1,87934,23.5,9.2,11239,33,134,1152,1295,8123,8123
8,55,411,37,4.4,9553,2,10,34.3,4.1,8.7,78409,21,8.8,11951,28,101,832,638,6407,6407
6,45,378,117,1.4,6667,2,6,27.9,0,16.8,53701,14.8,8.2,8512,14,75,673,698,5191,5191
9.5,93,635,48,0.5,11186,2,5,13.6,0.3,18.6,87895,47.1,5.6,11993,26,87,1046,1185,8961,8961
10.5,71,622,6,10.5,13020,2,14,29.2,1.6,22.5,87412,45.5,6,13789,54,118,1314,1002,9363,9363
5,36,266,111,1,5983,1,16,11.6,0.2,11.8,48051,5.4,6.8,6795,33,70,626,358,4031,4031
3,21,151,3,1.4,3470,2,13,5.9,2.8,8.9,25251,4.2,1.9,4422,19,49,384,309,2784,2784
6,36,327,0,4.4,6727,2,16,26.2,1.5,7.3,57070,22.9,5.6,7840,37,69,603,500,5192,5192
1.5,10,76,34,1.1,1670,1,20,2,0.5,3.4,12240,3.5,0.9,1726,6,14,186,117,1439,1439
8,50,504,52,1.9,9029,2,12,26.7,1.6,22.9,71020,21.3,10,10886,21,93,993,579,7506,7506
8.5,71,490,147,3.7,9547,1,12,37.6,0.4,5.8,81709,13.6,8.8,12235,39,122,978,890,7160,7160
2.5,19,163,45,1.9,2995,1,4,9.9,1.7,3.9,24283,7.5,3.3,3543,11,35,324,283,2210,2210
6.5,52,352,21,5.2,8252,1,15,12.4,3,9.7,53178,27.3,7.1,8345,42,72,743,703,6183,6183
6,46,338,160,4.6,7200,2,12,6.3,0.1,6.1,58557,9.9,9.9,7887,31,93,689,870,5094,5094
9,65,526,69,8.6,10382,2,5,30.1,2.9,13.2,80696,25.4,14.5,10006,53,100,1012,1337,7741,7741
9.5,64,533,15,7.8,12231,2,11,20.2,8.5,9.9,86797,21,8.2,13812,55,102,1100,888,8646,8646
3.5,29,177,27,0.2,3931,1,15,11.3,1.3,7,28264,13.8,2.4,5069,21,39,399,268,2866,2866
6,41,367,19,3.8,7387,1,14,22.6,1,16.5,56733,8.2,10.3,8226,31,69,760,892,5874,5874
6,40,400,50,1.7,7687,1,20,21.3,1.4,12.9,56037,20,5.1,8801,14,91,727,592,5838,5838
5,39,264,74,1,6286,1,4,12.3,3.4,12.4,47779,12.2,4.4,6396,17,77,582,540,4895,4895
4,33,224,7,2,4717,2,9,11,2.3,3.9,39249,16.3,7.2,5690,17,64,495,550,3892,3892
14,96,715,209,11.9,17072,2,14,20.7,2,15.5,138035,39.6,19.5,20821,80,194,1693,1258,13259,13259
10,98,557,159,3.5,11258,2,14,35,7.7,11.5,96511,32.1,18.5,12652,65,140,1116,814,8390,8390
4,33,234,26,2.6,5011,2,12,13.9,3,6.5,36543,11.5,2.8,5547,21,66,503,438,3687,3687
3.5,33,220,25,0.9,4538,1,4,16,3.5,4,29129,15.4,3.9,4572,15,43,424,484,3075,3075
14,103,939,125,5.1,17706,1,6,59.7,8,23.5,136331,30.5,14.2,20891,92,174,1676,1665,12534,12534
14.5,140,972,384,9.6,18359,1,9,53.1,6.9,29.7,125966,25.2,27.3,16217,58,191,1529,1153,13670,13670
3.5,23,202,94,2.2,4068,2,8,5.1,0.7,8.3,32118,3.9,1.9,4579,11,52,434,415,3117,3117
10.5,57,583,258,10.3,12636,1,4,37.4,4.8,23.5,91217,29.3,5.7,15125,49,114,1212,1269,8683,8683
12,79,624,326,11.6,15114,2,13,21.8,6.8,32.5,116805,40.6,21,17441,61,123,1383,1231,10346,10346
7,36,444,54,3.8,8016,2,10,20.3,1.7,16.7,63599,23.9,11.3,8279,17,73,723,591,6413,6413
2,15,121,39,0.4,2468,1,15,5.1,0.7,2.4,18138,9.5,3.2,2443,6,26,244,259,1746,1746
1.5,8,95,27,0,1833,2,11,5.8,0.3,3.5,14803,4.2,1.6,1877,8,23,189,115,1432,1432
9.5,85,479,191,1.6,12256,1,18,23.1,7.8,23.5,80437,26,9.3,10946,37,96,993,682,8945,8945
3.5,34,212,36,3,4382,1,7,3.6,2.5,6.6,31447,16.9,4,4692,12,48,365,357,3072,3072
0.5,4,26,1,0.1,598,1,13,1.7,0.3,0.7,4836,2,0.3,632,1,5,61,48,458,458
2.5,25,164,55,0.7,3150,1,19,5.5,2.3,5.9,24874,5.1,4.8,3477,17,28,271,191,2349,2349
9,86,577,37,7,11114,1,11,31,2.5,19.6,87999,22.9,9.9,10827,47,105,1092,752,8214,8214
7,52,364,1,5.9,8136,2,17,19.6,0.7,3.9,62524,34.6,6.5,9582,36,68,845,912,5685,5685
12,117,796,324,3.1,13705,1,15,30.6,6.1,9.8,116545,17.8,7,17389,37,194,1326,1754,11993,11993
7.5,43,439,52,0.9,8866,1,17,25.6,6.2,20.3,72159,25.7,6.4,11228,28,81,838,739,6886,6886
3.5,34,219,36,1.9,3906,1,11,16.9,1.9,2.6,29255,10.8,1.8,4599,24,36,391,262,3496,3496
11,59,609,158,8.2,13900,1,7,27.1,5.9,11.3,88724,53.6,21.4,14669,23,126,1147,1506,9311,9311
1.5,10,76,15,1.2,1689,2,17,3.8,1.5,0.9,14713,4.7,1.2,2243,4,17,156,217,1471,1471
7,53,382,79,6.2,8251,1,20,23.9,2.5,5.8,63190,18.8,12.5,9243,19,89,782,565,6055,6055
4.5,41,235,51,3.5,5077,2,5,19.3,3,8.6,36384,9.4,7.3,4975,29,68,573,390,4050,4050
7.5,39,412,207,5.2,8630,2,14,20.2,4.5,11.2,66800,37.2,9.6,8846,19,119,952,1069,6718,6718
9,64,541,237,4.8,10503,1,13,30.9,8.9,10.3,82938,33.9,12.9,12880,26,135,983,1319,8173,8173
4.5,38,233,113,2.5,5539,1,11,9.9,3.5,3.4,37974,16.8,3.2,5988,24,59,491,401,4185,4185
5.5,41,308,141,3.2,6586,1,13,12.9,0.6,15.1,44557,11.3,9.4,6911,38,86,713,776,5138,5138
4.5,38,227,46,2.8,5306,1,17,6.7,1.2,10.3,42431,22,4.9,5686,11,64,472,366,3916,3916
3.5,27,216,69,0.6,4343,2,9,15.8,1.5,9,33791,15.8,2.2,4385,12,54,356,442,3427,3427
8.5,85,521,29,7.7,9659,1,11,19.7,2.1,8,83804,29.5,13.8,12236,28,127,970,922,8282,8282
9.5,89,502,256,2.6,11676,1,7,14.1,5.6,25.8,81853,13.4,15.5,11794,60,103,1041,1083,8814,8814
8.5,56,476,110,8.5,9969,1,4,9.2,2.2,18.1,76185,33.1,12.7,9537,57,115,1044,710,7098,7098
5.5,54,339,90,1.6,6954,1,9,20.9,0.2,5.9,53419,21,3.9,6493,38,79,682,656,4928,4928
2,15,110,52,1.9,2495,2,7,4,0.1,3,16059,4.2,1,2336,8,20,249,185,1792,1792
11,60,596,57,2.4,13585,1,18,54.4,10.3,20.4,103389,48.5,17.6,16313,36,113,1322,1023,10308,10308
6,40,367,105,0.7,7581,2,5,14.7,4.4,17.2,53139,22.3,5.2,8663,19,55,610,650,4821,4821
8,78,405,92,5.6,10372,1,7,21.7,2.2,23.1,73069,26.2,10,9708,32,93,851,1083,7476,7476
14,105,867,359,11,17067,2,4,63.2,5.1,19.9,115218,41.2,22.1,20464,85,187,1545,2044,12537,12537
0.5,3,33,11,0.5,634,2,12,2.1,0.4,0.8,4671,2.4,0.7,732,3,8,63,42,437,437
2.5,18,157,46,1.5,3220,2,11,7.3,2,3.7,23489,9.2,4.2,3552,6,28,255,224,2105,2105
4.5,33,289,51,2.2,5323,2,13,5,1.1,4.1,39937,8.5,8.9,5327,20,44,525,562,3916,3916
8,75,492,34,6.7,8970,2,17,31,1.6,22.7,76936,32.8,13.7,9788,34,81,887,1101,6707,6707
3.5,24,192,38,1.3,3916,1,15,8.7,2.6,4.2,34956,16.4,5.1,4468,8,58,392,352,3311,3311
0.5,3,32,1,0.2,553,2,13,2.2,0.1,0.9,4779,2.2,0.4,590,2,6,53,51,444,444
1.5,12,93,10,1.4,1675,2,4,2.3,1,4.4,13171,3.7,2.6,1743,6,16,190,184,1274,1274
2.5,14,162,40,2.3,2768,2,15,4.3,2,6.6,20064,10.8,3.5,2984,13,41,324,248,2327,2327
8,54,486,191,6,8879,2,9,18.9,1.4,4,78464,25.3,7,10316,35,91,990,903,7180,7180
4.5,42,236,9,0.8,5752,2,6,12.4,0.7,9.4,43693,6.5,7.4,5386,13,49,568,654,3675,3675
5.5,32,360,135,1,6987,2,8,23.7,1.4,10.1,44239,11.4,8.9,6378,17,65,590,690,4703,4703
3,17,207,17,0.6,3863,2,8,8.8,1.2,3.8,26677,10,4.6,4078,6,30,342,275,2951,2951
1.5,10,105,12,1.2,1718,1,5,3.5,0.5,2.6,14354,5,1.6,1687,5,19,163,185,1485,1485
16,157,819,83,1.4,20092,2,10,72.7,2.5,47.7,154554,24.5,18.2,20229,105,174,1890,2139,14849,14849
7.5,45,380,6,2.9,9070,2,13,19.3,2.5,4.7,70638,17.5,8.8,11067,48,82,919,1088,7275,7275
11.5,95,754,102,10.3,14185,1,8,57.1,4.7,13.6,114898,55,18.6,12849,74,178,1228,911,10583,10583
8,55,490,109,7,8973,2,18,26.9,4.5,14.6,69513,21.3,8.2,10075,47,120,928,1137,7451,7451
4,30,249,7,0.1,4727,2,14,16,1.9,8.4,32894,7.5,3.6,4558,11,55,443,389,3949,3949
4,26,256,109,0.1,4898,2,4,10.1,2.8,11.3,37274,4.6,5.3,5408,15,67,493,507,3896,3896
0.5,3,27,11,0.5,589,1,13,2,0.3,0.6,4369,1.3,0.8,707,2,8,53,51,444,444
11,99,623,274,1.2,13305,1,13,12.6,6.6,29.9,107225,43.2,15.4,16221,42,110,1362,814,9742,9742
8.5,83,532,235,4.7,10423,1,9,13.5,6.9,15,75796,14.2,10.2,10534,30,141,895,960,8050,8050
6.5,41,340,91,3.7,7350,1,20,20,4.4,14.5,61797,27.8,3.4,9606,25,79,693,568,5901,5901
10,70,523,190,4.3,12412,1,15,16.1,9.1,26.1,99071,23.9,13.1,12742,53,165,1218,980,9660,9660
4.5,30,244,21,3.2,5282,1,7,19,0.5,3.3,43194,20.9,3.2,5887,28,75,578,634,4322,4322
4,30,209,19,3,4589,1,4,4.3,3.2,6.2,36736,9.6,6.6,4989,16,37,412,436,3398,3398
9,73,484,199,6.3,10555,2,4,27.8,4.2,23,89458,33.3,17.5,11969,31,137,1042,1283,8462,8462
3,23,165,79,0.5,3744,2,16,4.4,2.3,4.5,29577,13.8,4.1,4304,11,48,348,337,2765,2765
5.5,46,311,27,3.8,6157,2,19,21.5,4.1,8.9,53516,24.8,8.3,7281,13,91,674,500,4667,4667
9,61,564,188,1.1,10138,1,13,19.9,2.8,20.7,81773,17,5.3,10945,43,101,1132,1122,8944,8944
6,36,321,137,2.5,6883,1,14,17.7,2.3,14.4,55193,13.9,5.4,7349,17,102,654,825,5800,5800
3.5,30,244,33,1.3,4115,1,8,11.8,2.5,2.5,31840,11.6,6.3,4626,7,46,381,267,3494,3494
1,6,54,23,0.8,1129,1,17,2.4,0.8,2.2,9279,1.4,0.8,1154,5,17,119,123,828,828
3,24,168,44,1.6,3498,1,8,6,1.8,4.9,29243,14.4,2.6,3713,12,40,377,349,2756,2756
13.5,129,921,339,3.7,15681,2,7,53.5,11.2,22.6,115526,32.6,18,19915,87,203,1611,1665,10961,10961
9.5,89,625,48,6.7,11726,2,15,26.5,0.4,10.8,80170,41.3,5.9,12913,29,95,1105,1067,8501,8501
2.5,18,154,30,1.1,3136,2,18,10.8,1.2,5.2,24877,7.4,3.9,3060,12,34,295,247,2123,2123
17,122,1137,118,11.2,21701,1,7,29.6,2.9,8.8,147905,78.6,21,24864,36,169,1907,2466,15476,15476
1.5,10,92,30,0.2,1664,1,13,2.8,0.7,3.9,14620,5.9,2.6,1963,6,14,178,168,1303,1303
2,17,129,2,0.2,2532,1,20,6.8,0.8,4.7,19651,3.9,2.9,2403,9,21,240,217,1986,1986
8,77,495,200,3,9610,1,11,33.6,7.3,5.5,66341,36.7,5.2,10183,27,100,956,570,7864,7864
4,26,216,42,0.6,4830,2,19,6.1,0.2,7.5,32797,4.6,3.5,5450,14,57,425,526,3506,3506
8,67,427,90,4.7,8876,1,15,9,6.2,23,75600,22.1,14.6,11235,33,87,857,830,7437,7437
11,91,600,314,1.2,14287,1,5,43.9,0.7,10.9,105785,11.3,9.4,14145,40,142,1429,971,10805,10805
7,51,359,130,0.7,8853,2,11,34.9,1.7,18.3,56068,16.8,3.5,8762,36,103,908,827,6695,6695
7.5,59,377,60,3.8,9436,1,6,11.6,5,14.9,60063,37.1,8.2,10960,34,77,768,534,6970,6970
3.5,19,195,96,2,3987,2,9,7.2,0.5,8.7,33784,14.5,6.6,5071,8,54,384,365,3204,3204
12.5,81,729,116,10.7,14994,1,8,24.4,3.6,17.9,118978,22.6,14.3,14511,35,149,1315,934,12173,12173
3.5,23,185,61,1.2,4402,1,11,6.5,0.7,4.5,29916,15.8,3.5,3895,8,35,386,449,2909,2909
13,80,873,28,9.5,16734,1,19,21.2,4.3,30.4,112155,46.9,20,18517,59,148,1688,1915,12558,12558
5,43,293,121,2.8,5764,2,20,15.6,0.5,12.6,43282,24,9.4,5743,35,78,533,700,4036,4036
6.5,49,345,132,1,7256,2,6,28.3,3,12.2,62521,22.6,5.2,9336,38,85,832,966,5934,5934
2,18,113,52,0.7,2451,2,15,6.7,0.9,4.3,19131,6.4,1.2,2616,7,30,218,262,1876,1876
11.5,102,650,213,0.5,13985,1,18,24.5,3.5,12.7,97256,14,18.7,14302,53,156,1304,933,10132,10132
6.5,46,372,46,5.9,7492,2,7,12.5,4.4,8.7,63645,25.9,3.6,7727,26,73,657,908,6044,6044
8,75,469,89,3.6,9773,2,16,33.5,3.2,9.4,73064,20.8,13.4,10229,29,94,802,874,7377,7377
6.5,49,427,126,0.5,7344,2,4,20.3,3.2,10,62537,12.4,6,8264,18,70,752,559,5490,5490
1.5,11,79,27,0.5,1759,1,12,5.6,1.3,4,13345,7.5,2.9,1895,4,20,167,211,1401,1401
3.5,27,235,33,0,4205,1,19,11.1,2.6,5.7,33485,11.7,1.8,4329,16,46,376,327,2962,2962
3.5,22,184,41,0.1,4367,2,13,3.9,2,1.9,32609,8.9,2.2,4863,14,46,354,439,3301,3301
2.5,15,151,9,2.5,2917,1,9,4,1.5,6.5,23254,12.3,3,2821,17,37,316,232,2231,2231
5.5,42,382,147,1.4,6939,2,18,21.4,3.9,8.6,49729,8.1,10.8,7813,13,90,583,598,5456,5456
9.5,50,486,101,3.3,11253,1,4,44.4,4.8,18.1,85738,15.4,9.7,10717,45,113,1002,739,8333,8333
3,20,190,78,1.3,3743,2,5,12.7,0.6,7.9,26483,10.2,1.9,4225,8,30,305,279,2630,2630
5.5,41,363,68,5.5,6968,1,19,19.3,5.4,14.7,45170,11.6,5.8,7886,32,93,696,503,5431,5431
6.5,43,366,58,2.8,8373,2,9,12.7,0.4,14,62594,30.4,11.3,8396,17,63,822,696,5881,5881
1.5,12,102,30,0.8,1935,2,14,7.3,1.5,1.9,14511,5.1,2.5,1883,8,16,194,186,1361,1361
4.5,24,314,19,3.1,5526,2,7,5.3,3.9,4.8,38120,12.2,2.5,5219,22,47,496,365,4482,4482
7,48,354,182,0.1,8134,2,12,26.6,6,19.5,61668,11.9,10.8,7810,17,82,880,590,5800,5800
10.5,63,539,234,10,12491,1,10,42.8,3.2,13.5,90346,17.7,17.7,13858,46,150,1072,1149,10342,10342
8,65,441,24,8,9346,1,9,11.8,2,20.5,75613,23,7.5,11801,23,92,986,616,6760,6760
4.5,32,299,57,4,5609,2,4,19.5,1.5,4.4,36827,5.7,5.1,5682,15,76,478,562,4294,4294
10,52,502,1,3.5,12525,1,16,46.2,1,23.6,82292,21,19,13144,52,122,1285,1473,9185,9185
4,27,242,1,1.1,4949,1,15,7,0,2.3,35118,17.4,5.6,5118,20,36,468,519,3259,3259
4.5,23,253,104,4,5094,2,6,19.5,3.8,4.8,42804,19.1,2.5,5240,13,68,579,316,4305,4305
15,104,801,182,13,18967,1,12,40.1,10.4,42.5,125411,25,16,19130,45,138,1522,1642,13720,13720
10.5,90,587,68,6.9,12268,1,11,11.1,4.7,20.6,101624,40.9,19.2,14373,54,110,1273,1429,9235,9235
2.5,17,150,47,2.5,3188,1,15,5.9,1.1,6.9,20661,8.5,2.5,3670,5,41,313,209,2349,2349
9,48,573,76,6,10900,1,14,17.8,7.4,15.9,87427,24.3,15.7,10724,38,111,925,842,8157,8157
9,59,466,250,7,11067,1,5,23,1.3,11.9,84547,9.8,6.3,12322,58,121,1167,1065,7995,7995
4,36,243,68,1.4,4967,2,7,16.2,3.8,10.5,39101,4,6.8,5371,22,53,508,486,3464,3464
1,5,52,20,0.8,1285,1,17,1.4,0.8,2.7,9467,4.7,0.9,1144,4,15,118,90,965,965
7.5,52,466,7,2.4,8470,1,18,11.3,0.4,11.1,74926,25.1,5.4,11134,26,96,939,856,6750,6750
5,26,271,47,1.3,6291,2,11,5.9,1,5.1,46878,18.5,3,6336,17,58,638,442,4769,4769
8,49,526,33,7.1,10303,1,12,20.1,5.9,12,73322,33.9,8.7,10560,52,128,889,996,6561,6561
2.5,18,146,43,2.3,3103,1,16,2.9,0.5,2,21912,9.7,2.2,3728,8,23,273,224,2087,2087
1,8,52,9,0.1,1156,2,4,4.9,0,2.8,8782,2,0.6,1205,4,10,124,106,934,934
18,108,1016,109,17.7,20973,2,12,59.1,6.6,29.4,177010,64.6,13,21053,81,212,2168,2136,15012,15012
5.5,30,354,2,3,6094,2,13,10.4,2.3,11.1,50257,22.1,7.7,7468,23,62,551,402,5343,5343
2.5,21,139,6,1.7,3178,1,11,3.4,1.3,7.2,24860,5,3.3,3616,16,36,319,265,2119,2119
1,8,58,29,0.3,1275,2,4,2,0.4,2.5,8824,1,0.7,1354,6,10,105,94,898,898
1.5,8,79,42,1.3,1777,2,4,4.5,0.6,1.7,14170,7.2,2.7,2170,10,21,170,158,1384,1384
14,90,940,130,12.4,17058,1,9,29.1,9.8,24.3,117163,50.9,25.9,18570,80,203,1435,984,12018,12018
5,32,272,47,2.5,6415,2,5,11.7,2.1,14.6,46126,12.5,9.7,6781,11,83,649,470,4434,4434
3.5,33,177,15,3.3,4333,2,15,15.6,2.3,5.9,32598,5.2,6.9,4189,16,58,438,266,3226,3226
12,62,809,113,11.5,13597,1,14,32.8,5.3,12.7,96482,37,14.3,15929,48,169,1332,971,11974,11974
8.5,48,540,166,2.4,10470,2,10,11.5,0.9,19.6,82093,39.7,9.5,9971,37,84,920,794,6990,6990
5.5,36,348,62,1.4,6139,1,14,13.5,1,3.5,44649,13.7,7.1,6176,31,89,677,819,5035,5035
3,20,184,70,1.3,3882,1,9,13.1,0.4,8.9,24511,8.1,2,4457,8,46,345,434,2642,2642
12.5,71,781,252,1.2,15399,2,5,48.3,1,37.5,115756,36.1,10.6,16555,33,195,1382,1593,11802,11802
3,18,209,22,2.2,3668,2,13,13.2,2.8,2.9,25315,8.5,2.9,4247,10,29,353,276,2790,2790
4,25,244,112,1,4841,1,5,9.6,2.4,4.7,36782,6.3,4.6,4710,19,39,401,368,3658,3658
4.5,39,261,73,2.1,5659,1,5,10.3,1.4,10.2,41081,22,3.6,5308,24,41,574,605,3977,3977
8,75,408,38,3.5,9697,1,7,13.4,2.6,21.9,64644,15.6,5.6,11054,25,80,1025,931,7463,7463
1.5,11,96,28,0.7,1901,1,17,1.5,0.7,2.3,14088,6.2,1.4,2028,4,14,194,172,1377,1377
2.5,23,127,63,1.1,3142,1,4,2.9,1,1.9,22274,2.7,3,3624,16,29,258,335,2216,2216
2,13,130,8,1.8,2360,1,13,4.5,0.8,5.1,19872,4.1,2.3,2226,7,29,218,140,1939,1939
5.5,35,385,143,2,6686,1,14,23.3,0.1,8.1,46738,9.2,10.3,7519,13,79,574,626,5071,5071
2.5,23,157,50,2.3,2945,2,20,7,1.2,7.3,22581,7.3,1.3,3750,17,36,322,232,2120,2120
4.5,35,259,77,3.9,5597,2,16,9.2,0.6,11.8,44338,19.6,8.2,5370,25,66,506,320,3952,3952
11.5,79,628,142,2.1,14711,1,15,40.3,9,26.2,92118,49.3,5.9,12831,73,127,1427,1279,9262,9262
12,64,824,226,9.4,15115,1,14,57,8.2,23.1,101138,13.8,16.1,17579,79,114,1306,1395,9912,9912
5,43,303,45,0.9,6440,1,20,10.4,4.9,13.4,40331,15,3.7,5849,10,79,646,529,4829,4829
10,87,644,194,7.6,12192,1,9,10.2,5.1,7.3,91376,25.5,18.8,12330,63,126,1072,1141,8376,8376
10.5,86,624,109,1.3,13314,1,7,41.7,1.7,6,86739,24.3,16.4,12468,44,140,1209,1076,8565,8565
6,41,405,159,4.6,7424,1,19,8.9,3.6,14.4,51785,26.1,8.8,8413,20,100,637,607,4882,4882
5.5,32,376,124,5.1,6958,1,7,12.2,2.6,4.7,54649,14,4.7,6474,38,50,587,622,4480,4480
7.5,48,425,113,4.1,9284,1,12,17.3,1.9,6.4,60459,23.8,12,9618,35,100,959,977,6711,6711
5,47,259,47,2.2,6484,1,6,24.4,4.9,4.8,48810,14.9,4.3,7112,15,69,514,492,4904,4904
7.5,62,403,65,4.6,8746,1,7,20.2,3.2,12.1,69672,27.6,6.4,9436,37,84,820,886,6286,6286
6.5,64,329,5,1.8,7807,2,20,16,2.4,12.7,63674,13.6,6.5,7636,37,88,808,817,5864,5864
6.5,36,395,1,1.8,7339,2,10,26.9,2,14.8,62038,10.6,7.1,7596,28,91,690,491,5858,5858
7,42,464,6,0.2,7822,2,7,26.7,6.1,15.4,65286,30.2,9.1,8895,30,83,889,896,6109,6109
4,37,202,83,1.3,4472,2,4,16.8,3.3,5.3,39310,18.2,6.5,5297,24,47,492,298,3320,3320
1,5,53,12,0.5,1103,1,5,4,1,2.7,8810,2.1,1.6,1204,2,15,114,124,918,918
5,45,251,76,3.3,6285,2,6,21.2,0.8,10.3,45861,24.2,5.4,6079,34,54,560,571,4553,4553
3.5,18,219,91,3.3,4226,1,16,12,1,3.6,32673,4.2,5.5,4892,23,57,452,271,3195,3195
5,43,297,144,4.1,5724,1,9,12.8,1.6,3.1,41465,20,4.2,5781,14,83,648,456,4287,4287
4,38,262,95,2,4973,2,19,16.5,3.2,7.5,39017,16.2,6.7,5025,18,66,401,406,3865,3865
5.5,43,298,52,0.6,6528,2,17,9.9,3.6,14.9,45027,12.7,6.4,7879,20,64,587,485,5311,5311
10,79,627,90,2.2,12391,2,14,22,4.3,10.7,84607,36.6,15.3,14909,46,114,1102,1331,8419,8419
9.5,67,649,23,3.2,10589,1,7,23.2,2.2,6.2,80646,41.1,16.1,14238,36,103,982,1225,8467,8467
7,47,404,174,1.9,8321,2,8,11.7,4.8,13.1,68713,28,4.9,9751,47,100,797,886,6197,6197
8.5,66,468,223,3.3,9541,1,7,23.5,5.9,7.2,71610,25,8.7,10804,58,137,1005,1101,7742,7742
5,33,333,60,0.1,6215,1,16,24.3,3.8,2.6,49686,20.5,6,6977,20,75,534,654,4380,4380
2,19,134,21,1.7,2334,1,6,6,1.5,4.7,19724,4.5,3.8,2259,13,24,201,298,1609,1609
1.5,14,84,34,0.1,1900,1,7,4.1,0.6,3,14736,3.6,0.8,1889,10,25,184,159,1206,1206
1.5,13,98,41,1.1,1806,1,5,3.6,0.8,1.2,14692,6,1,1811,7,20,176,123,1323,1323
10,66,548,47,9.6,11524,2,13,37.1,1.4,11.2,92474,15.1,8.6,11341,25,154,1215,857,9359,9359
2,13,115,16,1.2,2231,2,10,7.6,1.2,4.4,17685,3.8,3.7,2740,7,18,232,241,1894,1894
7.5,51,383,65,7.1,8699,1,5,32.4,6.7,11.6,63843,33.4,10.5,8909,26,118,896,774,6070,6070
6,37,359,58,2.5,7508,1,8,19.1,2.1,12.3,53265,14.6,3.4,6870,30,99,619,514,5161,5161
8,59,454,179,6.4,9349,1,16,20.9,4.4,22.3,75056,21.9,12.1,10431,32,110,976,753,7831,7831
5.5,50,322,22,3.8,6317,1,19,21.3,4,9.7,48148,18.8,4.3,6837,34,67,639,751,5447,5447
10.5,69,569,293,8.9,11762,2,18,42.6,0.2,12.9,102531,39,13,14612,34,174,1156,1200,10469,10469
8.5,78,478,86,0.5,9644,1,7,29.6,5.3,5.9,70855,39.2,11.4,10327,47,132,993,1212,6906,6906
2,16,125,55,1,2545,1,15,4.1,0.4,2.8,16911,6.8,2.6,2453,6,33,251,217,1916,1916
1,9,52,21,0.5,1163,1,6,1.2,0.7,1.9,9823,1.6,0.9,1112,3,14,127,141,844,844
1.5,15,84,42,1.4,1794,2,18,3.4,0.4,4.3,14240,3.2,3,1752,10,23,150,107,1363,1363
8,48,486,94,4.4,10314,1,8,32.5,3.2,7.3,69718,29.2,8.9,10803,34,89,910,909,7388,7388
1,9,66,24,0.3,1220,2,11,3.3,0.2,2.7,9684,3.9,0.8,1467,6,15,110,149,839,839
0.5,3,31,4,0.4,592,1,20,1.3,0.5,0.4,4788,0.8,0.4,556,2,8,55,40,473,473
8.5,81,434,187,5.9,10354,2,4,8.9,3.7,16.6,81154,30.4,8.8,11300,32,83,1010,868,8236,8236
6.5,44,437,42,2.7,8399,2,19,9.3,5,4,56738,16.1,8.7,8069,34,69,775,481,5842,5842
1.5,14,76,12,1.4,1839,2,11,3.8,0.6,4.2,12585,3.1,2.1,1651,10,24,152,156,1350,1350
6.5,55,352,103,0.1,7678,1,9,12.7,2.4,19.5,53551,26.2,10.9,7166,22,69,729,499,6306,6306
0.5,4,28,14,0.4,572,2,9,0.5,0.2,0.8,4824,2.5,0.4,731,3,7,63,54,500,500
1.5,12,96,42,0.8,1945,2,17,7.4,0.5,2.7,14905,6.8,1.6,2062,10,14,176,170,1467,1467
6,55,349,166,2.4,7224,2,20,27.5,4.1,6.8,52492,16.6,10.5,8446,29,100,650,797,5245,5245
1.5,11,95,21,1.5,1806,1,6,6.1,1.1,2.5,13468,2.7,1,1995,8,18,195,210,1279,1279
2,18,105,49,1.6,2547,2,8,2.1,1.2,1.6,16919,6.6,2.5,2390,14,27,216,166,1683,1683
6.5,58,411,44,0.8,7581,1,10,16.4,0.4,10.8,53619,30.7,10,9384,17,84,744,679,5798,5798
5,36,270,24,2.2,6071,2,8,11.9,3.8,4.4,43042,23.3,9.4,6490,24,65,588,733,4303,4303
8,73,431,20,6.1,9417,2,14,20.3,0.4,20.5,71409,18.8,6.6,10795,20,99,1020,1177,6851,6851
3,20,209,55,0.5,3549,1,7,8.9,2,4.5,27686,11.9,3.7,3315,10,46,347,297,2448,2448
8.5,48,594,118,7.3,10492,2,5,15.1,4.3,18.9,81671,18.4,4.4,9674,32,125,940,609,7578,7578
2.5,25,146,38,1.6,2931,1,16,11.4,1.4,3.5,22976,6.7,4.7,2873,10,28,264,187,2266,2266
2.5,13,170,33,2.2,2775,2,4,3.8,1.2,4.6,24096,10.9,3.7,2907,12,31,287,366,2498,2498
2.5,19,129,33,0.6,2887,2,4,6.9,1.2,4.5,23981,10.8,4.2,2822,13,32,278,334,2425,2425
9,58,478,17,0.3,10721,1,5,42.7,8.2,24.6,75684,23.8,7.6,13231,20,142,1169,782,8062,8062
3.5,27,206,88,3,4545,1,5,12.9,3.2,2.9,28513,3.5,6.1,5185,24,33,362,500,3067,3067
9.5,61,558,61,4.3,10504,1,9,22,2.6,11.5,92265,15.4,10,12539,46,129,1134,1151,8950,8950
2,18,123,31,0.7,2491,1,15,2.6,0.4,5.1,19891,4.9,2.8,2706,4,33,232,193,1691,1691
9,63,479,107,6.1,11468,2,7,13.3,5.5,25.7,76893,34.3,9.6,13239,53,111,1026,1271,7248,7248
20.5,158,1278,298,20.2,26282,2,16,61.5,7.9,43.1,176041,52.2,27.4,26778,87,298,2529,1590,19011,19011
7,49,422,140,5.8,8407,1,10,21.6,4.2,4.7,61483,33.9,9.9,9757,20,91,899,975,6102,6102
7.5,38,482,65,7,9064,1,15,32,5.6,9.1,66278,25,11.1,8705,18,115,918,838,6909,6909
5.5,45,333,31,0.4,6199,1,19,7.1,5.1,7.5,48516,15.9,4.5,7102,20,69,586,573,4580,4580
2,17,113,4,1.5,2248,2,20,5.2,0.5,3.7,19517,2.1,2.6,2832,10,30,253,185,1818,1818
10,62,512,253,6.3,11557,1,14,11.3,3.4,20,82793,19.5,18.9,13794,66,126,1086,1277,8480,8480
15,131,781,256,6.8,18435,1,20,66.9,0.1,44.5,143796,30.3,9.9,22342,70,194,1750,1412,13488,13488
4,33,204,41,1.8,4540,1,19,5.2,3.4,4.7,39050,7.3,7.7,5118,10,52,469,313,3901,3901
7,49,475,40,0.4,9003,1,11,24.1,4.6,6.8,69754,32.7,4.4,8952,14,78,705,944,5671,5671
5.5,46,324,37,0.9,6441,1,17,14.2,2.2,16,51502,22.8,10.1,8159,35,78,666,409,5205,5205
1,10,59,1,0.8,1236,2,14,3.2,0,1.5,8335,4.1,2,1274,4,16,122,108,842,842
6,46,392,64,5.1,7467,2,17,6.9,3.8,9.1,53500,10.8,4.9,8019,16,60,771,636,5660,5660
7,44,399,136,5.4,8906,1,14,21,0.6,9.3,62506,34.9,9.2,9203,23,81,761,1023,5857,5857
5,29,317,134,0.2,5964,1,20,12.9,4.9,5.7,44572,24.8,2.6,5637,11,83,516,468,4767,4767
9.5,77,636,66,7.7,11457,2,15,34.6,2.5,21.4,88009,38.7,15.3,12179,41,115,1053,1288,9381,9381
7.5,45,422,128,5.7,9686,2,14,12,5,10.9,73195,19.5,8.3,9669,31,120,839,625,7146,7146
9,61,595,241,6.9,11560,2,17,43.5,0.7,10.7,82844,44.9,6,10373,60,124,1141,775,7208,7208
1.5,10,75,35,0.6,1773,2,12,3.7,0.1,1.4,14589,5.7,1.7,1875,7,20,161,156,1324,1324
2.5,21,132,31,0.1,3114,2,20,4.1,0.2,4.5,21132,10.8,2,2944,10,23,256,250,2239,2239
0.5,4,29,4,0.3,614,1,16,1.7,0.1,0.6,4305,0.8,0.7,567,1,7,56,64,497,497
2,12,110,1,1,2346,2,18,9.3,1.7,5.8,18849,6,1.1,2467,10,22,214,193,1838,1838
6.5,64,446,123,0.4,8356,1,17,15.9,4.5,10.9,58104,12.2,5.3,9220,25,84,785,856,6291,6291
9,74,551,195,2.3,11023,2,17,29.6,3,18.5,88188,44.1,8,12263,51,150,1118,926,7984,7984
7,56,368,72,0.7,8833,1,11,18.2,2.4,13.5,65068,15.8,6.9,10202,34,82,886,656,6206,6206
8.5,58,548,126,1,9388,2,10,33.2,7.8,10.9,78114,24.5,9.4,11306,34,141,1090,897,7314,7314
14,81,729,231,9.5,17671,1,9,50.2,8,38.2,128715,65.6,7.3,18062,67,217,1664,1835,13795,13795
1,6,56,4,0.4,1114,2,4,4.1,0.7,1.8,9439,4.4,1.4,1471,2,15,111,132,848,848
3,28,209,39,2.1,3516,2,11,12.9,2.4,5.4,26191,7.3,4.8,3373,6,45,367,369,2462,2462
16.5,105,1024,276,4.9,18627,1,16,47.7,6.7,28.7,159391,44,18.9,22767,91,229,1970,1482,14962,14962
7.5,74,470,53,6.2,9471,2,12,11.2,3.6,10.6,71077,13.8,5.8,9339,22,77,813,556,6397,6397
11.5,79,584,169,6.1,14045,2,8,21.1,10.8,11.4,99212,21.2,19.1,12789,28,126,1299,1357,10649,10649
15.5,122,868,350,2,18193,2,7,41.7,8.8,34.1,151383,36.3,12.2,20282,69,202,1779,1139,14963,14963
1.5,15,100,21,1.3,1866,1,18,5.3,1.5,2,13647,4.5,1.9,1868,10,19,192,121,1284,1284
1.5,14,85,42,1.4,1889,2,17,6.9,0.9,0.8,14369,5,2.7,2077,9,21,170,126,1411,1411
4,33,237,13,3.1,4944,1,14,9.8,3.9,8.7,38194,14.1,5.5,4485,22,53,405,574,3402,3402
10.5,90,630,110,8,13155,2,20,51.4,7.9,8.2,86187,32.5,15.3,11997,66,104,1329,1369,8820,8820
6.5,58,418,89,0,8071,1,10,19.8,0.6,9.6,53723,28.5,7.3,9256,18,103,681,508,5324,5324
4.5,24,298,96,2,5669,1,7,12.5,4,5.1,42386,13.2,8.1,6734,10,52,551,484,3897,3897
7,61,438,198,4.2,8017,2,5,31.3,4.8,18.2,69780,7.2,5.8,7991,24,105,743,764,6151,6151
7,53,401,97,4.1,8569,2,17,12.5,0.9,16.6,63028,7.8,9.3,9548,49,109,734,731,5629,5629
0.5,5,28,10,0,630,1,19,1.5,0.1,0.5,4546,1.6,0.7,598,3,5,60,45,496,496
3.5,25,241,82,2.4,3988,1,8,10.2,2.6,6.8,34330,5.3,6.8,4733,9,43,389,310,2849,2849
10.5,90,594,32,10.2,12582,1,20,17,4.6,15.6,97919,36.1,7.7,12515,24,127,1218,914,9222,9222
10.5,92,678,78,3.5,12096,1,15,29.5,7.5,16.1,85311,11.8,17.2,15041,32,133,1291,1453,9768,9768
6,59,345,15,0.7,6935,1,12,25.7,4.2,15.3,56307,10.4,3.8,7920,40,71,678,838,5876,5876
3.5,30,235,70,2,4175,1,8,13.3,3.5,9.6,34153,12.4,2.9,4741,12,36,386,316,3178,3178
4.5,39,241,101,2.8,5258,1,9,17.7,1.6,10.4,36574,7.7,5.7,5882,19,65,570,412,4407,4407
1.5,15,101,13,0.4,1651,1,14,4.3,0.4,2.5,14468,4.6,1.5,2215,5,25,193,160,1287,1287
2.5,14,135,28,0.6,3244,2,9,8.9,1,2.4,20637,12.1,1.8,3491,12,29,273,294,2240,2240
5.5,51,361,135,3,6286,1,4,24.7,4,12.2,49490,14.9,11,6197,17,50,658,784,5422,5422
9,68,554,18,0.2,10934,1,11,38.4,2,25.9,77073,12.5,10.6,11590,38,111,1066,805,8972,8972
4.5,33,238,118,2.4,5799,2,13,7.4,2,10.9,43462,6.5,7.9,5550,21,53,451,326,4353,4353
11,107,751,133,9.5,13397,1,10,30,7.6,24.6,97848,15.4,16.5,15929,40,105,1201,904,10527,10527
6,32,351,139,4.6,6669,2,12,21.7,4.5,13.4,52789,21,11.5,7073,19,73,737,702,5192,5192
5.5,33,349,134,4.1,6278,2,18,18.6,4.7,7.5,50808,18.4,6.9,6848,12,76,597,758,4503,4503
8,74,543,116,6.8,9928,1,19,26,1.1,10.4,73093,19.1,7.6,9589,22,130,811,952,7273,7273
13.5,70,809,209,7.8,16213,1,4,25.2,3.4,38.9,127993,55.4,25.9,16837,71,155,1538,1071,12212,12212
7,39,383,148,7,8602,1,15,8.8,3.2,12.8,62870,30.5,13.6,8446,32,85,771,649,6458,6458
9,87,529,196,2,11070,2,12,20,6.5,11.2,73500,33.3,8.1,10046,44,94,1126,1116,7259,7259
3.5,30,206,34,1.4,4099,2,13,10.8,1.1,3.5,30025,6.7,2.9,5064,12,45,407,407,3250,3250
13,66,763,224,7.4,16693,2,20,22.4,4.6,21.2,113832,46.5,20.6,15789,57,169,1388,1829,11047,11047
5,37,276,44,3.1,5838,1,10,18.9,0,8,49182,9.6,5.8,6729,17,57,502,450,4125,4125
4,31,275,7,0.9,4890,2,8,18.3,2.5,6.3,35992,7.9,6.1,5437,19,37,496,432,3944,3944
9.5,77,538,227,4.6,10595,1,9,35,5.2,23.6,76833,30.1,10.9,13666,47,118,1056,1295,8041,8041
9.5,64,543,164,8.4,11405,1,15,37.9,4.2,21.8,83423,25.1,6,10795,22,121,1101,755,9324,9324
2,12,112,16,0,2369,1,13,4,0.1,2.8,17683,8.7,3.6,2268,13,32,241,264,1807,1807
7.5,72,406,109,1.9,8870,1,14,32.9,6.2,7.6,74357,35.2,4.2,9110,19,86,960,706,6473,6473
1,9,52,23,0.3,1248,1,10,4.8,1,2.1,8062,4.2,0.6,1192,4,15,126,106,910,910
4.5,31,281,77,1,5176,2,11,5.1,1.1,12.7,40958,18.9,8,5819,16,65,490,501,4184,4184
9,55,612,213,2.2,11405,2,16,26.8,5.4,26,83954,24,6.8,11171,58,87,1024,1081,8919,8919
2,18,122,27,0.2,2442,2,4,2.9,0.7,2.2,18793,5.4,3.4,2373,8,21,220,229,1697,1697
1.5,12,84,39,0.8,1762,1,19,2.6,1.3,2.1,13055,4.8,2.1,1890,6,14,180,167,1436,1436
3.5,32,187,49,2,4446,2,16,8.9,0.3,2.1,31364,11.2,2.1,4081,7,40,448,312,2994,2994
3.5,31,208,26,2.4,4362,1,17,15.5,3.1,9.2,30498,9.1,3.8,4517,17,49,383,362,2892,2892
5.5,38,354,43,0.9,6852,1,6,18.4,0.2,9.3,53492,18.1,7.9,7217,25,58,683,535,5017,5017
3,20,166,65,2.8,3747,2,13,6.6,0.8,3.9,28328,12.8,1.9,3617,9,31,345,348,2961,2961
0.5,4,28,9,0.2,558,1,17,0.6,0.2,1.4,4793,2.3,0.7,715,3,8,51,46,446,446
12.5,122,650,355,4.5,15326,1,7,18.8,6.7,15.7,106801,52.4,25,16625,46,183,1601,1720,12480,12480
3,30,183,5,2.1,3453,1,9,11.4,2.6,2.8,28334,6.4,2.7,3355,10,36,364,259,2955,2955
10,76,573,34,3.5,12525,2,16,14.5,2.4,20.3,87396,17.6,13,12781,67,170,1079,899,9462,9462
3.5,34,242,81,2.1,4501,2,13,10.3,0.3,2.3,32282,5.1,3.2,3887,19,58,364,429,2895,2895
9.5,56,637,135,4.8,10829,1,13,36.8,9.1,19.4,77549,26.1,11.2,13531,41,128,1220,762,8340,8340
4.5,35,244,130,2.2,5130,1,19,17.7,2.4,13.2,38392,8.7,3.3,5788,19,76,468,646,3707,3707
6.5,65,358,43,6.5,7812,2,12,18.3,2,10.7,63650,18.6,8.5,7342,42,96,789,757,5841,5841
5.5,32,383,22,5.4,6716,1,18,12.7,0.4,4.7,46621,17.1,6.1,8013,17,66,592,512,5043,5043
7,43,447,183,4.9,8753,1,4,32.4,5.1,19.7,66323,10.3,11.6,9608,41,81,879,600,5921,5921
4,22,242,12,0.1,4536,1,16,9.4,3.5,11.1,39629,5.7,7.6,4799,24,47,490,449,3628,3628
11.5,105,606,105,0.5,13940,2,10,13.7,7.8,9.3,109751,41.8,21.9,14413,27,126,1262,871,9369,9369
8.5,52,528,243,8.3,11040,2,17,15,5.1,12.8,81177,26.3,4.5,11130,53,122,1024,744,8022,8022
7.5,58,518,143,1.7,9138,1,18,23,3.8,19.7,65914,14.2,5.5,10670,16,80,836,924,7392,7392
4.5,25,228,33,3.2,5812,2,17,22.5,1.5,5.9,42785,19.5,7,5035,15,74,507,444,3887,3887
12,104,735,78,1.6,15229,1,15,43.4,3.5,31.6,116602,27.8,14.2,17868,27,134,1262,1395,11985,11985
2.5,13,158,39,1.3,3101,1,20,9.2,1.7,4.9,21870,2.8,4.3,3183,9,32,287,181,2436,2436
2,12,105,27,1.4,2392,1,15,6.3,1.1,5.1,18293,6.4,1.1,2382,7,20,219,235,1877,1877
2,17,135,49,0.9,2360,1,17,4,0.5,4.5,18417,4,2.7,2813,4,19,208,255,1645,1645
12,97,619,247,1.5,15194,1,7,33.3,0.9,14.5,119488,18.4,10.7,15378,53,163,1330,1357,10142,10142
12,84,752,17,10.2,14664,1,6,16.6,11.4,25.3,105208,56.4,18.1,16835,62,152,1327,1786,11251,11251
11.5,98,648,172,8.9,13331,2,5,29.8,7.1,17.6,99334,42.4,21.9,13707,44,151,1444,1432,9217,9217
9,49,504,197,5.4,9939,2,18,44,4.6,15.7,84179,11.3,16.8,13168,23,121,904,1307,8334,8334
7,62,469,164,5.9,7813,1,18,24.8,1.6,12.3,69774,11.3,7.6,9052,20,77,835,782,6654,6654
2,11,138,54,0.8,2367,2,12,6.7,0,5.8,19589,3.8,3.5,2492,8,31,241,187,1844,1844
8.5,70,484,104,5.4,9470,2,20,19.7,6,4.5,78698,34.1,11.5,12426,26,141,851,941,7931,7931
2,11,107,15,1.2,2556,2,12,3.9,1.9,3.4,17673,9,3.2,2488,6,29,253,275,1649,1649
3.5,19,214,15,1.5,3981,2,5,11.4,1.6,2.2,28504,3.9,6.8,4262,19,36,453,336,3362,3362
8.5,59,528,137,2,9910,2,7,19.4,0.1,14.8,69545,11.1,12.8,11435,53,135,1009,749,6857,6857
7,49,451,64,5.4,7893,2,17,9.9,5.5,11.8,66809,19.1,12.5,9210,34,74,896,1028,5778,5778
2,14,110,7,0.7,2355,2,15,3.3,0.8,2.4,16581,2.9,2.4,2205,10,20,213,206,1735,1735
4.5,30,234,78,2.6,5308,1,15,10.4,2.3,12.3,44409,14.5,2.6,6557,25,63,577,565,4063,4063
4,29,278,80,3.1,5190,2,6,16.2,0.5,3.3,33777,13.6,4.9,5028,18,54,418,349,3362,3362
7,37,430,116,0.3,7817,2,14,26.3,3.4,10,60636,22,4.2,9936,48,111,711,979,6486,6486
2,19,110,30,1,2568,1,13,9,2,5.7,18358,2.6,2.5,2875,6,25,204,230,1960,1960
5.5,29,309,130,5.1,7001,1,13,14.6,4.3,5.4,51501,16.9,9.8,7242,24,55,593,775,5096,5096
4.5,42,313,105,2.9,4980,2,7,13.5,0.4,6.3,42983,6.8,5.6,5153,14,70,479,577,4251,4251
2,16,122,41,1.7,2473,2,12,4.4,0.3,1.2,17776,9.4,3.7,2227,4,31,223,154,1830,1830
8.5,54,483,236,4,10599,2,17,40.2,1.2,17.2,79910,27.9,7.1,10381,32,80,1003,1086,7813,7813
7,50,409,22,6.7,8058,2,17,12.2,3.2,14,68229,7.2,13.9,8944,46,91,773,938,6931,6931
9.5,77,534,260,0.4,11774,1,4,34,0.6,23.1,86499,37.4,9,10584,40,121,969,957,7786,7786
2.5,19,166,12,2.3,3104,2,4,6,1,5,23607,2.6,2.6,3392,9,24,268,325,2309,2309
11.5,85,739,21,0.5,13964,1,5,21.1,7.7,27.8,92101,36.7,16.6,14606,35,169,1253,1599,9441,9441
2,13,119,4,1.3,2299,1,12,3.1,1.7,3.2,18958,6.9,1.4,2616,12,25,204,282,1928,1928
10,80,671,198,9.9,12026,1,15,37,7.4,27.1,98694,22.3,15.9,14637,64,121,1086,784,9764,9764
4,26,241,58,0.4,5124,1,6,14.8,3.9,9.1,33609,10,5.2,5899,19,49,431,517,3950,3950
3.5,27,218,67,3.3,4406,2,14,12.5,2.6,7.9,30031,6.6,4.1,3913,7,46,394,319,3426,3426
6,54,389,41,0.7,6844,1,13,22.6,5.2,17,49054,17.6,9.4,6745,21,90,741,801,5727,5727
7.5,38,410,132,4.3,8807,1,17,26.5,1,7.9,61760,23.2,11.4,8844,47,98,763,683,7149,7149
