Cultivated area (hec),Tillage (frequency),Operations (frequency),Seed (Kg),Seeding (frequency),Urea (kg),Phosphate  (kg),Potash (kg),Micronutrients (Kg),Carrying (kg),Fertilizing (frequency),Insecticide (lit),Herbicide (lit),Spraying (frequency),Cultivator (frequency),Water (m3),Irrigation (frequency),Harvesting (frequency),Loading & unloading (kg),yield (kg),Diesel (lit),Electricity (kwh),Calculated carbon emission (kg co2-eq),Carbon emission-CFT (kg co2-eq)
1,1,2,3,1,500,100,50,10,660,2,5,2,6,20,8000,1,50000,0,50000,10,3800,9000,156264.924
1.5,1,2,3.5,3,224,127,88,16,558,2,3.4,1.4,4,5,5794,4,20,74739,74739,59,2637,24899,233480.601
1,1,2,2,2,128,93,62,11,399,2,2.2,0,4,5,4077,5,17,47489,47489,37,648,17486,148370.561
1.75,2,1,2.6,1,310,182,86,17,727,1,3.5,0.9,3,3,7793,7,21,86898,86898,69,1895,30739,271482.1206
3,2,2,6.5,3,449,327,121,23,1109,2,7.4,0.8,3,4,11322,6,21,149579,149579,106,6221,44891,467329.1808
2.5,1,1,7.9,2,424,237,108,28,1106,3,5.9,0.6,4,4,10989,6,17,118982,118982,97,4517,40362,371727.8608
1.25,2,1,1.3,3,155,118,55,9,539,1,2.9,0.8,4,4,4483,7,19,64553,64553,44,2853,22096,201656.5008
1.5,2,1,5.1,2,234,155,95,18,545,2,3.9,0.5,4,6,6266,6,18,79216,79216,57,2890,23899,247481.1612
0.75,2,2,1,3,92,72,42,7,296,2,1.7,0.3,2,5,3135,6,17,38135,38135,28,1610,11729,119151.521
1,1,2,3,2,165,93,51,13,381,3,2,1.4,4,4,3847,4,18,52629,52629,39,572,16594,164427.3008
1.25,1,2,5,1,224,119,50,14,453,1,2.6,1.2,2,4,5504,4,19,64682,64682,45,1659,19925,202056.7408
1.25,2,2,2.4,2,161,123,62,10,479,3,3.4,1.7,2,4,5088,4,20,65336,65336,46,597,19386,204132.6008
1.75,2,2,2.9,3,255,184,106,16,716,3,4.7,1.7,3,6,6952,5,21,82296,82296,63,1038,26082,257163.7612
2.5,2,1,7.2,3,409,252,106,32,1068,3,4.9,0.8,2,5,11314,4,21,121941,121941,95,3762,44017,380973.481
3,1,2,4.3,3,424,264,165,23,1343,1,6.8,4,4,4,12691,5,20,153374,153374,114,4093,45863,479091.1808
2.5,1,1,3.4,2,397,223,132,31,980,2,7.3,2.5,3,6,10695,5,19,122296,122296,99,909,40037,382063.6012
2,2,1,4.6,2,306,169,93,15,872,3,5.5,2,3,6,7854,7,17,102977,102977,76,3282,32309,321684.7612
1.25,1,2,4.3,3,209,132,52,12,468,2,3.2,0.2,4,3,4307,7,21,64339,64339,44,1260,19261,201020.8006
2,2,1,7.8,3,262,230,81,18,818,3,4.4,1.9,4,6,8165,5,20,99220,99220,75,2529,33402,310033.5212
1.5,1,2,2.3,1,200,125,90,21,548,1,3.6,0.7,2,6,6826,4,21,77927,77927,60,1772,24092,243402.3612
0.5,1,1,1.8,3,69,49,21,5,197,2,1,0.6,4,3,1932,4,17,25637,25637,18,361,8679,80114.5006
1.75,2,1,5.4,1,287,186,89,21,654,3,4.6,1.4,4,3,5970,5,21,86967,86967,64,2988,29242,271731.2206
0.5,2,1,1.7,1,79,54,30,7,188,3,1.5,0,3,6,1941,7,21,25728,25728,19,1133,8365,80408.3212
0.5,1,2,1.9,3,66,57,21,6,217,1,1.3,0.2,3,3,2334,7,21,26349,26349,19,807,7424,82338.0606
2,1,1,2.5,1,312,226,100,26,724,3,4.2,1,4,6,6844,7,18,101448,101448,71,1184,31886,316964.9212
2,1,2,7.8,1,290,162,84,20,791,3,5.1,2.2,3,3,7671,5,21,102833,102833,73,3340,33680,321215.8806
2.5,1,2,7.6,2,441,259,130,31,929,2,7.3,1.6,2,3,10313,7,19,123981,123981,99,3125,37638,387367.1606
1.5,1,1,3.4,3,185,146,89,12,608,3,4,1.8,3,5,5815,4,17,73813,73813,53,943,23698,230628.481
2.5,2,2,4.1,3,322,234,139,32,1081,2,5.8,0.2,4,6,10393,5,20,119191,119191,95,828,42977,372358.3012
3,2,1,3.6,3,442,326,187,41,1138,3,7.6,1.2,4,5,13137,4,20,154492,154492,107,1097,52922,482670.281
1,1,2,2.3,1,169,95,63,9,420,1,2,0.1,3,4,3415,5,20,48556,48556,35,1508,17406,151689.0608
1.5,2,2,5.8,2,204,145,94,19,657,1,3.4,1.3,4,4,6578,7,20,72924,72924,54,2027,24363,227823.0008
3,2,1,8.4,1,447,306,139,33,1211,3,6.7,4.1,4,6,10223,5,20,149605,149605,113,1887,52875,467399.0412
1.5,1,2,1.8,2,232,167,70,13,646,1,3.7,1.5,2,3,5171,7,18,72965,72965,57,2826,22215,227988.4606
3,2,2,8.5,2,476,308,134,42,1328,1,8.9,3.2,4,4,10572,4,18,149251,149251,107,4861,48046,466298.4408
2,1,2,3.8,3,307,215,107,24,750,3,4.5,1,4,6,8896,5,20,99672,99672,76,4254,34948,311423.4012
2.5,2,1,8.2,2,361,264,123,27,1024,2,7.3,1.1,4,6,11598,6,18,120962,120962,93,1066,39925,377941.9412
3,2,1,5.1,3,514,288,160,25,1253,3,7.7,2.5,4,5,12057,4,21,145344,145344,107,6325,49121,454092.161
2.5,2,2,9.7,3,386,227,105,30,920,3,7,0.5,3,4,10274,6,20,117654,117654,88,5545,41962,367578.1208
2,2,2,3.6,1,353,162,89,20,889,2,4.1,1.7,3,4,8576,4,17,97710,97710,77,3333,30162,305216.8208
2.5,2,1,6.2,2,440,281,123,22,1003,2,5.7,3.1,2,6,9868,7,20,125827,125827,96,4277,37656,393147.4612
1,1,1,1.1,3,123,107,45,9,397,1,2.6,0.9,4,3,4114,5,17,49039,49039,35,911,16220,153228.2606
2,2,2,4.9,1,273,226,108,15,816,1,5.9,2.7,4,4,8319,4,17,101634,101634,76,4088,29627,317553.0208
0.5,1,1,1.4,3,62,54,31,4,194,1,1,0.4,3,3,2265,5,20,25352,25352,18,862,8395,79220.7406
1,2,2,3.2,2,147,89,58,12,403,1,2.3,0,3,5,4193,4,17,48201,48201,37,735,17480,150579.661
1,1,2,3.3,2,153,88,58,8,408,2,2.7,1.1,3,5,3882,5,21,50426,50426,38,442,15838,157541.441
1.75,2,2,5.6,1,235,150,78,20,786,1,5.2,2,3,6,8088,5,18,87282,87282,67,3223,26579,272653.8412
0.75,1,2,1,1,125,75,33,9,331,3,2.2,0.2,2,5,3447,7,18,36974,36974,28,1404,11311,115540.721
2,2,2,4.9,2,289,226,130,19,788,2,5.7,1.5,4,4,7077,7,20,101614,101614,71,3344,32660,317494.0208
1.5,2,1,2.8,2,261,121,87,14,651,2,3.1,1.3,4,6,5458,4,17,73960,73960,55,1016,25098,231034.7612
1,1,1,4,1,155,83,59,10,418,1,2.4,0.2,2,6,4425,6,20,50662,50662,37,1863,15451,158248.2612
0.5,1,1,1.7,2,74,56,23,7,211,2,1.4,0.3,3,3,2097,5,20,25682,25682,18,382,8768,80262.3606
1,1,2,2.3,1,127,84,61,12,397,1,2.8,0.6,4,4,4380,7,21,47271,47271,39,1158,16908,147674.9208
3,1,1,5.4,3,409,305,148,40,1256,3,7.7,3.6,2,5,12255,4,19,150227,150227,113,3082,44803,469351.341
2.5,1,2,5.3,3,357,216,103,20,989,2,6.5,2.9,4,6,11422,6,18,129497,129497,93,4175,41053,404513.8212
2,2,2,5.5,3,286,184,110,27,774,3,4.2,0,2,4,8815,5,21,102244,102244,76,3103,33057,319395.8208
1.25,2,2,2.5,3,209,117,69,13,494,3,3.5,0.7,3,6,4517,5,20,60276,60276,45,625,20355,188340.1812
1.25,1,1,2.4,1,180,109,61,14,537,3,2.9,1.5,3,3,5503,4,17,60234,60234,48,527,20079,188187.4806
1,2,1,1.4,3,143,81,49,11,440,1,2.7,1.1,2,4,4589,6,20,47951,47951,38,2028,16576,149804.2808
1.75,1,2,3.8,1,216,190,79,20,739,1,3.7,0.4,2,3,6961,5,17,87391,87391,61,2218,28677,273018.1606
1.5,2,2,5.5,2,194,156,83,18,619,2,4.1,0,3,3,5860,7,17,77566,77566,53,2891,24916,242328.1406
1.75,1,2,2.1,3,240,185,71,15,718,2,4.1,0.5,2,5,7985,5,18,91488,91488,68,885,29767,285822.941
1.5,1,2,3.3,2,237,164,62,15,630,3,3.1,1.2,3,6,5707,6,17,76526,76526,54,2916,26454,239104.7412
1.25,2,2,2.5,3,153,139,68,11,539,3,3.4,0.8,3,3,5352,5,18,64862,64862,48,2463,22002,202674.7206
1,1,1,3,3,146,98,58,8,369,2,2.9,1.2,3,4,3817,6,19,48899,48899,36,504,16873,152796.0808
1.75,1,2,6.3,3,235,154,96,17,727,3,4.2,2,2,3,6925,6,20,90607,90607,63,1575,27907,283049.0806
2.5,2,1,9.7,2,397,210,120,26,938,1,4.9,1.6,2,4,10695,5,20,119994,119994,88,5226,39112,374819.1008
3,2,2,3.9,1,483,265,184,25,1199,2,7.6,0.5,3,5,10917,4,20,141936,141936,115,1945,46903,443398.681
0.75,1,2,2.7,2,122,79,42,6,327,1,2.1,0.2,4,3,2924,5,20,38736,38736,30,618,13379,121028.8806
0.75,1,1,2.5,1,130,71,48,8,295,3,1.9,0.4,4,3,3473,4,21,38533,38533,28,1622,11672,120398.0406
1.5,1,2,4.3,2,261,133,93,18,591,2,4.5,0,3,6,6504,6,17,76881,76881,60,2557,22485,240173.2612
1.25,1,2,1.5,1,218,109,61,13,546,2,2.6,0.2,3,4,4598,7,20,59931,59931,45,2422,20895,187223.2408
1.25,1,2,4.8,3,163,141,75,14,508,2,3.7,0.1,2,6,5530,7,17,59873,59873,45,2597,19386,187100.2012
2,2,2,2.1,1,341,160,98,26,795,1,4.6,1.6,4,4,8839,6,18,102758,102758,77,2633,34076,320957.8408
3,2,2,7.2,3,524,302,142,31,1210,2,7.9,3.5,2,4,10917,7,21,151272,151272,106,6701,47066,472605.0408
2,2,2,4.3,3,288,170,116,17,740,1,4.2,0.5,3,5,8354,6,21,94573,94573,75,3121,34862,295427.161
1.25,2,1,4.6,3,152,107,70,13,451,3,3.4,1.1,4,3,4750,7,20,65634,65634,49,791,19872,205042.7406
1.5,1,1,5.5,2,264,142,88,14,600,1,3.8,1.4,2,4,5507,4,19,70783,70783,56,752,22690,221149.5408
1.75,2,2,5.3,1,219,196,79,15,705,1,4.9,0.2,4,6,7484,4,17,89268,89268,66,1158,28628,278896.1812
1,1,1,3.1,2,158,113,62,7,388,1,2.5,0.7,2,5,3579,4,21,52093,52093,37,1644,16278,162761.941
2,1,2,6.4,3,318,219,111,19,743,2,4.8,2.1,4,3,8331,7,19,104746,104746,72,3600,35782,327258.4606
1.75,1,1,5.8,2,255,143,81,24,759,2,4.6,2.4,4,4,7392,7,20,86883,86883,63,3167,27565,271409.4408
2.5,2,1,7.7,3,319,249,148,24,1004,1,5.2,2.9,2,4,11667,5,20,121726,121726,94,4310,43886,380287.5208
2,1,1,2,1,353,213,85,27,898,3,5.7,2,2,3,7184,6,18,98328,98328,73,847,35276,307238.4606
1.75,1,1,3.4,2,273,152,108,13,777,3,3.9,0.7,2,4,6031,6,17,84193,84193,67,2279,29600,263024.6008
1,2,1,1.8,2,131,107,52,11,370,2,2.1,0.3,4,4,4069,5,17,47250,47250,36,1208,16002,147644.1408
1.75,2,2,2.5,3,303,175,79,15,735,1,3.8,2.2,4,5,7370,6,20,92343,92343,62,1842,26585,288476.641
0.75,1,1,2.7,2,133,75,30,9,309,2,1.5,0.7,2,4,3278,5,18,38720,38720,30,1047,12178,120980.9808
1.5,1,2,3.2,2,223,163,90,19,581,3,4,1,3,3,5156,6,19,71224,71224,59,610,26374,222570.5406
1,2,1,4,2,126,110,45,11,404,1,2.1,1.1,4,5,4605,7,19,51180,51180,35,2185,16504,159904.121
1.25,2,2,3.4,1,220,119,81,16,550,1,3.3,1.5,2,4,5175,7,17,61840,61840,44,1918,21217,193197.6408
1.75,1,2,5.1,3,278,168,90,12,760,1,3.5,1,2,5,7750,6,17,90010,90010,65,3781,28595,281177.721
1,2,2,1.1,2,135,89,54,8,396,2,2.7,0.3,3,3,4626,6,18,47060,47060,39,761,14874,147035.1606
0.75,1,2,1.4,3,133,65,49,6,291,2,1.7,1,4,6,3077,7,20,39075,39075,30,1043,12124,122083.5012
0.5,1,2,0.9,1,67,47,28,5,199,3,1.1,0.4,3,3,1938,5,17,24145,24145,20,818,8488,75457.9606
1.25,1,1,4.8,2,191,118,62,15,526,1,3.2,0,3,3,5154,7,21,62087,62087,48,854,20899,193961.3006
0.75,2,2,0.9,1,128,75,46,6,321,2,2,0,4,3,2821,6,17,37314,37314,27,1391,12040,116588.5206
1.75,2,1,2.9,1,269,177,103,13,783,2,5.1,2.4,2,6,6332,5,20,92317,92317,65,544,26657,288411.7612
3,2,1,3.9,2,411,308,180,37,1140,1,6.1,0.1,2,3,11817,7,17,154271,154271,116,6393,52292,481913.9006
1.5,2,1,4.5,1,225,138,83,11,672,1,3.9,2,3,6,6531,7,17,75581,75581,53,2339,23992,236109.2812
0.5,1,2,1.5,1,79,54,32,6,218,1,1.1,0.4,2,4,2276,7,21,24896,24896,18,163,7430,77791.3408
1.25,2,1,4.9,1,160,127,61,16,562,3,2.6,0.2,4,3,4516,5,18,62317,62317,46,2560,20986,194697.0806
3,1,1,4.3,2,409,276,138,34,1163,2,6,2.5,2,5,13514,7,19,156422,156422,113,6665,53065,488603.261
2.5,1,2,6.6,1,435,264,115,21,956,3,5.3,0,3,4,9887,7,20,126241,126241,94,2341,43766,394397.2608
1,1,1,1,3,160,111,43,12,364,2,2.8,0.9,4,4,3734,5,18,48665,48665,36,633,15582,152081.7408
0.5,1,2,0.9,3,65,42,29,4,207,3,1.5,0.3,2,4,2074,7,20,25885,25885,18,586,7423,80891.2608
2.5,2,1,6.4,3,419,278,137,27,1050,3,5.1,3.4,4,3,11114,5,20,132324,132324,95,2957,41782,413421.6806
1.25,1,1,3,3,194,117,60,14,455,1,2.9,1,2,5,5712,6,19,59095,59095,48,796,20155,184632.681
0.75,2,1,2.6,1,109,73,49,9,319,2,2,0.8,3,6,3225,5,17,36658,36658,28,301,12628,114542.9412
0.5,2,2,1.1,1,65,53,31,6,214,3,1.2,0.4,2,4,2092,6,17,26062,26062,20,741,8946,81447.8808
2,2,2,6.6,3,260,222,85,23,770,1,3.9,1.8,4,5,8812,7,17,99403,99403,74,1916,33301,310568.461
0.5,1,1,0.5,3,86,56,25,6,190,2,1.5,0.4,3,6,1822,4,18,24792,24792,20,522,8843,77493.7212
1,2,1,1.4,3,123,84,57,10,386,2,2,1.3,3,5,4269,7,20,50504,50504,36,642,15903,157774.681
2,2,1,3.7,3,263,203,110,20,763,3,5.3,0.5,3,3,8520,7,20,99919,99919,70,2096,34417,312176.2006
0.75,1,1,1.1,1,129,60,42,10,300,3,1.7,0.8,2,3,3377,4,21,39695,39695,26,859,11598,124007.9806
3,1,2,6.6,1,414,243,140,33,1189,2,8.4,3.1,4,5,13990,6,20,157441,157441,116,4081,51914,491763.421
0.5,2,2,0.9,3,86,52,24,6,205,1,1,0.5,3,6,2214,4,19,25664,25664,19,359,8443,80194.5612
1.25,2,1,4.9,2,174,110,68,14,554,3,2.4,1.1,4,4,5541,7,21,64296,64296,45,1637,20616,200857.2808
1.25,1,1,2.6,2,188,108,77,11,539,2,3.6,0.3,2,5,5367,5,21,63801,63801,47,1754,20283,199310.101
0.75,2,1,3,2,95,62,36,10,317,2,1.5,0.6,2,5,3491,7,19,36212,36212,28,1538,12845,113133.881
0.75,2,2,1.2,1,102,75,32,6,292,2,2,0.2,4,4,2694,4,21,35600,35600,28,1659,12290,111240.5008
1.5,2,1,2.7,2,235,129,67,12,541,3,4.1,2.1,4,4,6011,4,18,72425,72425,55,817,25398,226278.5008
0.75,1,2,2.4,1,107,79,45,7,305,1,1.4,0.8,2,3,2796,7,17,38384,38384,29,369,11213,119920.9806
1.5,2,1,3.7,3,211,128,82,17,580,3,4.3,1.8,3,4,6450,4,17,78738,78738,55,3057,22643,245976.5208
0.5,1,2,1.9,2,85,46,31,5,224,3,1.4,0.3,2,4,2181,7,21,25547,25547,18,957,8103,79838.1408
2.5,1,1,7.8,1,386,225,114,26,1001,2,5.7,1.7,4,4,9486,4,19,130579,130579,99,3563,38563,407883.0408
1.25,1,1,2.3,1,202,136,60,10,527,1,2.5,1.3,2,6,4623,5,21,64433,64433,44,1507,19368,201299.9412
2,2,1,5.4,1,290,200,82,15,884,1,5.5,2.4,3,5,9345,5,20,96984,96984,80,3271,29930,303007.901
3,1,2,6.5,3,456,344,147,36,1231,2,6.7,0.7,4,6,12401,4,17,158459,158459,119,4383,52634,495057.5412
0.75,1,2,1.8,1,107,74,40,8,288,1,1.6,0.4,3,6,3294,6,20,38500,38500,29,1101,12961,120275.8012
2.5,2,2,5.8,1,383,287,126,22,975,3,6.1,2.5,4,6,11263,6,21,117696,117696,97,1737,41557,367788.1412
2,1,2,6.6,2,358,195,92,18,822,1,5.6,1.5,3,4,7274,7,19,105876,105876,72,3755,33865,330745.4808
3,1,1,9.7,2,401,297,136,27,1273,3,6.3,2.3,4,3,13540,6,18,149280,149280,110,2827,52727,466357.4006
1.5,1,1,5.4,3,201,142,94,16,646,1,3.2,0,2,6,5250,4,18,74184,74184,56,2170,23097,231745.7412
2.5,2,2,4,1,328,249,119,34,901,2,6,0.9,3,5,8815,7,17,125477,125477,90,4910,38064,391985.661
1.75,2,1,6.6,2,264,151,86,21,645,2,4.2,2.4,4,5,5952,5,17,89123,89123,65,634,26930,278406.761
2.5,1,1,4.4,3,432,218,115,22,902,3,6.1,2,2,3,9905,6,17,125068,125068,89,5064,39812,390701.9606
1.5,2,1,6,2,270,142,73,16,621,3,3.4,1.9,2,3,6382,6,21,71726,71726,56,693,24278,224110.1806
0.5,1,2,0.8,2,68,47,22,5,180,2,1.4,0.7,3,5,2346,5,21,24631,24631,18,229,8551,76973.101
1,2,2,1.2,3,162,93,64,12,362,2,2.9,0,3,5,4077,7,19,48464,48464,37,1399,15644,151426.801
0.75,1,1,2.7,3,123,82,46,6,335,1,2.2,0.3,4,5,3402,7,20,38631,38631,28,940,12968,120710.421
3,1,1,9.1,3,487,262,191,23,1281,1,8.7,2.4,2,4,12394,5,19,154563,154563,112,5595,47420,482811.5408
2.5,2,2,9.9,1,350,220,109,18,929,2,5.4,2.8,4,6,11706,5,17,122184,122184,91,3339,40867,381680.3412
1.75,2,2,3.2,3,292,152,89,22,703,3,5,0.5,3,3,6674,5,21,84620,84620,70,1548,30779,264374.3006
1.75,1,2,3.9,2,301,201,109,21,772,2,3.7,1.4,2,5,6849,6,18,83099,83099,64,1133,26531,259670.301
1.25,1,2,2.8,3,155,104,52,11,488,3,3.6,1.4,3,5,4636,4,18,64686,64686,48,822,20303,202084.461
0.75,2,2,2.8,1,133,85,35,10,332,3,1.9,0.3,2,3,2989,4,18,35832,35832,27,1019,12166,111988.7806
1,2,2,2.2,1,120,103,41,8,411,3,2.4,0.1,4,4,4187,6,21,47062,47062,35,2113,16768,147057.5808
0.5,1,1,1.7,2,69,47,24,6,184,1,1,0.2,3,5,1969,4,20,26370,26370,20,272,7560,82383.441
1.25,1,2,2.4,1,177,102,66,13,495,3,3.5,0.6,3,6,4268,5,17,61308,61308,44,384,20505,191527.1812
1.5,2,1,3.7,2,229,130,97,12,646,3,4.5,1,3,6,5350,5,21,77031,77031,57,1163,23828,240648.5612
0.5,2,1,1.3,1,67,47,29,5,209,3,1,0.2,2,3,1961,5,20,24177,24177,18,200,7975,75554.5206
1,2,2,3.7,3,174,98,41,12,369,3,2.4,0,4,3,4256,6,19,50181,50181,35,470,16177,156794.9206
1.75,2,1,2.6,3,267,201,81,23,733,1,3.4,2.1,3,6,7373,4,17,84902,84902,66,852,26217,265290.2412
1.75,2,2,6.6,3,215,155,91,16,635,2,4.9,1.5,4,4,6248,5,20,87810,87810,68,1777,28419,274319.3808
1.25,1,2,3,1,176,102,72,12,527,1,3.2,1,3,6,4986,4,20,63124,63124,46,1678,20003,197174.5012
1,1,1,3.2,3,157,110,48,12,432,1,2.5,0.4,3,4,4136,6,17,48359,48359,38,2171,16336,151111.0208
0.5,2,2,1.3,1,75,52,20,7,201,3,1.3,0.4,2,4,1965,4,17,23501,23501,18,881,8625,73456.9408
1.5,2,1,4.5,1,202,165,89,14,665,2,3,1.1,3,4,5710,6,17,73103,73103,59,2964,24101,228410.6008
1.5,1,1,5.7,2,251,124,79,19,622,3,3.9,0.9,4,6,5404,6,18,77479,77479,57,2993,26617,242033.4412
3,2,1,11.9,2,454,336,193,29,1142,2,8.4,1.9,4,6,11956,6,17,145148,145148,113,6121,44920,453532.7812
0.5,2,2,1.2,1,75,52,20,4,207,3,1.3,0.3,2,4,2121,7,17,24011,24011,19,408,7618,75048.0808
0.75,2,1,1.3,1,115,61,42,10,301,1,1.7,0.7,2,4,2880,4,20,35943,35943,27,1228,11763,112282.9008
1,1,2,3.6,2,172,94,45,7,363,2,2.6,1.1,3,4,4146,7,19,51284,51284,39,1834,16454,160227.5008
1,1,2,2.2,2,160,89,56,12,445,1,2,0.7,2,6,4250,4,18,47068,47068,39,1920,17247,147048.0212
0.75,1,2,1.5,2,120,80,32,8,312,3,1.7,0.5,4,6,2588,4,21,39331,39331,28,219,13150,122902.1812
0.5,2,2,1.5,3,82,52,32,7,187,3,1,0.3,4,6,1791,5,17,25124,25124,18,759,7500,78526.7012
1.75,1,1,5.7,3,292,172,100,23,783,3,4.3,1.1,3,4,6937,6,20,92203,92203,65,1710,26374,288053.9608
2.5,2,1,7.8,2,391,263,150,31,956,2,5.2,1.2,3,4,9080,4,20,123944,123944,97,4512,38576,387228.6008
1.5,1,1,5.5,3,193,171,94,12,641,2,3.4,0.2,3,5,6324,5,19,72042,72042,56,2114,24362,225113.621
1.25,2,1,1.6,2,155,114,57,12,538,1,2.5,0.5,2,6,5183,5,18,65527,65527,46,2432,18603,204680.7812
1.25,1,2,4.4,1,209,134,72,14,519,2,3.5,0.2,3,5,5088,7,20,65607,65607,50,2804,20148,204976.841
3,1,2,6.5,1,380,279,134,26,1206,1,6.2,2.7,3,5,10685,5,20,151189,151189,106,1731,44713,472263.401
3,2,2,7.2,1,534,249,174,32,1088,3,8.2,1.9,4,6,12342,4,21,141776,141776,106,5534,50118,442901.1612
2,1,1,2.7,2,280,217,89,24,897,1,4.7,1.9,2,3,8535,6,21,101954,101954,79,2936,29968,318529.2606
1,2,1,3,3,151,96,62,12,375,1,2.2,0.3,2,6,3793,7,18,47180,47180,38,1170,16309,147409.7012
0.75,1,1,2.9,2,97,82,48,7,296,3,1.8,0.2,4,6,2849,7,19,37906,37906,29,971,11373,118456.7612
2.5,1,1,7.8,2,311,285,114,26,1041,1,6.1,2.2,4,6,9032,4,18,124049,124049,96,5250,38698,387584.2412
2,1,1,5.6,1,272,203,120,25,871,3,4.6,0.7,2,6,7652,4,20,97127,97127,78,710,30588,303455.3612
3,1,1,8.5,1,410,253,139,25,1204,3,7.4,2.5,2,5,11917,7,20,142173,142173,107,3782,49559,444131.381
0.5,1,2,1.3,2,64,54,20,4,207,2,1.2,0.3,4,4,1861,6,21,25896,25896,18,802,7525,80924.5608
0.5,2,1,1.9,2,71,44,31,5,217,1,1.3,0.7,4,5,2156,4,19,26150,26150,20,822,8884,81699.181
1.75,2,1,3.4,1,299,153,107,21,700,3,4.1,0.8,3,4,7816,6,17,85324,85324,61,2601,26980,266551.5808
1,1,1,3,2,155,98,49,12,408,1,2.9,1.2,4,6,4317,4,21,50979,50979,39,698,16885,159274.0012
1.75,2,1,5.6,1,247,173,92,20,769,2,5,2.1,4,3,6601,4,17,82640,82640,67,3633,27057,258210.6806
0.5,2,2,1.2,1,61,55,21,6,195,2,1.2,0.2,4,6,2085,7,17,24033,24033,19,712,8210,75108.5212
2.5,2,1,5.6,2,365,218,157,22,1031,1,7.2,1,3,4,8741,5,19,122827,122827,94,1581,42847,383688.8608
3,1,2,4.2,1,478,341,160,41,1297,3,6.8,2.4,4,5,11143,7,20,147842,147842,114,1426,51186,461939.201
1.25,1,2,2.4,3,195,143,54,15,511,2,2.6,0,2,4,5520,5,20,65081,65081,46,1688,20933,203343.3408
3,2,2,5.9,3,362,314,163,22,1081,2,6.2,2.3,4,4,11378,4,21,158422,158422,108,2826,48386,494893.0408
1.25,1,2,4.4,2,223,131,55,11,453,3,3,1.7,4,4,4315,5,20,66064,66064,46,839,21272,206415.6408
0.5,2,1,0.8,2,74,52,23,6,219,3,1.2,0.2,2,6,1860,5,20,25094,25094,19,581,8296,78429.8812
3,1,2,7.1,1,491,295,163,25,1093,3,6.7,0.6,4,5,13086,4,19,158932,158932,112,3403,53573,496466.521
0.75,2,2,2.7,1,131,77,43,10,295,2,1.6,0.6,4,4,3124,6,20,38294,38294,30,379,12416,119650.2608
1.5,2,2,4,3,198,137,89,14,604,2,3,1.2,3,6,5948,7,20,71040,71040,56,3242,22976,221944.2212
2.5,1,2,6.7,1,392,239,128,29,1111,3,5.9,0.3,4,5,9524,6,20,128307,128307,93,1774,41047,400813.501
2,2,2,4.4,1,247,228,102,23,734,3,4.6,2.3,3,3,8705,5,21,97059,97059,73,2127,32317,303281.6006
0.75,1,2,1.6,1,122,71,39,9,286,3,1.8,0.6,2,4,2578,6,20,39512,39512,30,231,11285,123453.1608
0.5,2,1,0.5,3,82,49,21,6,200,2,1.5,0.5,4,5,2138,7,20,25291,25291,19,340,8212,79040.961
1.25,2,2,4.2,3,152,122,53,16,514,2,3,1.3,3,6,5532,4,21,60063,60063,45,2427,19569,187666.8612
1,1,2,3.3,2,147,84,44,9,377,2,2.6,1.2,4,4,3569,7,19,50978,50978,39,475,16826,159257.9808
0.5,2,2,0.6,3,77,49,21,4,201,3,1.2,0.7,2,6,2214,5,21,24294,24294,18,256,8710,75937.0812
1.5,2,2,4.1,3,197,160,66,16,595,1,4,0.8,3,6,6474,4,18,77403,77403,55,2757,25425,241825.0812
1.5,2,1,3.1,2,189,172,90,16,644,3,3.6,2,4,4,5153,4,20,75248,75248,59,2953,25109,235136.7608
0.5,2,2,1.9,1,89,51,30,6,215,1,1.5,0.5,4,5,1827,4,17,25783,25783,18,1139,8446,80560.161
0.75,1,2,2.8,2,113,84,45,9,300,2,1.8,0,2,5,3022,7,18,35423,35423,27,305,13419,110701.981
3,1,2,7.5,3,471,250,184,42,1092,2,6.1,0.2,2,3,12134,6,19,155700,155700,107,4259,47563,486309.2206
1.25,2,1,4.3,3,171,101,71,15,557,2,2.6,0.5,4,5,5202,6,19,58872,58872,44,451,19911,183914.981
0.5,1,1,1.5,3,61,49,21,6,209,2,1.4,0.4,4,4,2202,4,21,26088,26088,18,254,8174,81523.7808
1.5,2,1,1.9,3,252,166,71,16,613,2,4.1,1.2,3,6,5552,7,18,72751,72751,54,1297,26817,227335.6412
1.25,2,2,4.4,2,225,137,69,11,462,2,3.6,1.4,4,4,4811,6,20,58955,58955,48,1064,21137,184239.5408
2.5,2,1,5.7,3,422,285,148,34,1105,1,5.5,1.9,3,3,11147,6,17,122647,122647,89,2192,40195,383211.8206
1.25,1,1,4.2,3,214,118,70,15,518,3,2.4,1.5,4,5,4561,5,20,59204,59204,47,1119,20423,184992.161
2,2,1,7.5,1,319,186,117,26,734,2,4,0.3,2,5,7240,6,21,98953,98953,75,1064,30163,309113.941
2.5,2,1,9.3,2,308,243,155,34,927,3,6.6,2.9,3,5,10499,6,20,119020,119020,91,3861,39788,371862.741
2.5,1,2,5.3,2,422,256,114,20,1097,2,7.1,1.9,3,3,11480,6,18,131362,131362,93,1766,42614,410386.9006
1.75,1,1,3.8,2,276,175,93,16,649,2,4.9,2.3,2,4,6312,4,18,83684,83684,67,3300,30824,261477.6808
0.75,1,1,0.9,3,123,81,31,10,299,3,1.5,0.9,3,5,2906,7,18,37703,37703,27,1556,12931,117828.781
1,1,2,1.6,1,121,114,52,7,436,1,2.6,0.9,2,6,4308,4,17,50643,50643,36,2280,16533,158233.4612
1.5,2,2,2.8,3,266,162,70,11,551,1,4,0.5,4,6,6981,5,20,79124,79124,56,2313,25224,247201.5412
1.75,1,1,5.8,3,226,162,77,13,777,2,5.2,0.2,4,6,6637,7,17,83378,83378,64,2472,30712,260494.8412
0.5,1,2,1.5,1,74,41,20,4,213,1,1,0.1,2,6,2066,4,21,25658,25658,19,151,8949,80148.7012
1.25,2,2,2.5,1,207,114,54,16,495,1,2.5,0.8,3,5,4632,5,17,63452,63452,47,1989,19843,198208.761
2,1,2,6.3,2,293,192,104,20,850,2,4.3,1,2,6,9397,7,18,99893,99893,79,2251,30864,312066.5812
1.25,1,2,4.8,2,160,143,79,14,514,1,3,0.7,3,4,4724,5,21,63797,63797,46,1661,18821,199328.6408
0.75,1,2,1,2,128,60,36,8,304,3,1.6,0.4,2,3,3108,6,21,36912,36912,28,584,11401,115327.1406
0.75,2,2,2.2,1,123,70,40,8,287,3,2.1,0.2,3,3,2978,5,19,38597,38597,27,1406,12160,120596.0806
3,2,1,10.5,2,417,261,138,22,1219,1,6.6,3.5,3,6,13392,7,17,151691,151691,114,4699,47421,473826.1212
1.25,2,1,4,1,165,107,63,17,450,2,3.6,0.2,3,6,5003,4,19,63322,63322,49,2858,21169,197808.4012
0.5,1,1,1.9,2,75,51,21,7,182,2,1.3,0.7,2,5,2235,6,18,24120,24120,19,1070,8827,75384.241
2,2,2,5,1,297,162,114,27,845,3,5.6,1.5,3,3,8360,4,19,94223,94223,72,2248,34218,294353.5006
1,2,1,2.3,2,165,83,41,10,449,2,2.7,1.3,2,3,4627,6,21,51649,51649,36,1811,14898,161351.5806
0.75,1,2,2.4,1,108,65,36,8,315,2,1.8,1,3,6,2725,5,19,38097,38097,28,1290,12642,119021.0212
0.5,1,2,1.5,2,62,44,21,6,185,2,1.4,0.7,3,5,2181,5,18,23773,23773,18,903,8068,74291.641
2.5,2,1,8.7,3,421,266,114,27,1003,2,4.9,1.6,3,6,8764,7,18,129445,129445,90,4525,42282,404398.2812
1.25,2,2,3.3,2,158,132,60,13,458,1,2.9,1,4,5,5829,4,21,61607,61607,48,1947,20414,192482.821
2,1,2,7.9,2,279,189,116,21,824,3,5.5,2.4,3,5,7673,5,18,99547,99547,77,2955,32981,311010.741
1.5,1,2,4.2,3,229,125,63,17,669,1,3.1,1,4,6,6796,5,18,78686,78686,53,1619,26069,245774.8212
1.5,2,2,2.9,3,231,121,66,17,631,2,3.1,1.3,4,4,5390,4,19,73070,73070,59,870,22690,228262.2408
1,1,1,3.6,2,129,80,64,13,445,2,2.4,0.5,3,5,4490,7,18,50345,50345,37,2110,16657,157268.941
1.25,2,2,1.9,1,167,116,70,15,547,3,2.6,0,2,6,4815,5,20,63383,63383,49,1426,18902,198009.2412
1.75,1,1,2.2,2,215,175,98,22,768,2,4.6,0.5,3,5,7664,5,20,88186,88186,66,3573,26213,275504.701
0.5,2,2,1.1,1,83,55,24,6,181,2,1.2,0.4,4,5,1743,7,19,26304,26304,20,660,7827,82197.541
0.5,1,2,1.8,2,81,53,29,6,208,1,1.4,0.6,2,5,1842,7,17,25829,25829,18,807,7649,80709.841
3,1,2,9.8,2,524,267,141,28,1171,1,8.8,1.2,3,4,13966,5,20,147295,147295,118,970,45323,460137.5608
1.5,2,2,2.3,2,220,156,88,17,572,1,4.3,2.1,3,5,6505,6,19,71879,71879,56,3306,25964,224593.501
1.5,1,1,1.6,1,252,141,77,19,640,3,4,2,4,6,5547,6,17,77166,77166,57,566,25740,241082.8212
1.25,2,2,1.8,3,199,129,69,9,471,2,2.9,0.5,4,3,5280,7,18,60650,60650,49,1033,20228,189507.8006
2,2,1,7.8,1,304,181,92,20,850,1,4.6,2.6,3,3,7104,5,19,97530,97530,70,1266,35321,304673.8806
1,1,2,3.1,3,175,83,62,9,375,1,2.6,1.2,2,4,3754,5,17,49086,49086,40,2071,16148,153351.4008
1.75,2,1,3.4,1,225,187,84,14,772,1,4.1,1.9,2,3,7585,6,21,84795,84795,65,2821,27759,264930.5006
3,2,1,6.2,2,457,246,130,36,1331,2,6,0.9,3,3,10542,6,21,145393,145393,109,4883,48787,454144.6606
0.75,2,1,1.7,3,120,72,38,7,328,3,1.8,0.8,4,5,3129,7,21,37292,37292,29,1504,12915,116537.641
1.75,2,2,4.5,1,308,162,110,15,657,3,3.7,2.3,2,4,6294,4,20,92292,92292,70,2099,27630,288314.3808
1,1,2,2.7,3,141,113,54,8,392,3,2.8,0.4,4,4,4656,5,19,47474,47474,36,1421,17257,148373.4808
2.5,1,1,9.8,1,333,258,143,30,1037,2,5.8,0.3,3,5,9772,5,20,125111,125111,99,1914,39502,390855.461
1.25,2,2,4.1,2,180,105,72,11,499,2,3.1,1,4,5,4931,5,21,60400,60400,47,2532,22185,188693.521
1.75,1,1,5.3,2,268,197,88,21,677,2,5.2,1.1,3,6,7471,6,19,88135,88135,63,3320,27906,275387.2812
1.25,1,2,1.9,2,164,101,77,14,479,2,3.6,1.6,4,3,5844,5,21,61723,61723,44,2371,20343,192821.6206
1,2,1,1.6,3,142,84,59,9,385,1,1.9,1.3,2,3,4136,4,20,52987,52987,37,593,15383,165513.2006
0.5,1,1,0.9,3,72,42,29,5,209,2,1.2,0.6,4,6,2162,5,17,25979,25979,18,239,8460,81174.4012
3,1,1,4.4,1,383,267,170,33,1201,2,8.8,2.4,4,4,13492,7,20,143493,143493,119,5441,52285,448276.7608
2.5,2,1,9.8,1,341,264,146,20,958,3,5.5,0.2,3,5,10543,7,19,124588,124588,91,2809,44689,389233.961
0.75,1,2,1.5,2,104,78,40,7,271,1,1.5,0.8,4,4,2674,4,19,37926,37926,28,733,12796,118495.4208
1.75,2,1,3.5,1,300,170,88,13,755,2,4.4,1.1,4,3,7797,7,20,90850,90850,69,2821,31308,283815.1806
0.75,2,1,1.8,1,116,77,48,10,324,3,1.7,0.5,2,3,3058,6,19,38650,38650,29,285,11290,120769.1406
2,2,1,7.3,1,282,199,84,15,727,1,4.6,1.7,2,3,7001,7,20,94752,94752,73,3105,35523,296025.1006
1.5,1,1,4.6,2,258,159,91,12,603,1,4.5,1.4,3,6,6564,5,21,76899,76899,55,1958,26235,240260.2212
3,2,2,9.5,3,466,285,143,39,1123,2,8,0.8,2,4,12237,7,21,155034,155034,107,5727,45531,484300.4008
2,2,2,7.1,2,292,196,84,27,775,2,4.8,0.5,4,3,8843,5,17,99854,99854,71,3071,29984,311947.8606
1.75,2,1,1.9,1,266,145,80,22,775,1,5.1,1.8,3,5,7387,6,18,91356,91356,67,1954,26213,285358.301
1.75,1,1,6.2,2,237,177,92,21,655,3,3.4,0.8,3,6,6728,6,21,88206,88206,64,640,27984,275569.7612
1,1,1,3.1,1,169,108,41,12,445,1,2.7,0.5,4,6,4452,7,17,50187,50187,37,523,14862,156805.6812
1.25,2,2,2.6,2,205,122,76,17,529,1,3.4,0.6,4,5,5641,7,21,61668,61668,50,972,21309,192667.181
2,2,2,2.6,1,266,172,116,21,878,3,5.5,1,4,3,7634,7,21,100609,100609,79,2674,33047,314288.5206
1.25,2,1,3.6,1,171,122,65,15,457,2,2.7,1,3,5,5676,5,17,61103,61103,49,1902,18767,190901.501
1.25,1,1,4.8,3,209,101,63,10,467,3,3.1,0.8,2,4,4934,7,17,62594,62594,45,782,19514,195547.5008
2,2,2,3.5,3,320,174,82,25,849,1,5.5,1.6,3,3,6907,5,17,105630,105630,77,3464,34350,329953.6006
0.75,2,1,1.6,1,90,65,40,7,319,1,1.9,0.7,3,4,3231,7,17,38779,38779,27,1161,11991,121136.5808
1,1,1,2,3,125,85,64,10,407,1,2.5,0.1,2,5,3561,4,20,51723,51723,39,2248,16576,161569.381
3,2,2,3.1,2,426,324,182,23,1342,2,7.5,4.1,4,6,10522,4,17,150292,150292,111,2976,45026,469566.8612
1,1,2,1.7,3,172,92,52,10,372,1,2.7,0.6,2,5,3819,6,19,50074,50074,40,585,16913,156443.181
2,1,2,7.9,1,346,182,117,16,723,2,3.9,2.4,2,4,7673,4,17,98666,98666,75,4166,34188,308226.9008
1.75,1,1,4.1,3,296,178,108,17,744,2,3.8,0.4,4,3,6380,6,19,86533,86533,63,2760,29750,270352.1406
1,1,1,1.1,2,127,93,52,13,362,1,2,0.9,2,6,4237,4,19,50167,50167,37,2027,16520,156719.7412
0.75,1,1,1.9,1,95,68,35,7,331,1,2,1,4,6,2759,7,18,37375,37375,28,592,13417,116763.8612
0.5,2,1,2,1,89,43,27,4,211,1,1.2,0.3,4,4,2287,5,19,24306,24306,18,1012,8905,75937.0008
1.25,1,1,3,1,209,102,52,15,522,1,3,1.7,3,4,5627,6,18,63498,63498,50,2734,22351,198348.3808
1.25,2,1,3.6,1,154,120,60,17,502,1,3.5,1.2,4,6,5462,6,19,65513,65513,49,1618,19238,204656.3612
1.5,2,2,2.7,1,257,127,89,12,636,3,4.4,0.1,4,4,6898,6,21,72795,72795,55,3199,24345,227418.4608
3,1,2,10.4,1,453,292,162,37,1338,1,6.2,1.4,4,6,11349,7,19,146640,146640,109,5666,46243,458087.6012
2.5,1,2,3,2,379,257,151,29,938,1,5.6,0.2,4,3,10114,5,19,117794,117794,88,2997,41172,368015.2406
1.5,1,1,4.9,3,202,123,76,13,582,1,4.2,1.1,2,6,5682,7,19,70917,70917,54,1975,22458,221542.8412
2.5,2,2,4.6,3,384,248,151,20,1095,3,6.9,1.5,4,5,11043,6,21,130181,130181,88,3260,43798,406695.341
1.25,2,2,3.3,1,220,108,72,15,538,1,3.4,1,3,6,5798,5,19,60339,60339,47,2484,19127,188499.4012
1.75,1,1,2.3,1,290,147,77,22,784,2,5,0.8,4,5,8143,5,17,92168,92168,69,1155,27605,287899.921
1.25,2,1,4.1,3,217,119,63,13,478,2,2.5,0.7,4,3,5218,4,17,58771,58771,45,1509,21858,183628.4006
2.5,2,2,5.8,2,415,285,162,29,996,3,7.3,2.1,2,3,11082,7,21,130018,130018,88,2818,41569,406241.9206
1.5,1,1,5.6,2,233,141,66,11,589,2,3.8,0.2,3,4,6045,4,17,72539,72539,54,1642,23939,226625.6608
0.5,2,1,1,1,60,45,27,4,208,1,1,0.2,4,3,2057,7,17,24341,24341,19,232,7543,76044.5006
1.75,1,1,3.8,3,237,161,108,15,711,3,3.7,2.2,2,6,6385,4,21,87355,87355,63,3506,30111,272908.5812
0.5,2,2,0.6,1,64,51,32,4,200,2,1.2,0.2,2,4,1878,4,17,24353,24353,20,606,8641,76102.3408
0.75,1,2,2.1,3,121,78,46,8,302,2,2.2,0.6,3,6,2807,7,20,36479,36479,28,565,11564,114001.9612
0.75,2,1,2.5,1,119,63,39,7,315,1,2.2,0,3,5,3364,6,20,38438,38438,27,705,12888,120071.101
2,2,1,6.8,2,270,214,82,26,833,3,6,1.3,3,3,8321,6,17,95007,95007,74,1416,32030,296875.5006
1.75,1,2,5,1,313,190,111,21,766,1,5.1,0.2,4,6,6511,6,21,82866,82866,69,3131,28014,258925.0412
2,2,2,2.9,3,298,227,101,15,791,2,5.7,0.2,3,6,8438,4,21,103225,103225,79,2609,31268,322523.4412
1.5,1,2,5.8,1,205,146,66,11,613,3,3.1,0.9,2,4,5700,6,21,74974,74974,53,643,26307,234228.9608
2,1,2,6.2,2,324,220,111,16,894,1,5.9,0.4,3,6,7437,5,17,97206,97206,74,2057,34819,303723.3412
1,1,1,2.1,2,139,115,51,13,388,1,2.5,0.4,3,4,3720,6,18,51991,51991,37,1993,16284,162443.0608
3,1,1,4.1,3,421,268,171,25,1160,3,6.1,3.8,4,6,10694,4,19,144940,144940,108,1595,50116,452789.7812
1.25,1,2,1.3,3,223,142,58,12,455,2,3.3,0.6,3,6,5290,7,20,65064,65064,49,625,20462,203303.4212
1.75,1,1,4.1,3,282,178,76,14,659,1,3.7,1.4,4,6,6375,7,21,87460,87460,70,3321,29811,273242.5412
2,2,1,3.3,1,357,185,105,28,777,1,5.7,2.8,4,4,7698,5,19,98761,98761,77,3028,31444,308540.1808
1.5,1,1,5.8,1,226,126,70,12,636,3,3.1,0.6,2,4,6573,6,18,78379,78379,55,3178,22605,244826.7208
2.5,2,2,7.4,1,310,260,102,29,900,3,6,0,4,5,11644,5,21,127391,127391,100,4699,44211,397980.141
1.25,2,2,2.7,2,179,110,71,9,535,3,2.6,0.3,2,3,4461,6,21,59230,59230,47,1736,19591,185050.0406
0.75,1,1,2.7,1,118,75,48,7,287,1,1.5,0.8,3,5,3412,7,21,39352,39352,26,342,11142,122936.041
1,2,2,2.7,1,148,113,62,9,380,2,2.5,0.6,3,6,4011,6,21,51952,51952,36,1301,16218,162325.0612
1,2,2,1.6,3,173,115,54,8,377,3,2.6,0.3,4,5,3512,4,19,52324,52324,35,1366,17144,163507.581
1.25,2,1,3.4,1,199,100,59,11,453,3,2.7,0.7,4,6,5754,7,20,58772,58772,45,1491,19348,183607.0812
0.75,2,1,2.2,3,96,77,32,10,277,3,2.1,0.9,4,3,3282,6,21,36117,36117,30,410,13028,112880.5606
1,2,1,3.8,2,171,105,51,12,429,1,1.9,1.4,2,6,4418,6,18,47261,47261,37,1435,17744,147674.6212
1.75,2,1,6.2,1,271,170,107,17,717,3,4.8,1.3,3,4,8061,4,17,90068,90068,67,1451,27636,281386.6408
1.5,1,1,1.6,2,235,148,92,16,656,2,3.6,0.2,4,5,6031,5,18,77331,77331,55,651,24234,241584.781
1.75,1,2,4.5,1,238,142,89,22,639,3,4.5,1.5,4,3,6194,7,17,83106,83106,66,1616,31319,259622.7006
2.5,2,1,5.1,3,433,224,108,32,997,2,5,0.8,3,5,10224,5,17,126737,126737,99,2372,41772,395895.061
1.75,2,1,3.6,1,267,150,106,14,761,1,5.1,0,3,6,7310,6,18,85337,85337,68,685,27344,266575.5412
1,2,1,1.9,1,159,88,61,11,410,1,2.1,0.7,3,3,3698,6,19,49476,49476,40,2065,16915,154556.5806
1,1,1,2.1,3,157,108,62,10,427,2,2,1,3,4,4591,6,20,51550,51550,39,505,15887,161072.9008
1.5,1,2,5.1,2,181,159,83,14,645,3,3,1.9,3,6,6187,7,21,75784,75784,55,2282,26084,236782.2612
1.25,1,2,3.5,1,177,104,72,15,481,2,3.1,1.3,3,4,4750,6,17,61431,61431,44,1354,22131,191904.3208
1.25,2,2,3.7,1,185,140,76,17,538,2,3.1,1.2,2,5,5755,7,19,65305,65305,45,1984,19603,204040.021
1,2,1,1.1,3,162,85,58,11,377,1,2.3,1,4,3,3839,7,20,48228,48228,39,1393,15188,150671.3406
3,1,2,7.2,3,362,326,125,30,1234,2,6.6,0.2,2,4,10830,4,19,146975,146975,105,3377,47226,459184.2608
0.5,1,2,1.1,3,71,47,23,6,192,3,1.4,0.6,2,6,2147,4,17,24592,24592,18,367,8465,76865.0812
1.75,2,1,2.5,3,235,192,100,13,702,3,4.4,2.1,2,4,7871,7,19,90502,90502,63,654,26869,282775.0008
0.5,1,1,1.5,1,66,56,27,6,221,3,1.2,0.4,3,3,2295,7,19,24526,24526,20,312,8789,76659.6606
1,2,2,2.6,1,154,91,56,12,448,1,2,0.6,3,6,3719,5,19,48622,48622,38,561,15044,151893.0412
3,2,1,6.7,1,466,293,120,33,1299,3,8.3,3.6,2,3,12454,5,18,158786,158786,120,6490,52552,496044.6406
3,2,2,8.4,1,466,288,187,32,1166,2,6.4,3.1,3,3,11014,6,19,155311,155311,116,4394,51740,485162.2806
2.5,2,2,5,1,364,252,146,26,983,3,6.4,2,2,5,11732,6,20,130381,130381,91,1675,40429,407313.681
2,1,1,3.2,3,255,163,91,23,839,2,5.2,1.5,3,6,7740,6,20,104990,104990,72,3410,29613,327940.0612
0.5,1,2,0.7,1,89,57,23,5,199,1,1.1,0.5,4,3,2137,7,18,26159,26159,20,1085,8565,81738.4006
0.5,1,2,1,1,74,41,26,7,186,3,1.2,0.3,3,6,2332,6,20,25132,25132,18,283,7406,78529.2412
1.75,2,2,3.9,3,242,177,91,15,678,2,3.4,0.9,2,4,8152,5,20,90824,90824,67,3885,28269,283735.5608
1.5,2,1,4.5,2,195,131,67,16,610,1,3.4,0.9,3,5,5185,5,21,78148,78148,57,2019,24939,244101.621
2.5,1,2,3.4,3,396,287,106,18,1039,2,7.2,1.4,3,4,10932,6,21,131557,131557,96,2522,44070,411038.9008
2.5,1,1,6.6,2,396,206,105,24,947,3,6.4,3.2,2,4,9109,5,18,122696,122696,96,1275,40267,383291.8208
1.5,1,1,3.2,2,192,149,92,12,583,3,4.1,0.7,4,6,6551,7,18,76751,76751,53,2395,23541,239789.5012
2.5,2,2,8.9,2,372,271,126,21,999,3,6,1.1,3,4,10814,5,21,129664,129664,92,2566,40282,405098.4008
2.5,1,1,4.9,3,433,213,156,22,912,2,6.8,0.7,2,5,9573,4,17,118641,118641,96,5061,38384,370636.581
1.75,2,1,2.7,2,284,169,97,14,700,2,5,0.9,4,6,6864,7,17,85565,85565,65,3088,30259,267330.5212
1.75,1,1,1.9,1,313,191,81,22,786,2,4.9,1.6,3,5,7716,5,21,89298,89298,61,1079,25972,279005.801
1.25,1,2,2.5,1,217,133,63,11,508,3,2.5,0.2,3,6,4438,6,20,64719,64719,49,2463,18904,202204.5412
0.5,2,1,1.3,1,86,55,29,4,209,2,1.1,0,3,3,1923,6,18,23571,23571,19,885,7966,73666.8806
1.25,1,1,3.9,1,163,120,72,11,459,3,3.3,0.5,2,5,5378,6,21,60526,60526,47,1678,22300,189109.361
1,1,2,1.7,1,161,83,49,9,441,2,2.5,0.5,4,4,3766,6,18,48111,48111,39,365,15448,150303.0008
1,2,2,1.4,1,141,81,64,9,431,3,2.2,1,2,4,4618,7,21,49125,49125,38,623,17472,153471.3608
0.75,2,2,2.4,2,114,80,36,8,283,3,1.6,0.1,2,3,2590,6,17,39307,39307,30,1485,12922,122824.5006
2.5,1,1,4.4,3,385,231,106,30,911,3,6,2.7,2,5,9503,6,19,120199,120199,88,2588,40673,375527.001
1.25,2,1,4.4,2,157,100,59,11,458,2,2.7,0.8,2,6,5561,4,20,62663,62663,48,687,21603,195740.8812
0.5,2,1,1.1,2,65,55,27,7,216,1,1.1,0.4,4,4,2172,4,20,25742,25742,20,991,8562,80436.6808
2.5,2,2,6.7,3,308,208,104,28,1060,2,6.1,3,2,4,10741,5,20,120241,120241,90,3604,44237,375615.4408
1,2,1,1.5,1,130,113,43,8,397,1,2.9,0.7,2,5,3647,5,21,51344,51344,38,1663,15901,160422.841
2,2,1,6.9,3,347,177,130,26,741,3,5.8,2.6,3,3,7570,6,19,97635,97635,77,4256,35682,305043.3806
1.25,2,2,2.2,2,153,135,55,12,453,1,2.5,1.1,3,4,5058,5,21,65544,65544,48,2223,19822,204766.4808
0.75,1,2,1.8,2,132,85,31,10,323,2,2.1,0.8,2,5,3489,6,17,37705,37705,28,763,11564,117833.021
0.5,2,2,0.5,3,71,48,27,5,222,1,1.4,0.2,2,4,2055,7,18,26475,26475,19,824,7768,82720.5208
3,2,2,9,3,379,253,138,33,1143,2,6.9,0.9,3,3,12372,4,19,157754,157754,117,6869,47458,492731.9606
1.25,2,2,4.6,2,161,140,54,15,496,2,3.7,1.6,2,3,5026,5,21,64580,64580,46,1185,20857,201789.5606
1.75,1,2,2.9,3,228,173,93,16,725,3,4.9,1.4,2,3,7697,5,18,82756,82756,63,3179,26478,258582.2606
2,1,1,7,3,357,184,126,17,720,1,4.3,0.6,2,3,7110,5,21,102320,102320,72,2986,35294,319622.0606
1,1,2,2.1,2,168,89,63,13,377,1,2.6,0.3,2,6,3562,5,19,47227,47227,35,391,15481,147546.1812
2.5,1,1,4,3,366,274,110,30,1032,1,5.5,1.8,4,4,9402,6,19,122100,122100,96,4123,39588,381489.1408
1,2,2,1,2,134,114,60,11,368,2,1.9,1.3,2,3,3464,5,19,50923,50923,37,2147,15383,159118.0606
1.75,2,1,5.3,2,212,186,79,18,728,3,4.1,1.5,3,3,6198,4,17,82549,82549,68,2552,26391,257943.3406
0.5,2,1,0.7,3,82,43,32,4,206,2,1.4,0.1,2,3,2007,4,21,25832,25832,18,345,8518,80716.9006
1,1,2,1.8,3,135,99,53,14,392,1,2.1,0.2,4,5,3764,7,20,47595,47595,36,2032,17491,148704.561
2.5,2,2,8.4,1,310,218,116,19,941,3,5.1,1.3,3,6,8901,7,18,119416,119416,98,2489,40136,373039.5812
1.75,2,2,2.8,3,250,173,93,13,777,1,4.7,0.1,4,6,8005,6,18,84824,84824,62,2060,26076,265006.8412
0.75,2,1,2.1,1,98,63,39,8,331,3,1.7,0.3,3,6,3419,4,18,36522,36522,27,1217,12785,114107.3012
1.25,1,1,2.1,2,160,127,80,14,482,2,3.5,1.4,4,4,5488,7,17,65634,65634,50,414,20744,205059.5008
3,1,2,8.3,2,529,291,194,32,1093,1,6.2,3.6,3,3,11644,4,20,156944,156944,113,4157,45607,490260.7006
2,1,2,5.7,2,277,207,121,18,884,3,5.3,2,3,3,8730,5,18,98026,98026,72,3846,32193,306282.0806
1.75,1,2,3.1,2,288,162,108,13,751,1,5.2,1.9,2,3,6377,5,18,87757,87757,62,1044,26798,274157.3806
3,2,2,5.9,3,484,338,184,34,1329,1,8.2,2.6,3,3,13637,6,17,150677,150677,118,5270,45602,470788.2606
2.5,2,1,5.1,1,447,266,159,30,1048,3,5.9,2.5,4,6,8859,6,19,128654,128654,90,1423,39714,401948.3012
0.75,1,1,2.8,3,114,79,38,5,271,2,1.9,0.3,3,3,3216,6,17,38504,38504,26,879,12842,120314.8606
1.5,1,1,5.9,3,181,131,71,20,667,2,3.3,0.8,4,5,6202,5,20,73623,73623,57,1049,24696,229994.921
0.75,2,2,0.8,2,99,76,41,10,298,1,1.8,0.1,2,3,2633,5,19,38963,38963,30,585,13101,121727.6606
0.5,1,2,1.8,2,89,55,21,6,209,3,1.4,0.3,2,3,1881,4,20,26175,26175,20,916,7445,81810.9606
3,2,1,9.2,1,526,286,185,39,1214,2,6.1,2.2,2,3,10975,7,20,141317,141317,113,3103,46304,441493.1006
1.25,2,2,4.7,3,180,139,56,15,531,3,2.8,0.5,4,4,4721,4,21,59231,59231,50,1276,18650,185101.4408
1.75,1,2,2.8,3,256,169,104,20,684,1,3.4,0.3,2,3,7722,6,20,91854,91854,64,3038,27432,286924.8406
2.5,2,1,3.2,2,449,283,127,29,1075,1,5.1,2.1,3,6,8509,6,17,124333,124333,91,1768,38757,388465.3812
3,1,2,11.3,1,403,254,145,33,1349,3,8.3,0.5,4,4,12917,7,17,150343,150343,110,6085,45383,469621.1808
0.5,2,2,1.8,2,73,50,21,5,190,3,1.2,0.4,3,5,2291,7,21,24058,24058,18,746,8660,75195.461
0.75,2,2,1.7,1,124,62,45,9,279,3,2.2,0.2,3,6,2838,7,18,38491,38491,27,582,12340,120255.7212
1.75,2,2,6.5,1,217,162,102,22,731,1,4.2,1.6,4,3,6253,5,19,87679,87679,62,861,30303,273892.0206
1.75,2,2,6.7,3,285,154,91,24,667,3,3.7,0.5,4,6,7321,6,21,83877,83877,65,1997,29718,262042.5612
0.75,2,2,2.5,2,123,78,32,7,307,2,1.7,0.1,4,5,3454,7,17,37082,37082,30,1323,11865,115872.041
1.25,2,1,1.3,2,209,129,71,16,500,2,2.7,1.6,3,5,5221,4,19,64619,64619,48,2098,19281,201891.421
0.5,1,2,1,1,84,53,21,4,190,2,1,0.5,2,6,2061,7,18,24341,24341,18,484,8077,76067.9012
0.5,2,2,1.8,1,68,45,21,7,191,1,1.4,0.4,3,3,1755,4,17,23804,23804,19,561,8537,74374.9006
1,1,2,2.3,2,120,85,45,7,391,2,2.7,0.4,2,3,3768,5,21,50982,50982,38,452,15563,159265.3006
1.25,2,2,1.3,3,152,106,69,13,559,1,3.1,0.6,2,3,4799,4,20,63900,63900,47,1847,18765,199605.2406
2.5,1,2,4.6,3,376,249,128,30,927,2,5,0.9,3,6,11528,7,21,119700,119700,92,2787,41001,373965.3812
0.5,2,1,1.1,2,69,46,27,6,208,3,1.2,0.5,3,5,1832,4,18,25587,25587,19,295,8309,79961.401
0.75,2,1,1.8,2,128,86,42,6,293,1,2,0,2,6,3084,7,18,39712,39712,30,1150,12476,124081.6612
0.5,2,2,1.9,2,75,41,32,5,209,3,1,0.5,4,5,1978,5,17,23503,23503,19,934,8484,73451.101
2,1,1,6.1,3,275,163,105,22,815,2,5.2,0.4,3,6,7102,4,17,101516,101516,71,999,32723,317095.6412
1.5,1,2,2.3,1,213,157,79,17,627,1,3.2,1.5,3,3,6760,7,18,72990,72990,53,2930,24481,228039.8606
0.75,1,1,1.9,2,97,66,40,8,299,1,1.6,0.8,2,3,3272,4,17,38686,38686,27,507,11662,120850.4406
2,2,2,6.7,1,317,202,123,19,783,3,5.4,0.4,4,3,8967,4,19,94624,94624,80,3345,31570,295655.5406
2,1,2,6.9,3,323,189,106,22,886,1,4.9,1.1,4,4,8693,5,19,100885,100885,80,2782,31016,315162.1608
1,1,2,3.8,3,150,87,61,9,436,2,2.4,0.2,4,5,4324,4,21,52950,52950,39,1872,15930,165411.401
2.5,1,1,9.8,1,342,229,130,34,938,3,7.3,2.9,4,6,8565,5,18,128746,128746,92,4334,42059,402194.8412
0.5,2,1,1.4,3,60,49,25,4,202,2,1,0.6,2,3,2292,6,17,25620,25620,18,231,8000,80060.7406
1.25,1,2,2.2,1,214,112,80,16,491,3,2.6,0.4,3,6,4612,6,21,65405,65405,44,2808,21661,204315.9812
2,1,1,6.4,2,273,207,124,14,882,3,5.7,2.4,3,4,8427,7,18,98038,98038,75,1945,34318,306327.2208
0.75,2,2,2.7,2,113,62,44,8,320,1,1.7,1,3,5,3368,7,19,38788,38788,29,1295,12604,121167.881
0.5,2,1,1.7,1,68,56,25,5,187,3,1.1,0.5,4,6,1847,5,21,26416,26416,18,1089,7740,82555.1412
1.25,1,1,4.9,1,157,125,54,10,547,3,3.5,1.4,4,6,5527,7,17,63940,63940,50,371,19400,199776.2812
2.5,1,2,6.5,2,315,216,161,25,1084,1,7.3,1.4,2,4,11722,4,19,125949,125949,97,3191,43902,393427.8408
3,2,2,8.9,2,467,276,141,35,1087,2,7.1,2.1,4,3,12249,4,20,158048,158048,119,875,47627,493692.8606
1.5,2,2,4.1,3,202,123,80,11,611,1,4.4,1.3,3,6,5870,4,19,75868,75868,56,2495,23412,236994.2412
1.75,1,1,5.4,3,216,199,85,13,671,3,4.9,2.3,4,6,8097,4,19,86546,86546,63,1135,28208,270446.3412
2.5,2,1,8.5,3,326,280,127,25,1122,2,5.7,2.6,2,6,9480,5,21,124932,124932,100,1405,38538,390348.2812
1.25,2,1,4.6,2,218,114,54,11,537,3,3.4,0.6,4,6,4497,5,17,59070,59070,49,2204,22097,184570.2012
2,2,2,5.3,2,303,223,121,16,792,3,4.9,2,2,3,7908,4,17,101188,101188,79,3073,32792,316170.8206
1.75,2,1,6.4,3,213,153,85,22,665,3,4.9,0.4,4,4,8107,6,20,87599,87599,66,2287,31291,273660.0408
2.5,2,1,2.7,1,388,240,136,27,1010,3,5.9,0.1,4,4,10693,4,21,131680,131680,92,1224,38498,411336.5408
1,2,1,2.2,3,150,96,46,12,412,1,2.4,0.6,3,4,4590,4,17,48411,48411,36,459,15151,151253.0608
0.75,1,2,1.6,3,104,60,37,6,283,2,1.8,0.5,4,3,3468,7,19,37986,37986,27,555,13032,118673.1806
2,2,1,4.5,1,357,222,103,18,868,2,4.8,1.2,2,6,7966,6,18,96138,96138,76,2625,34045,300396.3612
0.5,1,1,0.6,3,87,55,23,7,202,3,1,0.5,4,6,2196,5,17,24262,24262,19,146,7573,75843.4212
2.5,1,1,3.3,2,308,261,142,21,1084,3,5.5,0.7,2,3,9459,4,19,129430,129430,96,3704,43429,404344.5606
2,2,2,7.6,3,301,191,95,19,731,1,4.9,0.3,4,3,9336,5,21,98748,98748,72,1109,32870,308486.5206
0.75,2,2,2.1,2,104,86,44,10,301,2,1.7,1,4,6,3393,5,17,38602,38602,27,1304,12825,120627.4212
1,1,1,1.1,1,145,101,41,11,403,2,2.6,0.9,4,5,4133,6,19,50172,50172,37,671,15425,156758.481
0.75,1,1,2.5,1,134,68,42,6,279,3,2.1,0.5,3,3,2716,6,20,37456,37456,27,1295,12692,117036.1606
0.75,1,2,2.8,3,112,78,48,7,311,2,2,0.7,4,4,2739,6,18,38156,38156,30,783,11792,119233.1608
1,2,1,1,3,161,103,56,14,399,2,2.7,1.1,2,5,4156,6,19,51808,51808,37,784,16822,161878.001
1,1,1,1.9,3,168,107,64,12,443,2,2.2,1.1,3,4,4015,4,18,47811,47811,39,2042,17641,149409.3608
2,2,1,3.6,1,255,228,84,21,833,3,4.4,0.3,3,5,8387,4,21,95548,95548,74,683,35140,298554.461
2,1,1,2,1,356,190,81,15,783,3,4.8,2.7,3,4,9376,7,18,97946,97946,74,2296,30261,306011.7808
0.5,1,1,1.4,3,75,55,23,7,184,3,1.2,0.4,3,3,2301,7,21,23559,23559,18,308,7954,73649.9606
1.5,2,1,2.5,1,195,146,63,17,621,3,3.9,0.1,4,6,6660,7,17,79240,79240,55,1839,25524,247542.3612
0.5,1,1,1,1,63,53,24,6,210,2,1.3,0.4,4,6,2224,4,19,25880,25880,19,624,7968,80870.8412
0.5,1,1,0.6,1,77,44,20,6,181,1,1.5,0.4,2,3,1807,5,21,25327,25327,19,712,8416,79127.0406
2.5,2,1,5.8,2,411,212,138,20,943,3,6.4,0.6,3,3,10486,5,17,123125,123125,98,2517,42605,384625.0206
1.5,1,2,3.3,2,240,165,77,11,660,1,3.2,1.8,4,6,6868,4,19,78308,78308,58,2311,25432,244653.9212
2,2,1,3.9,2,278,160,102,26,777,2,4.6,2,2,5,6939,6,18,103585,103585,74,2439,31667,323547.841
1.75,1,1,6.8,2,212,179,76,15,769,1,3.5,0.9,4,4,7828,7,18,89278,89278,65,2190,30074,278898.2208
1.75,2,2,3,2,236,160,75,15,739,1,3.3,1.7,2,3,7156,4,21,87880,87880,65,1315,27684,274515.7206
1.25,2,2,3.8,1,151,136,64,11,468,2,2.8,1.2,2,6,5368,6,21,64629,64629,48,1776,22308,201921.4412
2.5,2,2,2.7,3,435,215,104,28,992,3,6.2,0.8,4,6,10094,7,21,129417,129417,95,1760,43421,404264.1012
1.75,2,1,2.6,2,264,199,72,15,778,3,4.4,1.8,3,5,6787,5,19,88192,88192,62,3938,28783,275572.641
3,2,1,7.2,3,538,304,141,32,1197,2,6.9,0.7,3,3,11243,5,17,149039,149039,110,1600,48888,465617.2406
1,2,2,3,3,146,90,59,9,444,3,2.9,0.5,2,6,3557,7,21,52743,52743,37,1625,15657,164784.4812
0.75,2,2,1.1,2,117,83,44,7,326,2,1.6,1,2,3,2936,5,19,37944,37944,26,645,12751,118569.9406
0.5,1,2,0.8,3,76,51,31,6,190,1,1.2,0.2,2,4,1915,5,21,25105,25105,19,1072,7621,78448.5408
1.5,1,1,4.9,1,264,167,70,12,651,1,4.4,1.9,3,5,6951,5,18,73361,73361,59,1633,23507,229232.501
1.75,1,2,3.7,1,250,154,91,15,701,3,4.7,0.1,3,3,6313,6,20,86783,86783,69,3692,26092,271107.2006
0.75,2,1,1.5,2,131,78,42,9,284,2,1.7,0.3,3,6,3387,4,19,35672,35672,28,1225,12672,111473.6012
1.25,2,2,4.9,3,199,125,52,12,531,1,2.9,1.2,2,6,4519,4,17,59136,59136,44,734,22108,184770.7612
1,1,2,2.8,2,176,84,40,13,430,3,2.1,1,2,3,4434,5,17,51115,51115,39,461,15935,159691.0406
3,2,2,5,2,495,331,156,31,1289,1,8.1,3.4,4,6,12976,7,18,143019,143019,120,5939,53240,446887.1612
2,2,1,7,1,286,215,100,27,731,3,4.4,0.1,2,6,9023,7,18,102843,102843,75,2917,34564,321299.2612
0.5,1,2,2,1,87,51,30,6,189,2,1.4,0.5,4,3,2074,4,21,24666,24666,19,863,7456,77084.0006
1.25,1,2,1.7,3,212,108,66,16,528,2,2.5,0.7,2,3,5727,6,21,65021,65021,47,2192,20066,203114.3406
2.5,2,1,5,3,421,250,112,24,975,2,5.4,1.1,4,5,11739,5,19,122001,122001,99,4665,44468,381158.421
1.25,2,1,3.1,1,201,132,54,9,513,3,2.9,1.5,3,6,4261,5,17,65649,65649,46,616,20736,205113.7012
1.25,1,1,1.9,3,198,119,64,13,451,1,2.6,0.7,3,5,5746,5,20,63039,63039,48,1540,22180,196936.161
0.5,2,2,0.9,3,87,47,25,4,192,3,1.2,0.6,3,3,1868,4,19,24001,24001,18,512,8219,75020.4406
0.5,1,2,0.7,3,69,52,29,4,184,1,1.4,0.5,2,5,1870,6,18,23711,23711,20,564,8526,74104.381
1.75,1,1,4.9,2,242,142,75,16,631,1,4.1,1.4,2,6,7737,4,19,90038,90038,70,2984,27174,281233.9412
0.5,1,1,0.8,1,82,45,32,5,181,1,1.5,0.6,3,4,1762,7,17,25883,25883,18,328,7834,80864.1608
0.75,1,2,1.4,3,122,86,40,7,313,3,2.1,0.6,2,3,2892,6,19,39463,39463,28,1158,11589,123331.3406
1,1,2,3.2,1,126,85,45,7,365,3,2.3,0.6,4,6,3658,7,17,52652,52652,37,323,15259,164477.8212
1,1,2,1,2,171,99,49,10,426,1,2.1,0.3,2,6,4174,4,21,47761,47761,38,1658,17137,149222.5212
0.75,1,1,1.5,3,118,77,43,9,326,3,1.9,0.2,2,6,2759,6,17,37817,37817,29,1326,11749,118179.5812
1,1,1,2.4,2,176,99,60,11,426,3,2.7,1,4,6,3645,7,17,47617,47617,39,489,15898,148803.3812
1.5,1,2,2.3,2,244,143,87,11,647,2,4.1,1,4,6,6925,7,17,75676,75676,56,3285,26474,236425.5412
2.5,1,1,3.9,1,319,250,113,27,1006,3,5.8,2.7,2,5,9588,4,20,126376,126376,95,3762,44621,394812.161
1,2,2,3,2,138,92,56,13,384,2,2.2,0.4,2,4,3837,5,20,47945,47945,37,1702,16859,149795.1408
1.75,2,1,5.1,2,258,148,85,15,680,3,5.1,2,2,6,5999,7,18,90286,90286,67,3967,26627,282048.0012
2,1,2,6.6,1,295,229,94,17,885,3,5.2,1.6,4,6,8900,6,18,97373,97373,71,894,32784,304267.1812
2,2,2,6,3,356,193,104,23,783,2,5.3,1.3,4,5,8951,7,18,94713,94713,78,977,32110,295927.141
3,2,2,12,3,467,327,172,36,1348,3,8,3.7,2,5,14053,7,20,156597,156597,112,2220,45929,489262.921
3,2,1,7.3,1,406,264,122,30,1121,1,6.9,2,4,3,10911,7,17,145310,145310,106,1559,50480,453905.7006
2,1,2,7.4,3,345,207,124,14,776,3,5.6,1.4,3,4,7467,4,18,95538,95538,73,1747,29930,298529.4208
1,1,1,1.5,2,136,86,55,11,360,3,2.2,0.2,3,4,4656,4,21,49299,49299,40,610,15022,154021.3408
1,1,2,3.2,2,170,112,42,9,446,3,2.6,1,3,4,3832,7,20,50732,50732,38,2279,16351,158537.5808
1.75,2,1,7,1,210,183,113,14,713,2,4.5,1.7,3,6,7333,7,18,89906,89906,62,2816,27400,280880.9412
0.5,2,2,1.6,3,90,41,23,6,186,3,1.2,0.4,4,6,2019,7,19,26083,26083,20,585,8732,81508.3612
3,1,1,7.7,3,428,328,134,32,1196,2,6.8,4.1,4,3,13393,7,19,142547,142547,116,3642,53585,445408.2006
1.5,1,1,4.2,2,234,153,78,19,605,3,2.9,0.3,2,4,5439,5,18,75803,75803,57,3243,25249,236828.2208
2.5,2,1,6.9,3,305,285,113,33,965,2,7,3.2,3,5,10184,7,19,130490,130490,94,3068,37991,407707.621
2,1,1,5.5,2,266,192,105,21,889,3,5.7,0.3,2,4,8835,7,18,104020,104020,75,3716,32499,324957.8008
1.75,1,2,1.9,3,240,176,104,22,726,2,5.1,1.4,3,3,6027,4,18,83015,83015,62,601,26777,259387.2806
0.75,2,2,2.7,3,106,73,44,10,280,1,2.1,1,3,6,3049,7,21,35656,35656,28,695,12657,111418.2012
3,2,2,9.1,3,414,278,154,30,1252,3,6.1,3,4,5,13712,5,18,156072,156072,112,4856,46348,487531.821
2.5,2,2,5.5,1,364,206,111,19,1100,3,6.5,1.2,4,3,9365,4,18,117571,117571,99,2483,44164,367285.3606
3,1,1,11.4,2,503,248,188,40,1173,1,8.3,3.4,3,3,10656,4,20,148144,148144,119,2248,44737,462768.0406
0.75,1,1,2.5,1,128,85,35,9,286,1,1.5,0.8,4,6,2765,4,17,35631,35631,29,1152,12145,111342.3412
1.25,2,2,3,2,187,126,52,16,520,2,3.2,0.7,2,5,4715,7,18,62116,62116,49,1578,22294,194076.421
1,2,2,2.7,1,160,97,48,11,439,2,2.9,0.1,3,4,3524,4,18,47910,47910,36,1534,15160,149694.5408
2,1,1,4.8,2,342,215,93,14,725,3,3.8,0.3,4,3,9243,6,18,94501,94501,70,2383,34348,295273.7206
1.25,2,2,2.8,1,185,138,59,9,470,2,3.4,1,2,5,4551,4,17,59053,59053,45,1802,19819,184532.901
2.5,2,1,9.3,3,431,228,112,29,932,2,6.2,1.2,3,5,9229,6,20,126625,126625,96,3021,41246,395563.601
2,2,2,7.3,2,355,162,84,15,782,2,4.1,2.1,2,3,7247,4,17,94151,94151,72,4033,34717,294117.1206
2.5,2,2,7.4,2,356,265,126,20,1087,1,5.2,2.9,4,6,10250,4,18,119812,119812,89,2461,42505,374333.0212
1.25,1,1,1.6,2,221,135,52,12,469,2,3.4,0.7,2,4,5126,5,21,60443,60443,48,876,21837,188872.9008
3,1,1,7.1,1,482,262,187,37,1307,1,7.5,4.2,3,4,11452,4,20,152313,152313,118,5661,49799,475784.1408
1.5,1,1,2.2,3,221,142,78,17,655,3,3.5,2,2,4,6080,4,20,78800,78800,54,715,23046,246182.1808
0.5,2,1,1,2,87,45,31,4,180,2,1.5,0.2,3,4,2191,4,18,25876,25876,20,1093,8516,80855.4208
1,2,1,3.5,2,162,107,54,11,402,2,2.2,0.9,4,5,3534,4,19,47832,47832,38,1454,15288,149468.141
2.5,2,2,6.7,1,436,217,105,18,991,1,6.4,1.7,4,4,8776,7,21,130079,130079,94,4687,43802,406311.1208
1.75,2,1,3.1,3,231,182,75,15,638,1,5.2,2,2,6,6173,5,17,82716,82716,68,2307,29127,258460.0612
1.75,2,1,2.9,1,260,170,88,23,714,3,4.1,1.7,2,6,7737,7,17,88189,88189,66,3100,28280,275518.1412
3,1,1,5.5,2,394,331,160,39,1149,2,6,0.2,3,3,11287,4,18,144472,144472,110,1443,51897,451376.3406
1.5,2,2,2.3,1,268,127,97,12,674,1,4.3,0.9,2,4,5291,7,19,70623,70623,54,2821,25329,220626.9608
1.5,1,2,2.5,2,253,152,73,11,592,1,3.3,2,4,4,5585,4,19,70969,70969,59,1385,23354,221742.6008
1,1,2,2.1,3,145,106,61,13,396,3,2.3,0.1,4,6,3967,7,21,47213,47213,38,788,15338,147544.3812
3,1,1,10.2,3,476,329,132,24,1227,2,7.3,1,2,3,13454,7,20,143371,143371,111,5960,52293,447967.9606
1.5,1,1,2.3,1,202,150,63,18,610,3,3,1.4,2,5,6985,4,18,78591,78591,59,798,25616,245524.361
2.5,2,1,6.4,2,434,267,135,19,1067,3,5.9,1.7,2,4,9411,5,17,122105,122105,92,3604,37858,381516.5208
3,1,1,6.2,2,513,332,151,30,1081,2,6.9,0.8,3,6,11685,7,20,151331,151331,115,2944,50040,472802.5812
1.75,1,1,3.7,1,299,192,107,24,745,2,3.8,1.9,3,3,6432,5,20,85876,85876,67,1240,26913,268323.4206
2.5,2,2,3.9,3,431,234,125,31,1064,3,5.7,0.2,3,6,9701,6,18,127738,127738,93,2935,43499,399041.0812
2,1,1,3.9,2,312,220,115,23,835,2,4.4,1.2,3,5,8955,4,19,99776,99776,75,4398,30192,311740.621
0.5,1,2,1.6,3,89,47,27,5,202,1,1.2,0.6,3,3,1765,5,17,26193,26193,20,748,8528,81841.7206
1,2,1,2.4,2,120,109,50,11,395,3,2.8,1.2,3,5,3434,5,17,47963,47963,39,996,15929,149894.021
1.75,2,2,3.2,3,314,157,89,21,696,2,4.1,1.3,4,4,6916,5,18,89154,89154,65,590,30243,278512.4408
2,2,2,3.2,1,282,194,93,21,819,3,4.5,0.5,4,6,8695,6,18,104547,104547,76,4180,31069,326591.2212
2.5,1,2,8.3,3,335,225,131,26,993,3,6.7,0.2,4,6,9048,4,18,131367,131367,89,3341,39010,410351.6612
1.75,1,1,6.7,3,251,200,75,21,686,2,4.9,1.7,3,4,6345,5,19,90765,90765,67,785,29816,283602.8208
1.75,1,2,6.5,2,286,190,100,24,784,2,3.7,2.4,3,6,7561,7,17,90819,90819,68,3742,29623,283748.9212
2.5,1,2,2.8,1,372,249,137,32,1021,2,7.4,0.1,2,6,10189,5,17,120578,120578,97,3117,40922,376717.2812
3,1,2,9.3,3,498,336,195,36,1258,3,8.8,3.6,2,5,13778,5,19,153313,153313,116,3929,50286,479040.941
1.25,1,2,1.4,2,201,141,75,12,522,1,2.4,1.2,3,6,5349,7,19,63286,63286,48,831,20999,197733.0012
0.5,1,1,1.5,1,61,56,27,5,217,1,1.2,0.4,3,4,2346,7,20,26440,26440,19,610,8444,82611.4008
0.5,1,2,0.9,1,86,52,30,7,210,2,1.4,0.5,2,5,1849,6,20,24584,24584,18,1115,8616,76828.881
0.75,2,2,1.8,3,128,78,31,7,333,2,2,0.9,2,6,3503,6,17,39582,39582,27,1709,11904,123683.1412
3,2,1,7.3,1,458,252,149,29,1318,1,8.7,3.8,4,6,10440,7,17,144904,144904,105,2705,53484,452655.3212
0.75,1,2,1.5,1,134,71,37,10,308,1,1.4,0,2,3,3017,4,20,35812,35812,28,263,12963,111882.4406
3,2,2,11.8,1,397,265,190,34,1270,2,7.7,0.4,2,5,10653,5,17,151534,151534,108,6872,51575,473334.181
0.5,1,1,1.1,2,79,49,20,4,187,3,1,0.4,3,5,2176,5,21,24306,24306,19,227,8091,75966.901
2.5,1,1,4.7,3,347,273,161,34,914,2,6.6,0.2,2,5,10304,7,17,132073,132073,91,2820,39867,412610.241
1.5,1,2,4.9,1,262,124,72,20,593,1,4,1.9,4,4,6854,7,17,72996,72996,53,2310,26642,228028.6808
1,1,2,2.4,3,165,108,51,10,445,3,2.8,0.5,2,5,4289,5,17,49005,49005,38,1318,14898,153147.101
0.75,2,2,0.9,1,126,82,31,7,331,3,1.7,0.2,4,3,3178,5,17,38630,38630,27,1569,12747,120711.3606
3,2,2,7.1,1,391,242,128,35,1280,2,7.7,1,3,3,10459,7,20,145459,145459,112,4414,47138,454354.6406
0.5,2,2,1.8,2,87,41,23,6,219,2,1.3,0.7,3,4,1746,7,17,24520,24520,20,377,8797,76620.3408
3,2,2,10,1,521,252,132,37,1273,3,7,0.8,2,5,12517,4,18,141842,141842,113,3072,45440,443095.241
1.25,1,1,4.4,2,182,118,52,13,509,1,3.6,0.8,2,3,5835,4,18,63353,63353,48,647,20602,197919.3006
1.25,1,1,3.4,2,210,135,56,14,493,3,3,0,4,5,5253,4,21,65218,65218,44,2540,20662,203769.161
1.25,2,1,1.7,1,187,141,63,15,485,2,2.9,1,3,6,4746,4,18,64474,64474,46,2623,19751,201446.1412
2,1,2,3.7,2,339,224,108,23,813,3,5.9,1.8,2,6,9354,7,19,94790,94790,77,4391,33744,296221.0012
2.5,2,2,9.4,3,392,280,138,32,1042,2,7,2.7,2,3,11453,6,20,123521,123521,89,2398,39926,385958.9006
0.5,1,2,1.4,3,79,47,32,6,220,2,1.3,0.5,3,3,2331,5,20,24641,24641,19,994,7977,77008.0406
2,1,2,7.5,2,287,176,86,26,830,2,5.5,0.4,2,5,8212,7,21,98096,98096,75,584,34781,306444.261
1.75,1,2,2.6,3,231,161,79,19,656,2,4.1,1.1,4,3,6218,5,19,85256,85256,67,2955,29610,266349.2806
2,2,1,4.8,2,256,182,121,22,770,1,4.2,2.3,3,3,8538,5,18,102162,102162,80,3092,31279,319127.3406
1.75,1,1,3.9,1,313,200,87,16,783,3,4.1,1.4,2,3,6390,4,21,87177,87177,62,2861,28961,272401.1806
3,1,1,7.1,2,511,241,186,36,1240,2,6.1,3.3,3,5,12167,7,21,156700,156700,113,2334,48034,489437.681
0.5,2,2,0.7,2,72,48,28,5,190,2,1.3,0.1,2,6,2229,7,20,26214,26214,18,239,7855,81909.1212
1.25,1,2,2.5,3,174,133,78,9,485,1,3.7,0.1,3,3,5640,5,19,65185,65185,45,1653,19581,203654.3006
3,2,1,3.2,3,397,337,193,25,1108,3,6.4,4.2,3,6,13258,4,18,141883,141883,118,5781,49453,443353.2812
0.75,1,1,1,1,123,66,42,6,297,1,1.7,0.5,2,3,3038,6,18,38437,38437,29,1314,12478,120071.4006
1,1,2,1.5,3,138,91,53,14,441,1,2.9,1.2,2,6,3987,4,18,51087,51087,36,1487,15112,159603.1212
0.5,1,1,1,3,76,48,28,5,200,2,1.3,0,4,3,2252,5,20,24918,24918,18,648,7965,77869.8406
2.5,1,2,9.7,3,342,203,159,35,1057,3,5.4,2.5,4,4,9060,7,21,129811,129811,97,3618,40840,405473.1408
0.5,2,2,0.9,3,68,41,30,7,187,1,1.2,0.5,3,6,1912,5,18,24935,24935,18,971,7897,77905.3612
1.25,2,1,4.6,2,214,113,58,9,554,2,2.9,1.6,3,6,5113,5,20,63529,63529,47,2201,19773,198471.0412
1.75,2,2,6.8,3,313,155,102,13,678,2,4.4,0.3,2,5,7099,4,17,82349,82349,69,2252,28964,257277.241
0.75,1,2,1.6,2,104,78,47,7,270,2,1.5,0.8,4,6,2783,5,19,38106,38106,28,1694,13119,119066.5212
3,2,2,7.9,1,393,255,140,27,1082,3,6.2,0.6,3,6,13319,6,18,153929,153929,118,1006,51887,480793.9612
0.5,2,1,1.1,2,76,52,20,5,184,3,1.4,0.5,4,5,2128,4,20,24876,24876,19,733,7797,77753.681
0.5,1,2,2,1,72,55,32,4,197,2,1.1,0,4,4,1917,4,20,23737,23737,20,196,8550,74184.2208
1.5,2,1,4.1,3,251,164,75,12,567,1,3,1,3,6,6318,4,19,71659,71659,56,2053,22938,223905.2212
1.25,2,2,3.9,3,211,106,52,15,530,3,2.9,0.6,3,3,5055,4,17,63735,63735,48,1990,20291,199112.7006
0.75,2,1,1.7,2,102,79,38,8,296,1,1.9,0.4,3,3,3188,5,20,35998,35998,27,275,12554,112482.3006
1.5,2,2,1.7,1,263,136,79,18,573,2,3.7,0.3,2,4,5455,7,21,74434,74434,54,1129,26444,232528.8408
1.75,1,1,2.3,1,276,189,108,24,784,3,5,0.1,2,6,7217,5,20,91344,91344,69,3293,28175,285389.5012
1.25,1,2,4.4,2,179,136,78,14,517,3,3.3,1.4,3,6,5756,7,17,63646,63646,45,1641,20398,198875.3212
1.5,1,2,5.1,3,186,162,74,16,569,2,3.6,1.7,4,4,6734,4,17,78289,78289,56,2510,22470,244602.6408
3,2,2,7,3,395,325,123,38,1203,1,8.4,4.2,2,6,10840,7,21,149605,149605,111,2924,47828,467426.9012
0.5,1,2,2,2,90,51,31,7,206,3,1.1,0.7,2,4,2129,6,21,25312,25312,18,751,8170,79111.4408
0.75,2,1,1.8,2,91,72,35,8,308,1,1.9,0.6,4,6,3392,4,19,38172,38172,28,769,11565,119256.6612
1.5,1,1,1.6,1,200,160,85,20,667,1,2.9,1.6,4,6,5793,4,18,74101,74101,60,2466,26257,231510.5412
2,2,2,2.6,3,325,191,94,17,765,2,4.1,1.7,4,3,7415,4,19,94498,94498,79,1174,33391,295242.1206
0.75,2,1,2.4,2,91,68,31,10,292,2,1.9,0.7,4,6,2562,5,19,39674,39674,28,604,13111,123947.6412
2.5,1,2,9.5,1,323,209,135,28,1008,3,6.8,2.1,3,4,8903,5,21,132236,132236,97,1057,38191,413048.2208
1.25,2,2,3.5,2,209,132,79,12,462,3,3.6,0.4,4,3,4910,4,18,59512,59512,50,2756,19276,185973.9806
2,1,2,4.7,2,254,221,113,19,773,2,4.2,2.1,2,3,8123,7,21,99533,99533,72,1875,33401,310980.9406
3,2,1,8.7,3,456,282,181,35,1198,3,6.9,1,3,4,13691,5,17,142503,142503,111,4534,48917,445200.7208
0.75,1,1,2.9,2,92,65,44,10,291,3,1.5,0.2,3,6,2914,4,21,37752,37752,28,814,11786,117949.5612
1.25,1,1,3.6,3,156,129,73,16,490,1,3.7,0.4,2,4,5747,5,18,64360,64360,50,2850,19497,201078.0008
1,2,1,1.7,1,164,104,48,9,410,3,2,0.2,3,3,4178,5,18,51202,51202,38,1612,15393,159977.4606
1.75,2,2,6.1,2,264,178,109,18,696,3,4.8,0.7,3,6,6936,4,17,88451,88451,65,1522,28773,276351.6012
3,2,2,3.9,1,399,329,129,32,1304,3,8.3,0.2,2,5,13882,6,19,158261,158261,105,2946,50681,494421.021
0.5,1,1,0.5,2,86,57,31,5,216,3,1,0.6,3,6,2317,6,18,25438,25438,19,821,7697,79511.2212
0.75,1,1,1.1,1,97,61,30,8,281,2,2,0.8,4,5,3137,4,18,38804,38804,27,805,13208,121220.881
1.75,2,2,4.8,2,228,149,106,16,709,2,4.5,1.7,3,4,6776,7,20,91951,91951,69,3981,31238,287225.5208
3,2,1,10.9,2,525,320,158,33,1204,3,8,1.1,3,5,13763,5,20,154350,154350,110,6009,52652,482226.341
1.5,2,2,5.7,2,261,168,73,18,559,3,4.3,0.8,3,5,5769,5,19,71598,71598,57,1939,24446,223747.881
0.5,2,2,1.8,3,89,40,30,5,209,2,1.1,0.4,3,3,2345,4,17,23532,23532,20,722,8464,73537.3206
1.75,2,2,4.1,1,308,163,100,18,648,1,4.8,2,4,5,6559,6,20,92160,92160,66,1922,29500,287891.921
1.75,1,2,3.7,1,283,142,78,17,716,1,3.7,2,2,3,7931,6,21,90309,90309,62,1177,31112,282073.5006
3,2,1,6,1,428,256,189,36,1294,2,8.8,0.1,4,6,12075,7,21,156637,156637,114,2831,47190,489258.4012
1.75,1,2,6.9,2,253,154,77,17,631,2,3.9,0.1,2,4,8164,4,18,92496,92496,69,1311,29054,288919.0208
1.5,2,1,5.7,2,249,123,66,19,616,1,3.7,0.9,4,5,6290,7,18,79258,79258,55,1218,23986,247560.341
2.5,1,1,2.6,2,354,252,148,25,992,3,5.4,1.6,4,6,10189,4,18,132454,132454,88,3322,39814,413771.1412
3,1,2,5.2,3,380,273,136,42,1096,2,7.5,0.3,4,5,12343,5,17,145536,145536,112,4490,46093,454638.381
1.5,2,1,5.8,1,270,126,80,17,639,2,2.9,0.6,2,6,6719,5,19,74438,74438,55,2073,22561,232522.8212
1.25,2,1,1.5,1,153,140,59,17,489,2,3.4,1.1,3,6,4729,4,17,61554,61554,47,2546,22295,192337.8212
1.25,2,2,2.5,2,181,121,76,17,551,1,2.7,0.8,3,6,4981,4,20,60858,60858,48,972,22202,190129.8412
3,1,2,4.6,3,480,283,122,32,1199,3,7.8,4.1,4,4,13798,5,17,151387,151387,114,1231,53466,472951.2808
0.75,1,1,1.6,1,90,81,42,7,299,1,2.1,0.6,2,5,2807,7,18,36463,36463,27,993,12451,113933.501
2.5,2,1,3,2,332,238,149,33,1104,2,6.2,2.5,2,6,10510,4,17,120677,120677,97,1523,39432,377015.1412
3,1,1,4.6,2,363,311,144,29,1332,2,6.3,3,3,4,11287,5,18,147485,147485,115,4196,45496,460770.1208
0.5,2,1,1.9,2,66,40,30,7,221,3,1.5,0.1,3,6,2346,6,17,26239,26239,18,228,8347,81987.4212
0.75,2,1,3,2,115,70,35,9,314,3,2,0,2,3,2860,4,17,37632,37632,28,437,12716,117587.5006
1.25,1,2,1.6,1,200,122,70,10,473,2,3.4,1,3,3,5411,4,19,62875,62875,48,1606,20029,196438.9206
1.25,2,2,4.3,3,209,111,56,11,553,2,2.6,0.9,3,6,5085,4,21,60113,60113,49,2212,20418,187808.4412
0.75,2,1,2.6,1,102,84,42,10,337,2,2.1,0.2,2,5,2770,5,21,38299,38299,28,613,13256,119674.441
3,2,1,5.7,3,377,285,129,29,1309,2,8.5,4,4,4,12080,7,18,147396,147396,116,6176,52750,460491.7808
0.5,2,1,1.4,3,82,54,23,6,192,3,1.4,0.5,2,3,1895,6,17,25250,25250,20,830,8905,78928.7806
1.75,2,1,5.4,2,228,200,98,19,778,2,3.6,1.6,2,3,7153,6,19,84083,84083,68,2293,27357,262735.5606
1.75,1,1,2.8,2,280,176,77,23,727,3,4.7,0.6,2,6,7469,7,21,86112,86112,67,3808,29465,269052.0012
1.5,1,1,5.6,3,264,141,61,15,662,2,3.8,1.5,2,5,5310,4,20,73654,73654,57,1040,22296,230120.881
2.5,1,2,4.2,1,349,207,125,25,906,3,5,1,2,6,10176,5,18,127052,127052,92,5464,43350,396846.2412
1.5,2,2,2.5,1,260,167,75,16,566,2,4,0.1,2,5,6619,6,17,71313,71313,54,2287,22774,222834.421
1.25,1,2,2,1,181,133,68,16,537,1,3.5,0.2,4,6,5433,6,17,65577,65577,44,1728,20444,204866.9212
2,2,1,4.6,1,242,171,88,18,886,2,4.5,0.2,4,5,8918,6,19,105403,105403,72,2791,32636,329214.461
3,1,1,6.1,1,453,282,182,30,1226,3,8.2,4.1,3,6,13395,6,21,143160,143160,113,6005,50161,447273.9612
1.5,2,1,3.4,3,245,126,83,18,666,1,3.9,0.2,2,4,6554,7,17,79016,79016,58,1438,23129,246812.9408
2.5,2,2,5.6,1,372,257,135,34,992,3,5.4,3.1,2,6,11661,4,21,131440,131440,89,3986,39742,410620.6212
1.5,1,2,5.5,3,258,172,73,13,553,3,3.9,0.9,3,3,5558,7,21,72702,72702,56,2642,24931,227198.0606
1,1,1,1.3,3,162,101,56,10,427,1,2.4,1.2,3,3,3447,7,19,48503,48503,39,847,16404,151552.9806
0.5,1,1,0.6,3,73,45,28,4,188,2,1.2,0,4,6,1868,5,21,24281,24281,19,439,8363,75877.6812
3,2,1,10.9,3,459,331,155,34,1105,2,7.2,1,3,4,12611,6,19,154876,154876,116,6696,47922,483866.5808
3,1,2,5.8,3,527,317,166,23,1121,2,7.3,4.1,4,5,10313,7,20,141209,141209,107,6156,49350,441226.961
2.5,1,1,7,3,400,240,119,34,989,3,5.2,1.9,3,6,11398,7,21,131632,131632,90,3142,42907,411199.5012
1.5,1,1,3,3,234,144,79,13,619,1,3.9,0.6,2,5,6636,5,20,75948,75948,54,1137,24124,237264.261
0.75,1,2,2.3,3,110,69,40,5,310,1,1.6,0.1,3,3,3088,6,21,37322,37322,28,1380,12622,116600.6806
1.25,1,1,3.2,1,174,110,71,10,542,3,2.7,1.7,4,4,4605,5,17,60677,60677,47,886,21379,189569.1608
3,1,2,11,3,517,335,144,22,1148,1,7.4,2.8,3,6,11786,7,20,152688,152688,117,2924,47876,477053.8612
3,1,1,9.2,1,399,267,129,36,1339,1,6.8,2.9,3,4,13833,6,17,150651,150651,118,5677,52703,470583.9608
1,1,2,2.6,1,154,84,57,7,430,2,1.9,1.3,2,5,4519,6,17,50017,50017,36,555,17567,156247.681
2,1,2,3.2,3,314,217,87,26,813,1,4,1.1,4,3,7625,4,17,94982,94982,79,3102,32508,296772.0606
0.5,1,2,1.2,1,72,43,29,4,198,3,1.3,0.3,3,5,2215,6,21,25135,25135,19,588,8385,78542.661
1,1,1,2.8,2,144,86,48,11,445,1,2.1,0.3,2,5,4335,6,17,50286,50286,39,1369,16676,157081.481
1,2,2,1.4,3,123,105,45,12,435,3,2.2,1,4,6,3530,6,19,47765,47765,36,439,15594,149266.8412
2,2,1,3.1,3,285,197,112,16,784,3,5.4,1.6,4,5,6809,5,17,101131,101131,72,1294,32269,315960.041
0.5,1,2,1.2,3,88,43,26,6,198,3,1.3,0.5,2,6,2042,7,21,23937,23937,19,206,7972,74816.4212
1.25,1,1,2.2,3,198,126,65,16,561,2,2.4,1.5,2,6,4651,6,21,65781,65781,44,2645,18597,205510.7212
1.5,1,1,3.3,3,240,168,89,14,654,3,3.4,1.3,3,4,5568,4,21,77777,77777,53,1969,26804,243021.0408
0.5,1,2,1,2,63,45,28,5,221,1,1.2,0.4,2,6,1835,5,20,25255,25255,18,397,7452,78903.6012
1.75,2,1,2.8,2,217,146,83,21,679,1,3.3,2,2,5,7170,4,18,86800,86800,70,3389,28593,271130.341
0.5,2,1,1.9,2,80,47,26,4,204,1,1.2,0.2,4,3,2245,4,21,25964,25964,20,807,8109,81119.6006
3,1,1,10.5,2,462,277,135,40,1322,1,8.5,2.5,2,3,11695,5,17,145976,145976,107,1132,51276,456029.5806
3,2,2,6.8,2,450,345,152,38,1226,3,6.7,1.4,2,6,13306,6,18,157739,157739,112,2196,46204,492817.4012
2,2,2,5.2,1,346,188,129,18,763,2,4.9,2.6,3,6,8094,4,17,97608,97608,76,1250,33835,304945.7212
1.5,1,2,4.1,3,236,124,73,16,636,3,4.2,0.8,4,3,6906,7,20,70505,70505,57,2181,25141,220280.2806
1.25,1,1,4.2,3,209,136,73,9,500,1,3.1,1.6,3,6,5436,7,19,59005,59005,50,732,21715,184385.2212
1.5,1,2,5.5,1,224,158,92,17,545,3,4.3,1,2,5,5685,4,21,76393,76393,60,1028,25650,238690.221
2,2,2,2.4,3,319,188,122,18,736,3,4.7,2.5,4,4,7600,5,21,96483,96483,72,1438,29928,301447.3408
1.25,2,2,3.8,1,197,139,61,12,456,1,2.6,0.4,4,4,4458,4,20,65665,65665,46,907,19275,205144.0808
1.5,2,1,3.6,1,223,168,93,19,612,1,3.5,0.2,3,5,5548,5,20,78258,78258,54,1130,22371,244487.301
3,2,2,7.3,2,404,313,146,37,1330,3,6.3,0.6,3,4,13062,6,19,142943,142943,106,1851,49739,446595.2808
0.5,1,1,1.8,1,86,54,20,6,182,3,1.1,0.2,2,6,2167,7,18,23519,23519,20,206,8112,73514.5412
3,2,1,8.9,1,412,262,144,29,1154,3,6.2,1.4,4,6,12723,7,20,150641,150641,113,1221,51380,470548.4012
2.5,2,2,9,1,331,215,162,19,1031,3,4.8,0.4,3,6,9312,6,20,127006,127006,91,2477,41146,396705.8612
2,1,1,5.8,1,298,221,92,19,878,2,5.6,1.5,2,4,7300,4,17,97387,97387,77,3154,30211,304297.5208
0.75,2,1,2.9,1,91,67,36,6,302,2,1.7,0.3,2,6,3257,4,17,35335,35335,26,1389,11827,110398.6212
1.5,1,1,5.2,3,239,155,75,20,674,3,4.4,1.9,4,3,5946,6,18,76750,76750,55,2740,23271,239813.9806
1.75,1,1,5,3,227,158,108,21,749,2,4.9,0.7,3,4,7548,4,18,83114,83114,65,1190,29573,259666.4208
1.5,2,2,5.9,2,237,161,96,17,581,3,3.9,0.6,4,3,5304,7,17,74231,74231,58,3011,26105,231946.8806
0.75,1,2,1.3,3,109,72,36,8,312,1,1.9,0.4,3,4,3449,6,21,35866,35866,28,489,11340,112066.7008
3,2,1,9.4,1,392,312,153,37,1160,2,7.4,2.5,3,5,11542,6,21,146944,146944,116,4825,50645,459089.881
0.5,1,1,1.2,2,60,48,30,5,209,2,1.3,0,2,4,1935,4,20,24563,24563,18,492,8047,76756.4408
1.75,1,1,4.1,2,234,165,83,13,774,3,4.3,2,3,3,6930,5,20,83217,83217,65,1471,29412,260004.5006
2,2,1,7.4,3,286,201,87,17,845,1,5.1,2.8,2,3,7639,6,18,95062,95062,80,4469,30821,297019.7206
1.25,1,1,5,3,182,126,79,13,560,3,3.4,0.3,3,4,4361,6,20,59097,59097,46,1252,21485,184668.7408
1,1,2,3.1,1,157,82,50,9,412,3,2.7,0.4,4,6,3769,5,18,50157,50157,37,705,17658,156694.6812
1.25,1,1,1.8,1,173,132,71,11,547,2,2.9,0.3,4,4,5399,7,19,65745,65745,50,2541,21268,205396.4408
2,1,1,3.5,1,359,171,109,22,794,1,5.3,1.8,3,5,9143,7,19,101041,101041,78,4494,34152,315625.721
1.25,2,1,4.5,1,159,129,59,9,472,2,3.2,0.6,4,3,5009,6,21,58935,58935,47,2177,21000,184147.2806
2,1,1,5.8,2,310,221,87,23,776,2,5,1.8,3,3,9021,4,21,99487,99487,80,3959,31582,310852.4206
2.5,2,1,5,3,342,228,142,32,947,3,7.3,2.9,4,5,8822,7,20,120557,120557,97,5717,38859,376655.561
1.5,1,1,3,2,213,134,96,19,640,2,4.4,1.7,3,6,5592,6,19,71633,71633,58,538,26720,223805.1212
0.5,1,1,1.2,1,90,44,30,6,195,1,1.4,0.5,3,6,1736,7,21,25199,25199,19,418,8683,78728.3212
2.5,1,2,9.6,3,431,252,127,23,997,2,5.1,0.9,2,3,9714,6,21,119454,119454,93,3155,42329,373207.8206
1.25,1,1,3.1,3,191,106,55,12,497,1,3.1,0.7,2,3,4846,4,17,62119,62119,48,2231,20927,194052.7806
2,1,2,3.5,1,289,222,80,26,772,2,4.3,2.4,3,3,9192,4,17,102661,102661,78,4550,35506,320745.9606
1.75,2,1,2.4,1,315,190,105,18,630,1,4.2,0.9,4,5,7220,5,17,85564,85564,62,757,28327,267334.381
1.5,1,1,2,2,258,169,82,20,623,2,4,0.9,4,5,7018,4,20,72110,72110,53,596,25571,225332.361
2.5,1,2,4.9,2,388,212,118,28,1005,2,7.4,1.2,2,6,11468,5,20,125284,125284,88,5096,41366,391357.9612
0.75,2,2,2.7,2,100,81,44,8,276,3,2,0.8,2,6,2561,6,21,37588,37588,28,1624,11945,117468.5612
3,2,2,10,2,401,288,147,27,1128,1,8.8,1.1,2,3,11055,6,18,149965,149965,120,3095,50451,468486.7406
1.25,1,2,4.2,2,196,127,77,10,538,2,2.7,0.4,4,4,4497,6,19,61285,61285,48,2716,19346,191478.4208
1.25,1,1,3,1,216,128,51,16,552,2,3.6,1.5,4,4,5804,7,17,59669,59669,44,595,18917,186448.3608
1.25,2,1,2.2,1,221,134,68,12,465,2,2.8,0.4,3,6,4551,4,19,62036,62036,49,566,22215,193829.9412
0.5,2,2,1.6,3,85,50,21,5,216,3,1.2,0,3,4,1947,7,19,25030,25030,19,917,7897,78231.7208
1.5,2,1,4.9,3,234,132,85,21,568,1,3.1,0.5,2,5,6454,4,18,74977,74977,56,2686,25660,234211.141
2.5,2,2,9.1,1,402,218,155,27,1119,1,5.7,2.9,4,4,8624,6,17,125045,125045,94,2209,43403,390603.8608
3,2,2,6.9,2,399,281,175,33,1269,1,6.5,1,3,3,11983,4,21,146458,146458,115,1139,51558,457509.0606
1.75,2,1,2.3,2,274,144,90,18,722,3,4.8,1.6,2,5,7785,7,21,88255,88255,65,2227,30994,275700.721
2.5,2,2,9.6,2,401,257,103,21,1055,3,6.6,3.4,4,6,11295,6,20,124466,124466,90,1494,44054,388882.9212
1,1,2,2.4,3,125,94,59,12,388,1,2.9,0.8,2,6,3462,6,21,47039,47039,38,1755,16745,146975.0212
0.75,2,2,0.8,1,95,76,37,10,328,1,1.8,0.8,3,5,2711,5,20,37135,37135,28,737,13055,116022.581
2.5,2,1,2.5,1,439,211,156,23,1106,2,6.6,2.3,4,5,11540,4,18,131869,131869,96,2775,42076,411904.301
1.75,1,1,4.2,2,263,187,83,12,714,2,4.7,2.4,2,6,5994,7,20,87607,87607,68,3230,26306,273731.6212
1.5,1,2,4.9,2,209,130,85,17,543,1,3.8,0,3,4,6129,4,17,71127,71127,53,3178,24272,222192.3208
2,2,1,2.4,1,248,189,95,25,873,3,4,2.7,4,4,7590,5,21,102178,102178,72,883,34194,319196.5608
1.25,2,2,1.6,1,223,110,69,16,514,2,3.2,0.6,4,3,4601,5,20,60137,60137,50,2264,19320,187878.8006
0.5,1,2,1.9,1,61,51,30,7,222,1,1,0.3,3,6,1806,5,18,24822,24822,20,875,8470,77554.4812
0.5,2,1,1.5,3,87,49,30,6,215,1,1.2,0.3,4,4,2296,4,19,25261,25261,18,236,8103,78933.5208
0.5,2,1,0.6,1,81,47,21,4,202,2,1.2,0.5,4,3,2105,6,18,23619,23619,19,690,8052,73809.5206
0.5,1,2,1.8,2,75,40,27,6,198,2,1.2,0.6,3,3,2343,7,21,23878,23878,19,153,7905,74612.8606
2.5,2,1,8.6,3,349,211,149,28,943,1,5.8,2.6,4,6,11519,5,18,119584,119584,89,3437,40679,373557.4612
2,2,1,7.5,1,310,177,95,25,725,1,5.4,2.5,4,6,8437,7,17,98998,98998,71,3569,30756,309257.1012
3,1,2,4.1,3,392,310,193,37,1167,1,8.2,0.6,3,6,10678,5,20,158327,158327,108,5933,46997,494593.9812
1.25,1,2,4.1,3,224,101,79,11,546,2,3.5,1.1,4,6,4869,5,17,64538,64538,50,2175,20604,201612.9812
2,1,1,6.6,2,350,210,87,20,755,1,5,0.7,3,5,8995,6,18,95310,95310,72,675,30838,297788.221
3,2,1,5.7,3,389,314,138,23,1122,2,7.1,3.2,3,3,12234,4,18,151158,151158,109,6540,46152,472246.4606
3,2,2,3.8,1,365,290,149,35,1096,1,8.5,1.9,4,3,13258,6,18,146483,146483,118,3092,49388,457618.9006
2,2,2,3.3,2,247,180,106,17,778,3,3.9,0.6,3,6,7566,7,19,102263,102263,72,1191,32454,319440.5412
1.75,1,1,2.9,3,288,160,86,20,687,3,4.2,0.6,4,4,7751,6,19,84694,84694,63,2428,28014,264604.4008
0.5,1,2,1.4,2,66,56,27,6,216,3,1.1,0.7,2,6,1962,5,20,25726,25726,18,373,8511,80407.9012
2,2,2,4.6,1,340,204,116,18,801,2,5.7,1.1,2,4,8368,5,19,99256,99256,75,3186,30495,310106.9008
1.5,2,1,2.4,2,219,172,82,12,659,2,3.2,1.1,4,4,6363,7,19,74721,74721,57,2956,24450,233474.9408
1,1,2,2.1,1,165,107,50,10,428,2,2.8,1.1,2,5,3775,4,20,48199,48199,38,452,16491,150616.101
2.5,2,2,3.5,1,347,277,119,34,1030,3,5.4,2.6,4,4,10144,5,20,117834,117834,88,4671,39325,368191.1608
2,2,2,7.6,3,338,210,121,24,727,1,4.5,2.3,4,5,7187,5,21,95801,95801,76,1652,33072,299330.461
2,1,1,3.6,3,288,210,103,27,788,1,4.5,0.5,2,5,8612,6,18,99062,99062,80,2859,31154,309492.141
0.75,1,1,2.4,3,132,68,40,6,335,2,1.9,0.8,3,5,2558,5,17,38049,38049,27,576,12701,118885.501
1.75,2,2,6.3,2,304,152,111,21,651,1,4.8,0.6,3,5,6379,4,20,82284,82284,66,2543,28071,257059.861
1.5,1,1,2.2,3,236,135,66,16,649,1,3.5,2,2,4,5289,6,21,72129,72129,57,3023,23524,225343.1008
1.5,1,2,5.9,2,258,170,71,20,572,3,3,0.7,3,3,6339,5,20,71445,71445,57,2197,23287,223259.3606
0.75,2,2,1.2,1,134,81,46,8,313,1,1.8,0.5,3,4,3167,4,20,39204,39204,29,809,11690,122486.4208
3,2,2,6,1,462,268,158,24,1275,1,7.4,0.6,2,6,13767,6,20,141985,141985,109,2676,49379,443539.7612
1,2,1,1.2,1,151,81,64,8,362,3,2,1.4,2,6,3745,6,21,50732,50732,36,632,16764,158485.3212
2,2,1,7.9,2,278,206,82,15,817,3,5.8,1.2,2,3,8382,4,17,101505,101505,75,2000,35724,317137.1206
2.5,1,1,5.3,2,390,261,126,20,963,3,6.4,1.9,3,6,10249,7,17,127484,127484,91,1118,38942,398293.1012
1.25,2,2,3.3,2,174,140,70,17,528,1,2.5,1.6,3,4,5230,5,21,63792,63792,44,2746,20887,199309.4608
1.5,1,2,2.7,2,186,169,75,20,570,2,3.3,0.4,3,4,6359,4,21,71391,71391,54,670,22327,223073.8608
1,1,1,1.8,3,138,108,64,13,436,2,2.7,0.2,3,4,3956,7,18,50175,50175,39,1952,15728,156783.5808
1,1,2,3,1,146,108,61,12,405,1,2.5,1,4,6,3434,7,20,47571,47571,37,1761,16272,148642.9212
1.25,1,2,4.6,3,212,131,61,12,561,1,2.8,1.4,3,6,4308,6,20,63058,63058,45,1931,22297,197017.2212
1,2,1,3.2,2,156,107,58,12,379,1,2.8,0.3,4,4,3529,4,18,51178,51178,35,1049,16000,159898.4608
1.75,2,1,6,1,310,194,81,16,636,2,3.4,1.6,3,4,7686,7,19,91969,91969,65,945,29080,287330.2608
0.5,2,1,0.7,2,78,45,25,4,222,1,1,0.4,4,6,2161,7,19,24691,24691,19,846,8743,77143.6612
1.75,2,1,3.1,3,290,160,81,18,731,2,3.4,0.1,2,6,7081,4,20,90157,90157,63,1967,26360,281628.6212
2.5,1,2,6.6,1,318,201,108,33,943,1,7.4,0.8,3,6,9833,7,21,124475,124475,92,3562,41354,388799.2812
0.5,2,2,0.8,3,68,51,20,6,209,3,1.2,0.4,3,3,1715,4,21,24252,24252,20,692,8068,75807.2806
1.5,2,2,4.5,3,234,164,74,16,656,1,3.8,1.3,4,4,6305,5,21,78839,78839,54,1662,22358,246314.1808
0.75,2,2,0.9,1,99,79,31,7,313,2,1.8,0.7,4,6,2952,5,19,35800,35800,29,765,11460,111871.1612
2,1,1,5.1,3,344,182,84,27,762,3,5.4,0.7,3,4,9127,5,20,97473,97473,79,3828,32312,304530.0808
3,2,1,4.9,1,418,251,165,33,1247,1,8,2.7,4,3,10666,4,21,149283,149283,120,5794,49059,466307.7606
1.75,2,1,5.1,1,229,162,109,23,754,1,4.8,0.1,2,5,6076,6,18,90773,90773,63,3875,27093,283543.801
1.25,2,2,3.4,2,190,132,55,15,461,3,2.4,0.2,4,5,5082,7,17,61077,61077,46,568,22100,190839.901
2,2,2,3.1,3,327,164,101,15,740,1,5.3,2.4,2,3,8102,7,17,94332,94332,72,1297,31961,294691.1006
1,2,1,1.1,2,157,82,44,10,448,2,2.3,1.1,3,5,3851,7,18,52668,52668,38,682,14986,164524.761
0.5,1,1,1.7,1,87,42,26,5,207,3,1.1,0.2,3,5,2144,5,18,23529,23529,18,634,8671,73528.661
1.75,2,2,6.9,1,253,172,78,19,664,1,4.6,1.6,2,5,7592,6,19,86630,86630,70,2625,26038,270643.741
0.75,1,2,0.8,3,127,86,41,7,320,2,1.9,1,2,3,2760,6,17,38929,38929,27,1359,12051,121656.0206
1.75,2,2,5.6,2,237,187,96,15,728,2,4.2,0.9,3,3,8116,4,18,91730,91730,65,715,28699,286577.6806
1.25,1,1,3.5,3,214,130,72,16,463,2,2.9,0,4,5,4572,6,19,63122,63122,49,1904,21747,197219.981
1.75,2,1,2.4,1,289,144,113,24,749,2,4.7,0.7,4,5,7707,7,19,87514,87514,70,1444,28874,273372.281
1.5,2,1,4.3,2,261,152,75,18,600,1,3,1.7,3,6,6014,5,21,74383,74383,57,1241,22728,232389.0412
1.75,2,2,5.5,3,267,187,74,18,705,1,4.2,2.4,4,5,6547,4,17,88205,88205,64,1291,27213,275585.561
2,1,2,3.9,1,307,214,121,18,870,3,4.4,0.8,2,5,9136,4,20,102851,102851,77,3388,35537,321329.841
0.75,1,1,1.7,2,112,78,39,6,328,3,1.5,0.7,2,4,3177,7,17,36259,36259,28,1302,13358,113313.4208
1.5,1,2,2.9,2,208,148,92,12,591,1,3,0.5,3,3,6677,6,19,77190,77190,58,1959,22720,241130.6206
1.75,1,1,3.2,3,265,178,96,22,692,2,4.8,0.7,3,3,7998,5,18,83428,83428,68,2077,26500,260676.5606
0.5,1,2,1.6,1,64,56,28,5,185,1,1,0.1,4,3,1970,7,17,25062,25062,20,161,8634,78309.0206
2.5,1,2,8.7,3,336,219,128,20,1019,1,7.2,0.4,3,3,10081,4,21,127829,127829,97,3311,42567,399296.6606
2.5,2,1,3.4,1,368,241,150,23,1068,1,6.7,0.3,3,5,10283,5,19,128979,128979,93,2559,44704,402899.901
0.5,1,1,1.1,2,67,54,27,5,193,2,1,0.1,2,6,2258,6,20,24034,24034,18,318,8065,75112.1612
1.75,2,2,3.6,3,262,151,79,18,665,2,4.4,2.1,3,5,6968,4,18,84853,84853,62,540,27360,265087.301
1,1,2,1.4,1,133,87,53,12,431,2,2.5,0.1,4,4,3809,7,19,49752,49752,37,1351,15653,155422.5608
1.5,1,2,3.7,3,208,152,76,16,624,1,4,0.6,2,6,6458,7,19,75905,75905,56,3314,22564,237140.8212
1.75,2,1,2.9,1,263,180,113,18,664,3,4.9,2.4,3,6,6514,7,18,85206,85206,65,1423,28355,266236.4812
0.75,2,2,2.1,3,111,83,38,9,335,1,1.5,0.2,3,3,3183,6,21,38905,38905,29,723,11351,121558.6206
3,1,1,3.5,1,366,253,134,24,1124,3,6.5,4.1,2,4,11758,4,21,149797,149797,112,1527,51417,467918.0408
1.5,1,2,3.3,3,222,167,73,18,632,1,3.7,0.5,3,3,6165,6,20,73876,73876,58,2601,24139,230829.0406
2,2,1,2.6,3,241,164,107,21,812,2,4.1,2.7,2,4,7436,7,18,94758,94758,77,769,30261,296015.3408
1.75,2,2,3.1,1,245,153,109,19,653,1,4.3,1.6,4,5,8061,5,18,84166,84166,67,2809,27285,262925.341
0.5,2,2,0.8,1,84,42,27,5,215,2,1.3,0.1,4,3,2178,6,17,24326,24326,18,771,7503,76006.9606
2,1,2,4.4,3,280,177,100,16,842,2,5.5,1,2,4,8523,7,20,100127,100127,76,1412,32973,312790.4208
2.5,2,1,7.5,1,428,278,124,28,906,3,5.3,1.8,4,6,9323,6,20,129857,129857,97,4318,38905,405709.8012
2,1,1,4.9,2,337,199,84,25,893,1,4.7,2,2,3,8950,6,21,95537,95537,78,1301,32671,298488.7206
1.5,2,2,2,2,234,150,86,13,592,2,3,0.2,2,6,5470,5,21,77258,77258,59,1078,25117,241355.7812
0.75,2,2,1.6,1,94,86,39,7,301,2,1.9,0.4,2,5,2601,5,20,37399,37399,27,1608,12084,116867.141
1,2,2,2.9,1,128,88,59,8,448,3,2,0.8,4,3,3966,5,21,52826,52826,35,1439,17631,165022.0006
0.75,2,2,0.9,3,92,83,33,9,335,3,2.1,1,2,6,3262,4,20,36289,36289,28,981,12180,113424.4412
0.5,2,2,1.3,3,74,54,27,6,206,3,1,0.7,3,5,1885,5,21,23575,23575,19,322,8378,73698.801
0.5,1,2,1.8,2,68,49,20,6,214,1,1,0.5,2,4,1988,7,19,25471,25471,20,636,8046,79582.9608
1,1,1,2.9,2,178,109,63,13,364,2,2.3,0.7,2,6,3744,5,21,49076,49076,36,1163,16503,153352.1012
3,1,2,5.7,2,429,293,161,28,1154,2,7.4,0.8,4,5,13377,5,17,151465,151465,116,2837,51951,473167.221
0.5,1,2,0.6,1,73,42,21,5,184,2,1.1,0.5,3,6,2300,6,17,24361,24361,18,790,8267,76115.6812
0.5,1,2,0.6,1,87,54,23,5,207,3,1.2,0.2,4,5,1909,6,18,25684,25684,18,277,8384,80269.341
3,2,2,5.2,1,405,276,168,34,1200,1,8,1.2,2,6,11691,6,18,153498,153498,106,2552,46355,479474.4612
1.75,2,1,4.6,1,308,165,113,17,784,1,4.5,1.9,3,6,6351,5,21,83180,83180,69,1244,29930,259875.0212
0.75,2,2,1.2,1,112,78,45,9,301,1,1.6,0.2,3,4,2977,5,17,36871,36871,29,823,11289,115197.8808
0.75,2,1,1.7,2,130,67,35,8,318,3,2.2,0.4,3,5,3303,5,18,35769,35769,27,698,11538,111775.981
1,2,2,2.6,2,152,98,55,10,364,2,2.8,0.9,3,4,3738,7,21,52831,52831,39,627,15790,165058.7008
1.25,1,1,3.7,1,198,118,56,13,516,1,3.7,0.1,3,3,4554,4,21,64794,64794,50,2219,19866,202409.8606
2,2,1,5.1,1,351,224,124,19,856,2,4.7,0.2,4,6,8901,4,21,101704,101704,80,644,32862,317759.6412
2.5,2,2,5.4,1,301,265,129,30,1113,1,5.5,0.8,2,6,8718,4,20,130393,130393,95,5289,40251,407330.4612
1.25,2,2,3.3,3,202,114,71,9,502,3,3.7,0.2,4,4,5208,4,17,59912,59912,45,2765,21493,187198.9208
1.75,1,1,4.5,2,303,183,101,24,631,1,4.3,2.4,3,4,6811,4,19,84623,84623,64,2355,29893,264403.7208
1.25,2,1,4.4,1,195,135,69,10,533,2,2.6,0.7,3,3,4353,6,21,62495,62495,47,770,19411,195260.0006
2,1,1,4.6,2,248,200,114,26,873,1,5.3,2.7,3,6,9203,6,21,99478,99478,80,1056,31533,310790.1412
1,1,2,2.8,2,128,90,63,12,443,3,2,0.6,3,4,3564,6,21,47156,47156,38,883,17785,147339.2208
1,2,1,2.5,3,140,83,61,9,421,1,2.4,1.3,4,6,4193,5,21,47642,47642,37,1578,15567,148840.3012
1,2,2,3.7,2,160,94,48,8,383,3,2.8,0.5,3,6,4116,5,19,47551,47551,37,705,16391,148586.4012
1,2,1,2,2,151,90,58,10,405,1,2,0.8,2,4,4316,4,21,49406,49406,38,541,17642,154343.2608
1,1,2,3.6,3,161,86,44,11,422,2,2.8,1,2,6,4663,7,20,49592,49592,36,1295,16794,154941.1612
1,2,1,1.7,2,166,86,62,13,439,3,2.3,0.2,4,4,4442,7,19,49050,49050,37,1279,15964,153246.2408
0.5,1,1,0.5,3,89,42,23,6,207,1,1.4,0.3,4,4,1849,4,19,25460,25460,19,653,8484,79547.7208
0.5,2,2,1.3,3,75,56,29,6,224,1,1.1,0.2,4,5,2021,4,18,23858,23858,20,791,8530,74564.061
2,1,2,2.2,1,286,225,95,20,792,2,4.9,0,4,6,8151,6,19,94912,94912,77,1295,33484,296563.9212
1,1,1,2.8,3,164,87,51,13,374,2,2.9,0.7,2,5,4576,5,17,52556,52556,36,599,17311,164189.621
1,1,2,3.6,1,157,95,59,9,398,3,1.9,0.4,3,4,4537,7,19,51722,51722,37,1025,16015,161586.9008
1.75,1,2,4.5,2,217,187,75,14,697,1,4.4,1.4,4,6,6567,7,19,84063,84063,68,2764,30657,262652.1612
0.75,1,2,1.9,1,108,85,31,6,280,3,1.9,0.1,3,6,2938,6,17,36151,36151,28,602,12516,112981.4012
1.75,1,2,3.9,1,250,169,109,23,748,3,4.3,1.4,2,3,8115,5,21,84154,84154,64,2883,27398,262925.9206
0.5,2,1,0.6,1,67,41,21,5,195,3,1.2,0.5,3,5,1742,5,17,25019,25019,18,685,8871,78177.321
0.75,1,1,2.4,3,108,76,45,6,281,3,2,0.8,3,3,2845,5,18,37304,37304,28,1081,12512,116580.9406
2,2,2,7.5,3,325,167,116,26,868,2,5.5,0.6,3,4,8784,7,21,104059,104059,77,3451,32067,325046.6008
0.5,1,2,1.1,2,71,51,23,5,212,2,1.4,0.3,4,4,1907,7,17,24783,24783,18,1091,8743,77450.5408
0.5,1,1,1.1,2,63,50,29,4,199,1,1.3,0.6,2,4,1794,4,17,26005,26005,19,944,8912,81253.0408
1.75,2,1,6.8,3,294,199,70,19,702,2,3.8,1.8,3,3,6731,7,21,89895,89895,63,2208,27186,280877.9606
1.75,1,2,2,3,310,182,97,15,765,1,4.4,0,2,6,7996,4,20,92532,92532,69,2548,28203,289072.8412
1.25,1,1,3.9,2,158,110,78,10,534,2,3.5,1.1,2,5,4503,6,18,63012,63012,47,1815,21065,196852.501
0.5,1,1,1.9,2,66,50,30,7,201,1,1.1,0.5,3,4,1982,5,18,25171,25171,19,183,8057,78648.6008
2.5,2,1,7,1,403,229,153,32,971,3,6.8,0.7,4,5,9819,5,18,129392,129392,88,895,44420,404194.881
2.5,1,2,9,1,326,218,157,34,1061,3,6.7,1.1,3,3,11251,4,18,131252,131252,89,4451,41088,409979.1206
1.75,1,1,5.4,2,313,144,95,13,652,3,4.8,1.3,2,6,8178,6,19,86593,86593,65,880,27483,270516.6012
0.75,1,1,2.9,1,132,75,33,8,295,2,1.9,0,3,6,2818,4,20,39729,39729,27,896,13285,124122.6412
0.5,1,1,1.6,2,61,48,31,4,185,1,1.1,0.4,3,5,1927,4,17,24981,24981,19,550,7644,78052.121
2.5,2,1,4.1,1,329,229,116,33,1036,3,7,0.9,4,6,11513,4,17,130404,130404,100,5284,37951,407356.0812
2,2,1,6.2,2,293,168,125,19,742,2,4,2,4,5,9384,6,18,101715,101715,75,4416,33109,317719.901
1.5,2,1,5.4,2,261,150,86,13,560,2,4,0.4,4,4,5306,5,18,74326,74326,57,873,23550,232220.2208
2,1,1,6.1,3,297,185,99,18,723,2,5.5,2.7,3,4,7004,6,21,94935,94935,70,665,34536,296610.4208
0.75,1,2,1.1,1,125,62,35,10,329,2,1.8,0,2,6,3383,5,17,38939,38939,27,1326,12846,121638.8612
1.75,1,2,3.6,3,309,171,98,23,633,1,4.8,1.1,3,4,6084,4,18,89556,89556,68,715,27261,279782.9608
2.5,2,2,6.5,1,405,287,102,20,1094,1,7.5,0.4,3,5,10182,4,21,129549,129549,95,1013,43383,404752.581
1.75,1,1,5.6,1,220,141,102,16,667,1,4.6,0.1,3,3,8146,5,20,87006,87006,67,1240,29446,271762.0606
3,1,2,4.3,1,407,273,146,24,1144,1,7,1.7,2,5,13146,5,18,153650,153650,113,3563,47920,479941.621
1.5,2,2,4.9,1,244,123,72,14,649,3,3.3,1.2,2,5,6624,4,21,73388,73388,57,1788,23406,229258.901
0.75,2,1,1.5,2,124,61,39,6,293,1,1.5,0.7,3,6,3407,5,19,38705,38705,29,764,11390,120904.6612
1.5,1,2,1.5,1,208,151,80,20,656,3,3.9,2.1,3,5,6296,4,18,76058,76058,59,1253,23897,237636.421
0.5,2,1,0.9,2,90,56,20,7,188,2,1.1,0.5,2,5,1937,4,20,23831,23831,19,1057,7953,74487.261
2.5,2,2,2.6,2,442,257,139,26,1105,3,7.1,0.8,3,4,9476,7,21,128231,128231,93,2921,43076,400624.0208
1.25,1,2,2.6,2,163,130,81,16,475,1,3.6,0.6,3,5,5632,6,17,62519,62519,47,691,20503,195330.041
2.5,1,1,6.6,3,369,243,120,25,1007,3,5.9,0.8,4,3,10832,4,17,124424,124424,97,3901,40706,388716.2606
2.5,2,1,4.2,2,362,217,147,21,1059,2,5,0.2,2,4,10981,5,19,119280,119280,92,4408,44409,372602.2608
3,1,1,3.1,1,492,288,174,27,1239,2,7,0.8,3,4,13211,5,20,145842,145842,113,5614,46739,455611.6608
2.5,2,2,2.8,3,429,204,151,27,1058,1,6.6,1.2,3,4,10355,4,19,122727,122727,91,5335,44525,383361.3208
2.5,1,1,9.9,3,428,251,124,28,1112,3,7.1,0.2,2,5,9924,5,19,131995,131995,88,3856,41696,412356.761
1,2,2,1.5,1,131,114,65,8,406,3,1.9,0.3,3,3,4421,6,19,49833,49833,36,1583,16670,155715.4606
2.5,2,2,6.8,1,438,278,113,30,961,1,6.4,2.4,3,5,9860,4,18,126546,126546,100,3095,41200,395377.501
2,1,1,7.2,3,326,193,98,23,872,3,5.9,0.5,2,5,8841,4,21,104716,104716,71,2957,29837,327141.021
0.5,2,1,0.9,2,76,43,28,7,195,2,1,0,4,5,2197,4,21,24045,24045,19,146,8610,75132.401
2.5,2,1,4.7,1,349,256,157,31,1112,3,6.5,0.5,3,6,8736,4,18,119624,119624,92,1911,44271,373748.5412
1.5,1,2,5.7,1,216,139,96,15,668,1,3,1,3,6,6661,7,20,70942,70942,54,2883,25624,221621.7612
1.25,1,2,1.7,2,221,115,61,15,511,3,3.6,0.8,2,4,5426,6,17,61898,61898,48,488,20325,193397.8008
1.75,1,1,2.5,2,305,201,102,22,774,1,5,1,2,3,7552,4,20,88732,88732,63,2041,26752,277246.1406
3,1,1,6.3,3,412,330,143,35,1258,1,8.4,1,3,3,13474,7,21,155799,155799,108,5829,47754,486739.4206
1,1,1,1.3,2,153,82,59,12,379,2,2.9,1,4,6,4457,5,18,52276,52276,39,1498,17361,163307.3412
1.25,1,2,2.4,1,213,131,70,13,514,1,2.6,1.4,4,3,4283,4,18,60371,60371,47,1399,19727,188623.9006
1,2,2,2.2,1,164,91,58,8,427,3,2.9,1.3,3,6,3559,7,20,51773,51773,38,1729,16025,161757.1612
3,2,1,5.6,2,534,330,155,24,1238,3,5.8,3.3,4,6,12025,4,20,154575,154575,118,4584,46926,482937.9812
3,2,2,10.7,2,474,244,142,36,1334,2,7.1,1.7,4,5,10955,6,17,145624,145624,109,1727,48758,454879.861
0.5,2,2,1.8,2,61,51,23,4,204,2,1.1,0,2,4,1758,7,21,26307,26307,18,769,8946,82199.8208
0.5,1,1,0.6,1,68,40,21,4,201,1,1.2,0.6,4,4,1766,5,17,24678,24678,18,314,8359,77093.7408
2.5,1,1,2.9,1,312,227,114,33,1044,3,6.3,3.3,2,3,8632,5,21,119346,119346,99,1340,37301,372857.9406
1.75,1,1,3.6,1,291,170,82,16,634,3,5.1,1.6,3,6,7711,4,19,86921,86921,66,3155,26611,271573.8612
2.5,2,1,6.4,1,448,211,136,32,914,3,6.3,2.5,2,6,9670,6,18,119436,119436,91,833,39223,373119.0612
1,2,2,3.6,1,151,82,63,7,430,1,2,0.7,4,6,3837,6,17,50709,50709,36,1279,17739,158391.7012
0.75,1,2,0.9,2,129,61,36,10,274,1,1.6,0.4,3,4,3349,7,19,38897,38897,27,642,12667,121502.2208
3,1,1,7.5,3,476,312,158,38,1216,1,8.4,2.3,2,6,13901,4,20,151146,151146,109,5862,44953,472211.4012
1,1,2,2.1,3,178,85,57,11,366,2,2.7,0.9,4,6,4031,5,20,49542,49542,39,769,17305,154785.2012
1.5,1,1,4,3,213,153,90,18,633,1,3.9,2.1,2,5,5236,7,18,76669,76669,56,2362,24853,239534.241
2,1,2,6.7,1,347,174,105,23,868,3,5,1.8,2,3,8161,4,18,100454,100454,74,2237,33834,313811.1806
2.5,1,1,4.5,3,411,232,119,21,1068,2,6.7,1.3,2,4,9695,5,20,130865,130865,88,4303,41228,408797.4408
2.5,2,1,4.2,1,368,259,121,23,941,1,5.7,2.6,2,5,9026,4,17,131395,131395,91,1233,37296,410464.661
1.5,2,2,4.4,3,217,144,86,18,563,3,2.9,2.1,3,5,5963,7,21,72509,72509,56,3416,23907,226552.301
1,2,1,2.5,1,173,109,64,14,401,3,2.6,0.1,3,4,4475,6,21,50628,50628,39,1003,15613,158199.9408
0.5,2,2,1.5,1,66,53,29,6,203,1,1.2,0,3,5,2032,7,19,24709,24709,18,177,8692,77204.121
1.75,2,2,4.9,1,237,182,113,16,748,1,4.4,1,2,4,5990,5,17,87355,87355,68,1077,29433,272911.1808
1,2,1,2.3,2,131,114,49,10,392,3,1.9,0.8,4,3,4258,4,17,52816,52816,37,1279,17535,165030.4806
1.75,1,1,2.3,1,314,143,91,13,784,2,3.7,1.8,3,3,7593,6,21,90776,90776,68,3205,27372,283545.9006
2.5,2,2,7,3,324,246,143,35,1003,2,6.6,0.6,4,6,10172,5,17,128613,128613,89,4561,40446,401778.3412
1.25,1,1,3.6,2,218,133,80,10,561,3,3.5,0.1,2,3,5262,7,18,62769,62769,50,1165,21765,196135.0806
3,1,2,11.1,2,389,253,186,32,1187,2,8.4,2.1,2,6,13458,4,17,142343,142343,109,1991,45796,444663.8012
1,2,2,1.4,2,178,106,41,10,422,3,2.5,1,2,6,4030,7,18,50678,50678,37,1438,14863,158360.1612
1.75,1,1,7,2,260,172,106,19,734,2,4.8,1.5,4,4,5981,7,17,87255,87255,69,890,29624,272609.1808
1.25,2,1,4.5,3,163,115,81,16,544,2,3.4,1.4,3,5,5738,4,21,60223,60223,48,2757,19550,188163.781
1.5,2,2,4.6,1,215,153,85,19,659,2,4.4,0.9,4,5,6060,4,21,73478,73478,58,3074,22535,229577.821
2,1,1,5.7,1,263,171,109,15,783,1,5.6,1.5,2,3,7113,4,21,95572,95572,77,4227,30203,298555.4206
0.5,2,2,1.1,2,64,57,27,4,203,3,1,0.5,2,5,1866,7,19,25189,25189,20,857,7550,78732.521
2.5,1,2,6.8,1,356,281,134,26,1015,1,4.9,1.8,3,3,11446,7,19,123258,123258,96,3187,44121,385095.6406
2,2,2,5.9,2,253,165,121,19,775,3,5.8,2.7,3,5,7418,4,21,102069,102069,76,3852,31011,318849.401
1.25,1,2,4.9,2,163,139,60,15,463,3,2.5,0.9,3,5,4889,5,19,65995,65995,46,1392,21813,206196.481
3,1,1,8.6,1,510,336,179,32,1308,2,6.1,2.4,3,3,14088,6,18,153531,153531,111,4509,49499,479666.6206
1.75,1,2,6.7,2,306,171,92,17,677,2,4.2,1.3,4,6,7527,5,18,84718,84718,68,2310,27389,264688.3412
1.25,1,1,4,2,164,102,70,15,496,2,3.4,1.3,3,4,5455,5,20,62468,62468,46,669,19293,195144.6408
1.5,1,2,4.1,3,233,169,66,19,606,1,3.9,1.7,3,5,6754,6,19,74011,74011,58,993,25543,231263.001
0.5,1,1,1.4,3,68,46,30,6,218,2,1.5,0.6,3,4,1851,5,21,25138,25138,19,1095,7566,78559.0608
1.5,1,1,4.4,2,255,128,73,18,551,1,3.1,0.8,4,4,6251,4,20,76855,76855,59,1018,22211,240065.7208
1,1,2,1.4,3,153,81,41,11,434,1,2.8,0.5,4,6,3658,4,17,49537,49537,38,1752,15338,154750.8012
0.5,2,1,1.1,3,65,53,27,5,190,1,1.4,0.2,2,3,2007,5,20,24820,24820,19,267,8254,77563.1406
1.75,2,2,3.2,1,231,177,71,16,725,1,4.4,0.2,2,5,7381,4,21,90414,90414,66,3544,27278,282442.201
1.25,2,1,4.5,3,184,101,76,11,468,1,3.2,1.6,3,5,5868,5,19,62138,62138,47,2329,21356,194110.661
0.5,1,2,0.6,3,69,41,29,7,215,2,1.2,0.2,4,4,2117,6,20,26130,26130,19,1001,8049,81642.0808
1.75,1,2,3.6,3,297,142,107,14,658,3,3.8,1.8,4,4,8025,5,18,83161,83161,70,2360,27727,259805.0208
2,1,2,5.3,3,277,210,128,26,883,1,4.7,1.2,2,3,8592,6,19,105596,105596,75,934,35373,329880.8406
1.5,1,1,4.5,2,204,126,67,17,673,3,3.5,1.1,4,6,6895,6,20,70576,70576,54,1104,24137,220490.5812
3,2,1,6.5,1,408,324,141,33,1200,2,7.5,1.7,2,6,10326,4,18,158838,158838,113,2530,46982,496211.1012
2.5,2,2,5.3,2,389,273,154,25,993,3,7,3,2,4,11023,7,21,130140,130140,95,2920,39028,406610.5808
2.5,1,2,5.3,2,349,226,148,20,1047,2,6.1,2.9,4,4,10725,7,21,122454,122454,94,2866,41003,382544.4408
1.75,1,2,5.8,2,297,200,71,18,763,3,4,1.1,3,5,6400,6,17,83289,83289,63,806,30441,260271.601
0.5,2,1,1.4,2,75,57,30,6,211,1,1.3,0.6,4,6,2295,5,19,25846,25846,19,723,8510,80767.3012
0.5,2,2,0.6,1,75,55,23,4,199,3,1.4,0.3,3,4,2251,7,19,24377,24377,20,971,7530,76195.5608
3,2,2,6.1,3,425,259,174,26,1207,1,8.1,1.4,3,4,10375,4,17,149639,149639,111,6178,45396,467427.1408
1.5,2,1,3.8,2,185,145,90,17,671,1,3.5,1.8,3,4,5514,4,19,78915,78915,60,2838,23422,246520.6408
2.5,2,1,5.9,3,436,260,140,21,1062,1,6.2,2.9,3,3,10371,6,19,120215,120215,91,4642,38478,375605.6806
1.5,1,2,1.9,1,246,130,65,15,654,3,4,1,4,6,6642,7,19,75388,75388,57,731,22512,235514.2412
0.75,2,1,2.3,1,112,78,40,10,334,3,1.7,0.3,4,4,2894,7,20,36581,36581,27,1227,11824,114312.6008
1.75,1,1,7,1,233,169,106,24,680,1,4.3,1.4,2,5,6424,7,20,88795,88795,63,1546,28139,277384.941
1.25,2,2,3.3,1,158,130,78,17,507,2,3.4,0.9,4,3,4625,6,18,64779,64779,50,1583,22046,202387.2406
0.75,2,2,3,3,96,82,34,5,295,2,2.1,0.3,3,3,3463,7,21,36565,36565,29,288,13025,114271.3806
1.5,1,2,5.8,3,239,172,88,18,633,1,2.9,0.3,3,6,5709,6,20,71905,71905,53,2650,22362,224675.6812
1.25,2,1,3.4,3,162,142,77,13,499,3,3.1,0.5,4,3,4989,5,18,61432,61432,50,2079,20034,191974.1406
1,1,1,2.6,2,164,109,45,7,397,2,2.5,0.2,3,5,3628,6,19,52289,52289,35,870,16314,163374.001
1.75,2,1,3.3,2,221,159,78,18,716,1,3.8,0.1,3,4,6401,7,21,90635,90635,66,3005,26684,283104.7208
1.5,2,2,3.1,1,186,145,82,20,548,3,4.1,1.9,4,3,6999,4,20,72683,72683,60,3198,24873,227097.9606
2,1,2,3,2,291,227,119,18,739,1,4.6,2.1,3,6,8770,6,21,99533,99533,75,1574,31701,310988.0612
0.75,1,1,3,2,125,83,38,8,325,2,2.2,0.4,2,6,2705,5,19,37338,37338,30,1359,11681,116684.4212
1.25,1,1,2.1,2,223,121,66,17,515,2,2.9,0.4,2,5,5169,4,21,59594,59594,48,939,19453,186198.621
1.5,2,1,3.4,3,181,133,86,16,585,1,3.4,1.3,3,3,6471,7,19,75878,75878,55,2058,25357,237026.6206
0.5,1,2,0.6,2,77,49,22,6,181,3,1.1,0.6,2,4,2152,7,17,26275,26275,20,226,8347,82112.7608
0.75,1,2,1.8,2,99,76,37,7,271,2,2.1,0.2,2,3,3221,6,18,37499,37499,30,476,11165,117173.0806
1,1,1,1.2,1,178,86,63,8,434,3,2.4,0.1,2,4,3744,7,20,49966,49966,38,2261,15965,156101.5408
0.5,1,1,0.8,2,60,43,26,6,195,2,1,0.5,2,3,2312,5,17,26264,26264,18,400,7883,82056.8606
2,2,1,3.7,3,336,185,125,23,785,1,4.7,2.1,4,4,7523,6,21,103437,103437,72,2655,30074,323119.7608
1,2,1,3.9,1,136,106,43,8,370,3,2,0.7,4,5,4639,5,20,50453,50453,38,1892,14864,157644.021
0.5,1,1,0.6,3,80,55,25,5,193,1,1.1,0.6,3,5,1770,6,20,25490,25490,19,993,7451,79656.821
3,1,1,7.4,3,408,341,130,21,1108,2,7.8,3.8,2,6,10745,6,19,142842,142842,106,1864,50916,446347.2212
1,1,2,1.5,1,122,107,53,7,365,1,2.2,0.6,3,5,3749,5,19,51092,51092,38,312,15272,159620.321
1.75,1,2,5.4,2,244,172,96,18,711,2,3.8,0.4,4,3,6483,5,19,84517,84517,67,763,30624,264047.6606
2.5,1,1,7.3,2,412,241,135,18,1059,1,7.1,1.8,2,6,10669,6,17,118984,118984,89,2647,37227,371734.3812
0.75,1,1,2.8,3,113,62,42,8,315,2,1.8,0.1,3,6,2685,5,18,36730,36730,28,956,11432,114756.0012
0.75,1,2,1.1,2,93,83,31,6,321,3,1.9,0.4,4,4,3507,6,17,36498,36498,27,1448,12454,114065.9408
3,1,2,9.9,2,449,341,122,33,1228,3,6.8,2.4,2,4,11882,7,21,148214,148214,109,1871,50289,463099.3408
1,2,2,1.6,2,145,97,65,11,423,1,2.5,0.9,3,4,3937,6,19,49525,49525,37,1538,17623,154728.5008
0.5,1,2,1.6,2,65,54,24,5,204,1,1.2,0.4,4,5,1929,7,20,25885,25885,18,1063,7415,80881.421
0.75,1,2,1,2,124,73,37,6,330,2,1.5,1,3,5,3258,6,18,35721,35721,27,1686,12732,111620.881
1.75,1,1,5.1,2,304,158,76,14,781,1,3.9,0,4,4,6520,6,17,86666,86666,64,856,27735,270726.0608
1.25,2,2,3.4,3,189,112,76,16,465,2,2.8,0.4,3,6,4535,5,18,61396,61396,45,1638,20953,191807.9812
0.75,2,1,3,2,97,86,40,7,289,3,2.1,0.5,3,5,3445,7,17,37543,37543,27,1349,12180,117333.281
1,1,2,3.9,1,128,104,61,12,449,1,2.8,0.8,3,6,3701,4,20,47671,47671,35,2195,16903,148948.8412
1.75,1,1,4.8,3,234,187,102,20,745,1,4.2,0.1,2,3,7271,7,19,82724,82724,64,3667,30917,258468.4006
2.5,1,1,3.1,2,355,201,147,27,970,1,5.9,2.5,4,4,11191,5,17,117724,117724,95,5329,40953,367740.4608
1.5,1,1,3.2,1,183,165,93,18,605,1,3.3,1.8,3,3,6486,4,20,78724,78724,54,2315,22815,245941.6006
3,2,1,11.6,1,466,292,169,22,1298,2,7.3,1.3,4,5,10250,4,17,141851,141851,111,3848,53264,443167.941
1.75,1,2,3.4,1,287,177,80,13,641,3,3.9,0.8,3,6,7435,7,20,88180,88180,65,1058,29203,275493.6612
0.5,1,1,0.7,3,73,56,23,5,208,3,1.2,0.4,4,4,2070,7,21,23849,23849,18,774,8542,74555.9408
2.5,2,2,9.8,3,420,267,101,21,964,1,6.1,1.1,3,4,9975,4,21,131846,131846,93,3214,41336,411891.7808
1.75,2,2,5.2,2,231,151,96,17,722,3,4.4,2.4,2,5,7461,5,20,91434,91434,62,635,27292,285624.321
0.75,2,2,0.8,1,92,67,36,9,335,3,1.7,0.8,2,6,2619,5,19,39302,39302,28,1593,11966,122789.3212
2,1,2,3.9,1,300,174,107,22,841,3,5.3,1.2,4,4,9007,7,17,98039,98039,80,950,31245,306275.2608
1.5,2,1,4.1,1,189,125,97,15,619,2,4.4,0.7,3,4,6096,6,18,78309,78309,59,1443,22469,244610.2808
1,2,1,1.8,2,125,103,52,9,426,1,2.1,0.3,3,6,4377,6,18,51861,51861,36,1646,17258,162015.1212
1.75,2,2,6.1,3,284,164,90,13,697,3,3.4,0.7,2,5,7755,5,21,91921,91921,67,3206,30010,287152.441
0.75,1,1,1.1,1,96,83,36,10,299,3,1.6,1,2,4,3184,6,20,36279,36279,28,1495,12155,113379.5208
3,2,2,11.3,1,507,243,174,35,1266,1,6.3,0.1,2,3,13830,6,19,142868,142868,108,2283,50647,446250.2806
2.5,2,1,4.9,2,340,280,122,23,1108,3,5.3,2,4,3,10432,5,17,125240,125240,98,2834,39404,391306.6606
2.5,1,2,6,2,311,277,143,23,1054,2,5.8,1,2,6,9504,4,18,129096,129096,90,3224,38165,403316.2212
2,2,1,5.5,1,277,209,89,26,746,3,6,1.6,4,5,8650,4,21,100140,100140,78,4180,30454,312883.761
2,1,2,6.7,3,248,216,106,16,899,3,5.3,1.6,4,4,8389,5,20,95331,95331,70,765,31745,297884.4608
2,2,2,7.2,3,318,217,107,18,839,3,4.6,1.5,2,6,7652,5,20,100482,100482,79,1083,34176,313959.7812
2,2,1,6.8,1,270,174,100,16,874,3,5.2,0.5,3,5,8839,5,19,99564,99564,78,3060,34098,311024.581
0.75,2,2,1.7,1,91,86,34,6,297,2,1.6,0,3,3,3473,5,17,36012,36012,29,1098,12687,112535.1406
0.5,2,2,0.8,3,83,53,30,5,217,3,1.5,0.4,3,6,1702,6,21,25053,25053,18,356,7973,78312.2012
2.5,2,1,8.5,1,398,211,142,28,992,3,7.5,3,2,6,9076,6,17,129401,129401,100,4068,39646,404225.7212
1,2,2,1.6,2,159,83,61,13,427,3,1.9,1.4,4,6,4530,4,19,49826,49826,38,1061,17105,155666.5212
0.5,1,2,1.6,2,65,53,29,6,217,3,1,0.4,2,5,1701,6,19,23622,23622,18,215,8507,73836.521
1.25,2,1,2.8,2,217,134,78,11,551,1,2.5,1.2,3,6,5528,4,18,61299,61299,44,1925,21828,191524.3012
1.75,1,1,6.6,2,260,164,80,16,673,3,3.9,1.4,3,6,6349,4,18,83307,83307,63,2338,26533,260277.3612
1.75,2,1,6.6,3,297,181,111,24,766,3,5.1,1.2,2,3,6129,5,20,92562,92562,70,2436,29990,289197.8006
1.75,1,1,4.8,3,247,193,104,15,641,3,4.9,0.7,3,3,6900,6,19,84149,84149,64,737,26512,262953.0806
1.75,1,2,5.5,1,293,182,89,16,667,3,4.5,0.7,3,5,6420,5,18,90488,90488,70,1954,28566,282709.901
