Cultivated area (hectares),Mixed tillage (Frequency),Other operations(Frequency),Seed(Kg),Seeding(Frequency),Urea chemical fertilizer (kg),Phosphate chemical fertilizer (kg),Potash chemical fertilizer (kg),Micronutrients(Kg),Carrying fertilizer and seeds (kg),Fertilizing(Frequency),Insecticide (liter),herbicide (liter),spraying(Frequency),cultivator(Frequency),Water Consumption(m3),Watering(Frequency),Harvesting(Frequency),Loading and unloading (kg),yield per hectare,Fuel consumption(lit),Electricity Consumption(kwh),Total of Carbon emission(calculated manually)(kg co2-eq),Carbon emission_Cool Farm Tool
1,1,1,1,10,500,150,50,10,830,1,6,0,4,0,6000,4,1,25000,25000,1400,4001,21300,8949.74
1.75,1,1,4.5,8,943,189,94,18,1473,3,11,0.1,6,0,10043,6,2,49246,49246,2337,7351,33754,15807.9286
0.75,2,2,1.4,8,384,76,38,7,644,1,5,0.3,6,1,4709,2,3,19513,19513,959,2914,16216,6445.7618
2,1,1,2.6,10,1065,189,141,24,1755,1,13,0.2,4,1,11683,2,2,58232,58232,2843,8956,38117,18876.0966
3,2,1,6,8,1368,345,214,37,2265,2,21,0.2,5,1,15256,3,1,85562,85562,3424,12907,59929,24384.9312
2.5,2,2,5,10,1195,232,149,31,2216,1,16,1,5,0,17000,5,1,74269,74269,3469,10464,51422,22288.86
3,2,1,5,9,1571,259,111,35,2465,3,16,0.4,3,2,15541,4,1,79755,79755,3432,12752,70753,25041.4082
1,1,2,1.3,10,497,108,55,12,830,2,6,0,4,1,5735,6,3,29668,29668,1428,4280,21519,9177.487
0.75,2,2,2.1,8,357,65,28,8,617,2,5,0.1,5,1,5159,3,3,20770,20770,861,2935,15718,6007.1118
1.5,1,1,3.5,8,778,178,64,14,1155,1,8,0,4,0,9693,6,1,35603,35603,1732,6486,32407,12624.7786
1.5,2,2,3,8,823,157,79,13,1168,2,8,0.7,3,1,9334,3,1,33794,33794,1819,6681,29638,13224.2668
0.75,2,2,1.4,8,389,77,42,9,574,2,4,0.3,5,0,4426,6,2,21682,21682,1111,2915,18116,6933.0252
3,2,2,4.1,8,1545,324,227,29,2447,1,18,0.8,6,2,16572,6,2,80714,80714,3379,12838,70586,25006.8144
1.5,2,2,1.6,9,744,173,67,12,1262,2,8,0.3,5,1,10173,4,1,34400,34400,2029,6279,30572,13298.6746
1.75,1,2,2.6,10,837,223,110,21,1321,1,11,0.9,5,1,10254,2,3,50653,50653,2555,7629,40830,16185.2908
1.25,2,2,3.1,9,626,162,82,11,1020,1,8,0.2,5,2,7707,2,3,31169,31169,1607,5056,23913,10805.9814
1.25,1,2,3.4,8,616,118,70,13,1016,1,9,0,3,2,7979,4,2,33909,33909,1550,5397,27543,10743.0358
0.75,2,2,2,10,408,96,39,9,647,1,4,0.2,3,1,3970,3,2,20828,20828,909,3248,18738,6552.894
0.5,2,1,1.2,8,244,54,26,6,419,3,3,0.2,5,0,3496,6,1,12196,12196,699,2207,11123,4575.8992
1,1,1,2.6,10,523,95,40,10,890,1,6,0.3,5,1,5039,6,2,22747,22747,1151,3928,24775,8228.4078
1.5,2,1,4,9,700,144,59,19,1213,2,9,0.5,4,1,8976,5,2,36644,36644,2023,6391,31492,13133.7752
1.25,2,2,3.5,10,629,134,57,14,1124,1,9,0.6,3,2,6657,3,2,31320,31320,1772,5210,27865,11383.0514
1.5,1,1,4.3,8,797,134,85,18,1254,1,8,0.6,4,2,9438,4,3,36475,36475,1763,6215,35374,12691.6076
2,2,2,4.1,10,908,259,79,20,1573,3,13,0.1,4,2,10402,2,1,59441,59441,2501,8739,47437,16903.5004
2.5,1,2,6.9,10,1205,220,184,26,1962,1,17,0,3,2,17459,6,1,70408,70408,3355,11172,61393,22394.2318
1,2,1,2.9,9,521,97,49,8,828,3,5,0.4,3,1,6045,6,2,26209,26209,1494,4359,23075,9514.189
1.75,2,2,4.7,8,828,182,69,14,1548,2,10,0.2,4,0,8876,5,1,50749,50749,2465,6893,38050,15385.3752
1.5,1,1,3.9,9,732,137,88,17,1278,3,9,0.7,4,0,7932,2,2,41986,41986,1791,6320,29287,12556.3264
2,2,1,2.3,8,951,195,149,26,1535,1,14,0.3,3,2,13245,6,2,59491,59491,2504,7633,39224,16604.729
1.5,1,2,1.8,9,808,138,71,12,1144,3,10,0.3,4,2,10138,5,2,44894,44894,1660,5990,34262,12296.1676
1.5,1,2,4.3,9,723,176,89,19,1349,2,8,0.6,5,1,8095,5,2,34662,34662,1684,6135,31673,12081.899
1.25,1,1,2.5,10,611,150,77,15,1112,3,7,0.4,5,0,6861,2,2,36414,36414,1456,5565,30827,10526.5922
2.5,2,1,5.2,9,1167,278,181,21,2014,2,14,1.2,5,1,12981,4,1,63371,63371,2935,10341,61873,20458.5562
2.5,2,1,4.7,8,1345,211,171,26,1939,1,13,1,4,0,13126,5,1,58175,58175,2900,10998,57226,21472.4652
0.5,2,2,0.9,10,233,43,25,6,385,3,3,0,3,2,2532,4,3,14973,14973,685,2245,10711,4486.6064
2,2,2,5.2,9,1031,216,133,23,1723,2,11,1,6,2,11427,5,1,47302,47302,2697,7968,47115,17725.7654
1.75,1,2,4.2,8,908,154,91,16,1417,1,10,0.3,4,2,10440,3,2,49511,49511,2020,7074,40432,14484.868
2.5,1,2,3,9,1191,260,173,20,2106,1,17,0.5,3,0,14927,4,2,63110,63110,3481,10898,62118,22569.0654
1.5,1,2,4.2,9,804,155,112,14,1298,2,10,0.5,6,1,10386,4,2,43925,43925,1771,6286,31405,12854.5972
2,1,1,3.5,10,1093,226,104,24,1799,1,13,0.3,4,2,12021,2,3,46673,46673,2836,8968,39396,18941.7442
0.5,2,1,1.4,10,275,61,36,6,413,2,3,0,4,0,2711,5,1,13109,13109,646,2151,9531,4526.2222
0.5,1,2,0.5,8,239,51,20,6,408,1,3,0,6,1,3020,4,3,11395,11395,675,2244,12460,4494.024
1.5,1,1,4.4,8,744,153,90,18,1205,2,8,0.5,4,2,9697,6,2,40393,40393,1897,6666,33859,13120.9394
2.5,2,1,5.6,10,1268,213,131,29,2018,3,16,1.2,4,0,16369,5,1,55129,55129,2853,10906,55931,20905.8138
1.75,1,2,4.3,8,892,146,92,22,1403,1,10,0,6,1,11465,6,3,41072,41072,2039,7828,35912,14888.893
1,2,1,1,9,505,91,61,13,752,3,6,0.2,6,0,6334,2,1,26854,26854,1455,4263,21549,9309.5068
0.5,2,2,0.6,9,247,49,30,4,413,1,3,0,3,0,3381,4,1,13121,13121,589,2211,11593,4239.3562
2,1,2,2.2,10,1016,190,132,19,1765,2,13,0.4,5,0,12961,5,1,57797,57797,2329,8866,43994,16998.6122
0.5,2,1,0.7,10,255,55,34,6,394,2,3,0.2,4,2,2594,6,2,12174,12174,551,2085,10291,4102.5988
1.25,2,1,2.8,9,567,162,53,16,1074,1,9,0.3,5,0,6629,2,2,32588,32588,1650,5397,26935,10829.0258
0.5,1,1,1.3,10,236,45,25,5,399,2,3,0.1,5,0,2813,5,2,13756,13756,588,2113,10391,4139.4626
1.75,2,2,5,8,953,195,80,19,1349,3,11,0.8,6,0,10149,4,2,49446,49446,2245,6711,42047,15209.2298
2.5,1,1,6.7,9,1182,312,147,24,1913,2,15,1.1,6,0,15690,4,2,64384,64384,3467,9851,49877,21893.798
0.75,2,1,1.9,8,409,63,30,7,611,3,4,0.1,6,1,5186,2,2,21014,21014,839,3198,15813,6314.5572
1.75,2,2,1.9,9,825,187,77,18,1354,3,10,0.3,4,1,11853,2,1,42239,42239,2321,7803,36704,15426.6506
1.25,1,2,1.4,8,676,118,71,15,1109,3,8,0.5,4,2,8533,4,2,30017,30017,1574,4963,27405,10857.7066
1.75,1,1,5,9,876,144,63,23,1540,2,11,0.8,4,1,11261,2,3,52333,52333,1934,6685,39531,13838.1922
1.75,2,2,4.6,8,898,216,104,18,1419,2,11,0.7,3,1,11321,2,2,49773,49773,2411,7775,35428,16068.1842
0.75,2,1,2,9,345,88,43,8,664,2,4,0,4,1,3938,5,3,20675,20675,1070,3037,15248,6665.2276
1.75,1,2,2.1,10,793,169,131,19,1406,3,12,0.1,5,1,9331,4,2,44828,44828,1978,7247,34677,14005.0262
2,2,1,3.1,9,917,194,104,21,1627,1,14,0.5,4,2,10264,6,2,46285,46285,2691,8247,47359,17313.0728
2,2,2,4.8,9,1010,213,88,17,1660,3,12,0,5,0,12256,6,2,50108,50108,2892,8146,44296,18268.4912
3,1,2,4.4,8,1489,337,177,24,2665,3,21,0,6,2,18915,5,1,66110,66110,4138,11577,63742,26395.843
2,2,1,3.8,8,905,235,90,24,1763,2,13,0.5,6,0,12083,4,3,45698,45698,2933,8112,42035,17928.3566
1.5,2,2,3.1,10,708,153,98,14,1148,3,10,0.1,3,1,9840,5,1,37462,37462,2212,6258,29036,13740.448
2,1,2,3.1,9,1096,254,118,17,1783,2,13,0.9,6,2,11136,2,1,49294,49294,2933,8741,40697,19174.1872
2.5,1,2,3.1,8,1343,211,131,25,2054,1,17,1,4,1,16940,2,1,74229,74229,3623,11184,50629,23804.788
0.5,2,1,0.7,9,237,41,36,6,387,3,3,0.2,6,0,3268,3,1,12634,12634,735,2031,9685,4579.8536
2,2,1,4.5,8,1027,183,126,17,1790,3,10,0.1,5,0,10181,6,2,49071,49071,2972,8570,46677,18853.9962
2.5,2,2,7,10,1151,292,159,26,2061,3,13,1,4,2,14621,5,3,66609,66609,3225,9836,52446,20972.8042
2.5,1,2,3.2,9,1281,256,148,23,2103,2,17,0.7,6,0,17495,5,3,64596,64596,3560,9921,60642,22681.459
1.25,1,1,1.8,8,600,115,69,15,1088,2,7,0.5,3,1,6361,5,1,35979,35979,1409,5221,27077,10119.8522
3,1,1,3.5,10,1467,378,201,37,2412,2,17,0.7,3,2,20014,4,1,70990,70990,3443,12833,67102,24792.9028
1.75,1,2,3.4,8,889,219,115,16,1354,1,10,0.7,5,0,9099,6,3,39514,39514,2315,7415,34902,15550.6198
1.75,2,1,2.7,8,925,203,98,14,1391,3,11,0.1,3,0,11825,2,1,39353,39353,2563,7746,36350,16633.825
0.75,2,2,1.9,8,381,81,55,9,643,2,5,0.1,3,0,4426,4,3,21323,21323,933,3132,14947,6471.9252
1.5,2,1,4.2,9,714,177,108,14,1332,1,10,0.4,6,2,9857,3,1,36551,36551,2245,6485,34249,14029.4314
1.25,1,1,1.7,9,678,125,52,12,975,1,7,0.4,5,0,7972,3,3,29618,29618,1409,5342,24177,10527.0944
1,2,2,2.9,9,535,111,68,8,895,1,6,0.3,5,1,5409,6,1,25834,25834,1212,3930,20116,8512.9218
2,2,1,4.5,9,991,212,80,26,1748,2,11,0.4,6,0,11898,6,2,54770,54770,2686,8766,44468,17864.3196
1.25,1,1,1.7,9,603,126,87,14,1111,1,7,0.4,5,1,6540,6,2,32707,32707,1706,5529,27732,11262.408
0.5,2,1,0.6,10,246,53,23,6,376,3,3,0.1,5,1,3451,4,3,13034,13034,582,1914,10298,4056.5702
2,1,1,3.2,8,925,187,74,21,1535,2,11,0.4,6,0,13796,4,1,48728,48728,2757,8892,41718,17845.8992
0.75,1,2,1.7,8,366,67,36,9,644,1,5,0.3,6,1,4937,5,3,17534,17534,967,3218,15196,6550.1674
0.5,2,2,0.8,10,256,56,21,5,419,3,3,0.2,5,1,3258,3,3,13107,13107,647,1981,10869,4339.2716
2.5,1,1,6.5,9,1311,208,186,25,2170,2,15,0.2,3,1,16795,3,3,73342,73342,3470,10899,53137,23069.319
2,1,1,3.5,10,983,232,146,25,1514,2,13,0,5,2,13820,4,1,51197,51197,2737,8800,38377,18105.064
1.75,1,1,4.6,8,926,157,103,22,1472,2,10,0.1,5,1,9941,5,2,46109,46109,2560,7088,40225,16278.8082
2,1,2,2.3,9,1008,220,119,20,1758,3,11,0.2,3,1,13185,3,1,47594,47594,2214,8985,43174,16619.937
2,1,1,5.9,9,939,187,133,23,1780,1,12,0.4,6,2,10192,5,2,58571,58571,2445,8143,46601,16619.1184
1,2,2,2.1,9,496,110,74,10,787,1,5,0.1,5,2,5814,3,2,26554,26554,1146,4064,23172,8199.6228
1.75,2,2,4.2,8,908,187,86,22,1428,1,12,0.1,3,1,8758,6,2,44236,44236,2292,7577,34520,15611.7316
1,2,1,1.4,8,545,105,58,10,853,1,6,0,3,1,5040,3,1,24731,24731,1135,4138,23636,8401.248
2.5,1,1,5.3,10,1187,277,144,26,1971,3,17,1.2,6,0,16330,6,3,71858,71858,3694,9956,48402,22694.646
0.75,2,1,1.6,8,355,73,41,7,647,1,5,0.1,4,2,3974,5,1,19489,19489,943,3008,14633,6305.1548
3,2,2,6.8,8,1511,300,146,36,2312,1,16,0.2,6,2,16905,2,2,66080,66080,3460,12834,69447,24968.301
1.75,2,2,4.8,10,955,225,68,18,1409,1,12,0.8,4,1,10475,2,2,50007,50007,2497,6830,33971,16052.655
1.5,1,1,2.9,9,763,183,92,14,1233,1,10,0.2,3,1,9889,3,1,36696,36696,2224,6464,32778,14133.0978
0.75,2,1,1.1,8,371,96,47,8,609,3,4,0.2,4,1,4246,5,3,20881,20881,1002,3210,16616,6672.0692
3,1,2,7.5,8,1431,367,196,35,2483,2,21,0.5,4,0,20679,4,1,81795,81795,3771,12163,66168,25326.2958
0.75,2,2,1.7,8,405,77,54,8,574,1,4,0,3,2,4551,4,3,22161,22161,955,3007,15757,6569.4102
3,1,2,7,8,1545,261,145,38,2639,2,17,1.4,5,2,16006,4,1,69307,69307,3831,12087,66113,25886.9812
1,1,2,2.3,9,528,129,68,13,837,3,6,0,6,1,6135,3,1,29263,29263,1278,4394,19443,8942.347
3,1,2,6,10,1505,388,173,36,2564,3,17,0,4,2,16917,3,3,83816,83816,3596,11552,60919,24711.9434
1.5,1,2,3.2,10,801,129,63,16,1162,1,8,0.5,5,0,10267,5,3,34834,34834,2012,5899,35559,13291.2134
1.75,2,2,2.3,8,822,187,93,19,1533,2,12,0.8,5,0,10620,6,2,49143,49143,2101,6669,42474,14165.524
1,2,1,2.7,10,526,114,68,10,785,3,6,0.2,5,2,5649,4,2,25744,25744,1426,4323,19647,9351.4298
2,1,2,4,9,1009,214,111,19,1687,1,13,0.6,3,2,13290,2,3,59698,59698,2940,8952,46419,18883.578
0.75,1,1,0.8,9,346,62,40,7,565,1,5,0.3,4,1,4084,2,1,20342,20342,958,3024,16552,6319.7168
2,1,1,4.2,9,918,168,137,16,1767,1,13,0.3,4,0,10157,3,1,53987,53987,2328,7916,46125,16036.9114
1,2,2,2.1,9,460,114,52,9,810,3,6,0,4,0,6661,4,2,29869,29869,1111,4014,22635,7874.2122
1.25,2,1,2.8,10,605,125,61,13,968,3,7,0.6,4,1,6331,6,2,36903,36903,1469,5193,24202,10311.6062
1.75,1,2,5,10,958,200,113,17,1329,1,10,0.8,5,0,10863,4,3,48625,48625,2527,7813,40640,16736.0126
1.25,2,1,1.6,8,687,142,57,16,941,1,7,0.2,3,2,6698,4,3,34202,34202,1615,4878,29430,10953.7396
0.75,1,2,1.9,9,368,92,41,9,579,3,4,0.1,5,2,3938,2,2,18999,18999,890,2896,14276,6136.0876
1,1,2,1.7,10,468,95,66,10,803,1,5,0,6,0,5280,6,2,23296,23296,1323,3879,20371,8518.376
1.75,1,2,2.8,10,802,192,72,23,1485,1,12,0.6,3,0,9070,6,3,50055,50055,2110,7454,40916,14485.054
3,1,1,7.9,9,1603,382,142,31,2309,3,17,0.6,5,2,17853,5,3,75518,75518,3476,12562,60600,25296.0706
2.5,2,2,2.8,8,1251,233,168,22,2047,1,15,1,5,0,16223,6,1,59224,59224,3480,10409,59346,22562.4846
1.5,2,1,2.4,9,678,138,113,19,1275,2,9,0.5,6,1,7951,2,2,41666,41666,2230,5847,30599,13470.0902
0.5,1,2,0.6,9,258,58,22,6,408,3,3,0,4,0,3338,2,1,11877,11877,571,2039,12173,4136.0276
1,1,2,2.6,9,511,120,51,11,764,2,6,0,6,0,6757,2,2,25499,25499,1293,4189,22501,8778.2314
2.5,2,2,3.3,9,1187,294,114,20,2076,1,14,0.8,4,0,17490,3,2,65889,65889,3171,9538,49370,20754.058
1.5,2,2,3.6,8,815,165,66,18,1149,3,9,0.3,4,2,9078,2,1,40010,40010,1674,5938,35113,12329.1556
2.5,1,2,7.1,8,1197,292,146,21,2102,2,15,1.2,5,0,16804,6,2,67295,67295,3610,10161,50470,22567.4408
2.5,2,2,3.1,8,1189,321,120,31,2022,3,17,0.7,5,2,16042,4,3,73456,73456,3137,10971,55064,21474.2484
1.25,2,2,1.6,10,648,111,72,14,980,2,9,0.6,5,2,6374,4,2,32858,32858,1666,4904,23921,11003.1748
3,1,1,5.4,9,1643,326,224,28,2694,2,16,1.4,4,0,19459,6,2,78167,78167,3469,12386,60044,25458.2118
1.75,1,2,4.8,10,898,163,107,18,1540,3,11,0.8,4,2,9999,4,2,45228,45228,2409,7522,35374,15931.8398
2.5,2,2,6.2,10,1130,244,94,30,2189,3,17,0.5,5,1,15874,4,2,57774,57774,3053,10330,60375,20556.3148
2,1,2,4,10,903,166,122,21,1512,2,14,0.3,6,2,13703,5,1,51241,51241,2799,8540,46015,17777.5406
1.25,2,1,1.8,10,565,135,76,16,1055,3,8,0.4,4,0,6620,4,1,36531,36531,1745,4848,26073,10834.084
1.75,1,2,1.9,8,844,174,72,21,1352,3,11,0.5,4,0,9906,3,1,44430,44430,2592,7280,34937,16079.0012
1.75,1,2,4.5,10,804,170,76,15,1407,3,11,0.7,6,0,10886,2,3,46106,46106,2172,6686,42497,14286.2772
1.75,2,2,4.3,8,843,199,110,18,1404,3,10,0.3,3,2,10351,5,2,47575,47575,2533,7236,36861,15902.1502
0.5,2,2,0.7,9,245,47,31,5,399,3,3,0.2,3,1,2585,4,2,14041,14041,666,1946,9690,4330.477
1.5,1,1,3.6,9,766,181,103,14,1316,1,9,0.2,4,0,8342,4,1,42336,42336,1837,6301,28742,12861.9684
0.5,1,2,1,8,260,43,34,6,432,3,3,0.1,6,1,3306,5,3,12291,12291,633,2110,10114,4404.7212
0.75,1,2,1.4,9,368,97,28,8,587,3,5,0.1,5,1,4178,4,3,18293,18293,1057,2893,17779,6648.0356
1,2,2,1.9,8,491,108,63,10,897,1,6,0.4,6,2,6584,6,2,27462,27462,1468,4286,19325,9305.2968
2,1,1,5,10,1017,164,133,18,1544,3,13,0.9,3,2,12423,3,2,49074,49074,2721,8484,46949,18012.0446
2,1,2,3.2,8,930,228,75,24,1651,3,12,0.9,3,1,11742,3,2,51351,51351,2462,8224,39722,16588.0884
1.75,2,1,5.2,9,800,191,104,17,1329,2,12,0.8,6,0,9192,4,3,48557,48557,2140,7781,41842,14809.0184
0.5,1,1,1.4,8,233,49,36,4,446,2,3,0,5,2,2746,6,3,14616,14616,577,1949,10696,4017.0692
0.75,2,2,1.4,8,400,67,48,7,632,2,5,0.3,5,2,4068,2,3,17383,17383,1065,2882,15336,6838.0736
1.5,1,2,2.6,8,747,169,60,15,1133,2,9,0,4,0,8342,3,1,37395,37395,1918,6745,32033,13207.9884
0.5,1,2,0.7,9,238,55,20,6,405,1,3,0,3,0,2903,6,2,13719,13719,619,2065,9828,4200.4206
1,2,2,1.4,10,473,127,42,9,866,1,7,0.5,3,2,6493,2,3,26464,26464,1230,4123,20410,8359.2186
1,2,1,2,8,485,128,75,9,775,2,7,0.1,4,1,5074,6,1,25869,25869,1486,4098,21303,9244.6948
3,2,2,7.2,8,1609,365,166,31,2669,3,16,1.3,3,1,17256,4,2,76448,76448,3584,11956,57103,25349.0912
3,2,1,7.9,10,1462,298,148,24,2473,1,20,1,3,0,20054,6,1,76350,76350,3779,12148,74608,25402.8108
3,2,1,3.9,9,1597,372,160,31,2592,1,16,0.3,6,2,17934,2,2,81210,81210,4372,11592,59391,27557.5068
2.5,2,1,2.7,8,1181,263,176,23,2113,2,15,0.5,6,2,15370,2,2,56658,56658,3549,10370,53405,22454.254
2.5,1,1,4.2,9,1224,271,175,32,2213,1,14,0.2,5,2,16809,4,2,69504,69504,3532,10270,57959,22522.6618
1,2,1,2.3,8,470,128,41,12,761,1,6,0.4,6,1,6668,5,2,24249,24249,1268,4032,22132,8421.3536
0.5,1,2,1.1,9,241,53,36,5,377,2,3,0.2,4,0,3338,6,3,11886,11886,690,1984,10843,4421.1276
3,2,1,6.8,8,1421,362,138,34,2525,2,19,1.5,3,1,17020,2,1,69250,69250,3897,12127,63563,25560.924
1.25,1,1,2.9,10,585,142,90,12,1108,1,7,0.5,3,2,7564,3,2,35643,35643,1674,4771,30307,10666.3928
1.5,1,2,4,9,762,140,95,13,1303,2,10,0.3,6,2,10261,3,2,40906,40906,1827,6401,30762,12875.5722
2.5,1,2,5,10,1316,209,91,23,2011,2,14,0.9,3,0,15886,5,1,66482,66482,3223,10632,57356,22047.1972
0.5,1,2,0.6,9,234,55,20,6,395,2,3,0.2,3,1,2586,4,2,11263,11263,614,2165,11676,4222.6772
1.5,1,1,2.9,9,680,160,84,15,1144,3,8,0.3,3,2,8249,2,1,43582,43582,2177,6207,33172,13441.6298
2.5,2,1,7.4,10,1162,242,170,20,1905,3,13,1.1,4,2,13205,5,2,56032,56032,2960,9960,49665,20274.141
1.75,2,1,4.7,8,917,215,73,15,1565,2,10,0.1,6,0,11753,2,1,49947,49947,2204,6804,34240,14944.8506
1.5,2,2,3.5,9,680,127,74,13,1271,1,10,0.2,3,1,9343,6,3,33252,33252,1733,6514,31824,12224.3086
1.25,2,1,3.6,8,679,113,82,12,942,1,8,0.5,4,2,6254,4,1,28962,28962,1518,5510,25736,11005.8108
1.25,2,1,2,8,648,119,47,14,968,1,7,0.4,5,0,7703,5,1,29221,29221,1857,5528,27424,11882.4606
1.25,1,2,3.3,9,585,144,62,15,1109,1,6,0.6,3,1,6903,2,2,27773,27773,1805,5243,23824,11284.0006
1.5,1,1,3,9,736,163,73,19,1294,1,10,0.7,4,1,8322,5,2,43905,43905,1689,6484,30186,12336.2844
2.5,2,2,3.8,8,1146,233,135,29,1979,1,17,0.3,4,0,13067,2,2,60214,60214,2941,10990,61069,20681.0934
1.25,1,1,2,8,586,105,71,15,1049,3,7,0.1,6,1,8431,2,2,35572,35572,1789,5109,27509,11197.9862
0.5,1,2,0.7,10,254,42,31,5,379,1,3,0.2,3,1,3281,2,1,13967,13967,655,2064,12111,4400.2962
2.5,1,2,5.6,8,1172,294,170,22,2222,1,17,1.1,5,0,16484,6,3,71158,71158,3188,9588,54839,20878.6368
3,2,2,3.1,9,1551,259,161,35,2607,2,16,1,5,1,15959,4,3,79916,79916,3501,12086,74821,24891.7318
1.25,2,2,1.9,8,653,131,89,16,1083,2,7,0.6,5,2,7923,4,1,32610,32610,1643,5517,23826,11290.7246
3,2,2,3.1,10,1508,263,152,35,2365,3,16,1.5,6,0,16508,3,2,66960,66960,3823,13310,67417,26362.3416
1.25,1,2,2.3,9,607,114,47,12,964,3,7,0.3,6,0,6324,3,2,27681,27681,1403,5421,28495,10227.2048
1.5,2,2,3.4,10,750,144,68,19,1313,1,10,0.4,4,1,10311,2,1,41105,41105,2083,5784,33188,13240.0222
1.5,2,1,3.6,10,817,187,60,18,1255,1,10,0.2,3,1,9116,5,1,37667,37667,1652,5801,29114,12191.8032
2,2,2,4.9,10,1027,246,125,22,1675,2,12,0.7,5,2,11761,3,3,57961,57961,2663,7700,48478,17449.1322
1,1,2,2.5,10,526,110,62,8,812,2,5,0.2,3,2,5687,2,2,23079,23079,1214,3924,19223,8444.6774
2,1,2,3.2,10,1082,259,112,16,1573,3,14,0.5,5,1,12606,6,3,59989,59989,2974,8629,45953,19170.5012
2,2,2,4.9,9,1046,167,148,23,1613,1,11,0.7,5,1,10169,5,2,54658,54658,2922,7903,48636,18467.3938
2.5,2,1,4.3,8,1288,237,133,30,1966,1,15,0.4,6,0,16781,3,2,58036,58036,3037,10359,53763,21274.0962
1.75,2,1,1.8,8,935,209,86,21,1428,3,11,0,4,0,12031,2,3,47454,47454,2552,7698,36975,16608.2262
1.75,1,1,3.4,9,813,223,93,16,1510,3,10,0.8,6,2,12185,5,1,39332,39332,2233,7264,33476,14848.177
1.5,2,2,3.3,10,682,175,84,16,1315,3,9,0.5,5,1,8911,6,3,41759,41759,1853,6690,35586,12725.4422
0.5,2,1,1.1,9,245,55,35,5,424,2,3,0.1,5,1,3031,4,1,14307,14307,727,1909,11226,4517.9062
2,2,2,2.3,10,1017,221,80,24,1796,2,11,0,4,2,13605,5,1,48652,48652,2985,8877,45728,18959.721
1.5,1,2,4,8,798,156,113,16,1209,1,10,0.6,6,0,9160,3,3,37621,37621,1854,6510,36547,13209.572
3,1,1,7,10,1410,308,214,32,2597,3,18,1.2,4,1,15114,5,1,79556,79556,4025,12640,67695,26278.2228
1.5,2,1,1.7,8,718,139,62,15,1146,2,8,0.3,3,0,7689,2,3,36728,36728,2121,5711,30870,13139.5578
1,1,2,2.2,9,516,129,61,10,752,2,7,0.2,3,2,6384,4,3,23525,23525,1453,4082,20675,9249.7968
0.75,2,1,1.9,8,404,83,39,8,667,1,5,0.1,5,1,4323,6,1,16820,16820,1073,3193,14820,7036.3246
2,2,1,4,9,1080,220,129,20,1787,1,11,0.7,6,2,12829,6,3,53771,53771,2638,8768,44587,18187.4058
1,2,2,2.3,8,538,93,52,10,846,3,6,0.1,5,2,6276,3,1,27857,27857,1452,4422,20097,9516.2552
2,1,2,3.4,8,926,196,104,20,1737,2,13,0.8,6,2,13669,2,3,56855,56855,2691,7731,38303,17081.4538
1,1,1,2,10,494,107,76,12,836,2,7,0.3,6,1,6634,6,2,27183,27183,1244,4257,23882,8630.1668
1,1,2,2.4,8,482,117,57,12,879,1,6,0.1,4,1,5275,5,1,24181,24181,1367,4201,24160,8881.015
0.5,2,2,1.3,8,257,50,34,4,387,3,3,0,6,0,2732,6,1,14410,14410,560,2154,9889,4186.6064
0.75,1,2,1.9,9,372,62,49,7,567,2,4,0.1,6,2,4531,5,3,20871,20871,1005,3253,16926,6720.1862
1.5,2,1,2.2,10,720,135,62,16,1193,1,8,0.6,4,1,10141,6,2,33153,33153,1689,6642,31441,12312.6682
1.5,2,1,2.7,8,702,144,81,18,1202,2,8,0.3,3,1,9337,3,1,43163,43163,2199,6577,31800,13804.4274
1.75,1,1,2,10,836,155,124,20,1558,2,11,0.4,4,1,11937,2,1,49008,49008,2492,6879,38169,15581.8674
1.25,2,2,1.9,8,586,143,71,12,1095,2,7,0.5,6,2,6435,6,2,29373,29373,1530,5104,26464,10393.847
1.5,2,1,3,9,783,126,96,12,1232,2,9,0.2,3,2,7936,4,2,39066,39066,1706,6262,31671,12489.1672
1.75,2,1,2.1,8,942,162,93,19,1522,2,12,0.6,6,1,10518,3,2,40895,40895,2405,6860,38971,15761.5236
0.75,2,1,2.2,10,405,88,32,7,574,1,5,0,6,0,3777,3,3,17376,17376,836,3108,18322,6251.4154
0.75,2,2,1.5,10,398,91,52,9,664,1,5,0.2,4,1,3914,5,1,22228,22228,1022,2902,17369,6705.9228
1.25,1,1,2.9,10,582,103,60,10,1056,2,9,0.4,3,1,6856,5,1,31096,31096,1532,4936,26597,10273.4312
1.25,1,1,3.3,9,636,130,78,15,990,2,7,0.5,6,0,6390,6,3,30445,30445,1513,5436,27073,10754.418
2,1,1,5.2,8,929,233,132,21,1637,2,12,0.5,6,1,12112,5,2,44042,44042,2574,8409,39972,17123.7624
1.75,1,1,2.9,8,838,226,123,19,1464,1,11,0.8,4,2,12197,6,1,50458,50458,1953,6848,41969,13900.8794
0.5,2,2,0.9,8,269,42,21,4,432,1,3,0.2,5,2,3048,4,3,13440,13440,742,2211,10430,4817.4696
0.75,2,2,2.2,10,380,85,50,9,616,3,4,0.3,6,0,3780,4,1,18628,18628,1117,3209,16534,7087.056
3,1,2,6.9,10,1585,326,167,29,2347,1,18,0.7,6,2,16040,4,1,84858,84858,4252,13117,68926,27980.688
1.5,2,1,2.4,9,695,141,74,13,1239,2,8,0.3,3,1,7777,5,2,37876,37876,1717,6168,34690,12038.1554
3,2,1,6.3,10,1397,315,161,33,2360,2,16,0.3,6,2,20897,6,1,81109,81109,3506,13254,72359,24846.4394
0.75,2,2,1.2,8,371,67,48,10,655,1,4,0.2,6,1,3906,3,2,17029,17029,1076,2991,16016,6795.6412
2,2,2,3.2,10,939,189,130,18,1775,2,14,0.8,5,2,10378,5,2,46576,46576,2694,8384,41596,17539.3156
1.25,1,2,3.2,8,574,113,58,12,954,2,8,0.4,6,2,8036,5,3,30457,30457,1487,4920,23965,10095.0872
2,1,1,3,10,1063,177,100,18,1637,3,13,0.4,4,2,13360,2,2,55297,55297,2999,7912,42632,18736.452
2.5,2,2,2.8,10,1205,314,103,29,2030,1,15,0.6,3,1,13940,4,1,66272,66272,3189,11198,60586,21775.628
1,2,2,2.5,9,458,124,69,12,768,1,6,0.2,5,0,5521,2,1,27264,27264,1160,4347,20458,8229.2242
1.75,2,2,3.4,9,842,148,98,16,1328,2,9,0.4,3,0,9765,6,3,45571,45571,2366,7342,36823,15405.053
1,2,2,2.7,10,492,105,58,11,834,3,6,0.2,6,0,5766,6,1,27340,27340,1353,4421,20969,9014.8132
2,2,1,5.3,8,1032,186,101,20,1681,3,11,0.1,6,2,11438,4,2,59899,59899,2930,8136,41858,18493.6876
0.75,1,2,0.9,9,342,76,28,6,618,3,5,0,5,1,5043,5,1,17904,17904,1002,2896,15046,6358.0286
2.5,1,1,3.2,10,1211,308,179,31,2095,1,16,0.5,3,0,13332,2,1,64495,64495,3126,9610,50927,20858.4064
2.5,2,2,2.5,9,1152,215,120,29,1973,2,14,0.5,4,1,15826,5,2,62292,62292,3288,9996,49800,21206.6052
1,2,1,1.6,10,499,129,73,11,844,3,5,0,6,2,6766,6,1,28872,28872,1499,4197,24389,9391.7332
1,2,1,2.7,8,517,95,59,8,872,2,5,0.3,4,2,5276,2,2,26542,26542,1191,4197,23104,8481.3552
0.75,1,1,1.1,9,368,73,53,9,596,1,4,0.2,4,2,4700,4,2,19684,19684,870,2967,14592,6121.74
1,1,1,2.7,10,462,112,52,12,889,2,7,0.2,6,2,5549,5,1,28149,28149,1366,4294,20392,8853.1698
3,1,2,6.8,9,1479,338,203,33,2396,3,16,0.4,4,2,16831,6,1,86304,86304,3604,13190,69963,25534.5862
1.75,1,1,4.8,9,861,195,90,21,1440,1,11,0.6,5,1,9098,4,3,47662,47662,2530,6822,39667,15747.7196
0.5,2,1,1.1,8,263,50,30,5,423,1,3,0.1,3,2,3493,4,3,14099,14099,698,2037,11565,4558.8986
1.25,1,1,1.4,9,605,150,57,14,979,2,8,0.5,3,1,7421,5,2,35853,35853,1845,5160,29606,11466.2642
2.5,1,2,5.9,10,1155,271,93,25,2207,1,14,0.6,6,2,15798,5,1,68371,68371,3503,10976,52571,22401.4596
0.5,2,2,1.2,9,230,59,23,5,438,3,3,0.1,3,1,3148,2,3,14412,14412,715,2133,10522,4505.8896
2.5,1,2,6,9,1160,275,152,32,2169,3,16,0.3,5,2,16238,5,3,72358,72358,3489,10794,55372,22371.5676
0.75,2,1,2.2,9,398,65,54,10,675,1,4,0.2,5,1,5197,5,3,16676,16676,849,3337,17015,6398.4194
1.75,1,2,5.2,8,883,205,98,17,1458,3,10,0.3,3,1,11999,5,3,51496,51496,2406,6938,37490,15510.5198
1.5,1,1,2.4,8,788,139,84,12,1199,1,10,0.2,3,2,8906,6,2,33476,33476,1813,6465,30454,12949.8812
3,1,1,8.2,8,1488,390,177,35,2473,2,17,0.7,4,2,17604,4,3,89501,89501,3820,12855,59930,26050.2608
0.5,2,1,1.5,8,264,41,37,6,429,2,3,0.2,3,0,2794,3,3,14492,14492,579,2170,11251,4273.4788
1.25,1,2,2.1,9,612,143,68,14,1066,1,9,0.1,3,2,7526,6,3,33769,33769,1783,5511,30751,11513.7052
0.75,1,2,1.1,10,409,76,57,7,652,2,5,0,5,2,4627,5,2,16533,16533,1033,3357,17217,7045.3054
1,1,2,1.8,9,459,99,47,11,873,2,6,0.3,6,1,5351,3,3,22734,22734,1211,3814,19098,8080.5302
2,2,2,4.5,8,1031,242,148,16,1672,1,11,0.4,4,2,13468,6,2,57746,57746,2658,7913,42112,17578.9736
1.25,1,2,2.8,10,566,155,64,16,1065,1,9,0.2,5,0,6725,5,2,34632,34632,1416,5141,29742,9969.385
2,2,1,5.3,10,994,245,133,25,1716,3,11,0.6,4,0,12518,3,1,58949,58949,2812,8330,47564,18099.3436
3,1,2,5.2,8,1445,330,216,29,2446,2,16,0.3,4,0,20651,3,3,89383,89383,3339,11838,69482,23840.5702
0.5,1,1,1.2,9,268,55,27,5,403,2,3,0.2,3,1,3282,3,1,13847,13847,734,2112,11307,4731.6564
0.5,2,1,1.1,10,253,48,29,6,430,3,3,0.1,4,1,2721,6,3,11777,11777,685,2028,12211,4472.6242
3,1,2,5.1,10,1452,246,181,29,2586,2,20,1.3,4,2,15977,2,1,78112,78112,3308,12685,74463,24226.3154
0.5,2,1,0.7,9,247,64,22,5,447,3,3,0,6,2,2801,2,1,13485,13485,718,2000,10377,4536.2602
1.5,2,2,2.1,10,684,167,90,18,1280,1,9,0.7,5,0,8662,6,3,42241,42241,1914,5840,33819,12475.1524
2.5,2,1,3.1,9,1218,313,112,20,2083,1,16,0.6,5,0,16653,6,2,74587,74587,3359,10799,61628,22183.3506
0.75,2,2,1.4,9,412,71,51,7,608,2,5,0.1,3,0,5084,3,2,17869,17869,861,3055,17087,6339.7968
0.5,1,1,1.1,9,247,45,22,5,381,3,3,0.1,5,1,3429,3,3,14353,14353,675,2011,10851,4401.6458
2.5,1,2,7.2,8,1286,320,106,20,2145,2,14,0.3,6,1,15423,4,3,60315,60315,3726,9881,60192,23116.3046
2,1,2,3.4,9,965,230,130,23,1650,2,10,0.9,3,2,11882,4,1,52613,52613,2948,8776,49015,18615.5764
2,2,1,3.8,10,930,165,102,18,1591,2,11,0.5,5,0,10790,6,3,57695,57695,2343,8628,43436,16464.418
1.25,1,1,2.3,9,575,108,78,14,1085,2,8,0.3,6,1,6937,4,2,29606,29606,1582,5598,25938,10787.3074
1.75,2,1,2.9,8,889,208,78,20,1331,1,9,0.2,5,0,10385,4,2,47696,47696,2158,7141,42242,14848.117
3,1,2,5,10,1436,359,180,30,2397,2,18,1,3,2,19210,3,1,86962,86962,3756,12047,67816,25187.582
0.5,2,1,1.4,8,238,57,36,5,393,1,3,0.2,3,0,2541,3,2,11613,11613,554,2085,11828,4031.9482
1,2,1,2.1,9,531,110,73,10,804,3,7,0.4,6,0,5450,5,1,28247,28247,1189,4181,24356,8581.75
0.5,1,1,0.9,9,270,59,18,5,430,1,3,0.2,4,1,2589,6,1,12111,12111,571,1929,11533,4127.4378
2,2,1,2.7,10,971,194,103,16,1736,2,13,0.5,4,0,10861,6,2,48392,48392,2478,8062,43149,16781.9722
0.5,2,2,1.3,8,231,49,22,5,392,1,3,0,4,2,3227,2,3,11665,11665,589,2226,10322,4170.3854
1.5,2,1,3,8,688,184,95,17,1322,3,10,0,5,1,10052,3,1,43679,43679,1820,6335,34099,12478.0904
0.5,1,1,1.3,8,264,51,19,6,378,3,3,0.2,6,2,2746,4,1,11134,11134,726,1928,11665,4596.1092
2.5,2,1,6,9,1337,258,104,22,1993,3,15,0.3,5,1,17363,6,3,63493,63493,3314,10954,59449,22637.0526
1.25,2,1,3.6,9,574,138,49,13,1115,3,8,0.4,3,0,7928,2,1,31842,31842,1694,5101,27745,10810.5856
0.5,1,2,0.8,8,268,55,25,6,401,2,3,0.2,3,1,2690,5,2,14390,14390,724,2176,11755,4732.218
2.5,2,2,5.9,8,1231,253,150,22,2170,1,14,0.2,4,2,17368,2,2,62912,62912,3497,10428,62221,22489.5936
1.5,1,1,2.5,9,738,152,76,17,1168,2,9,0.5,3,0,8577,6,1,34044,34044,1896,5830,35260,12623.6954
3,2,2,5.6,8,1407,346,123,32,2385,3,19,0.7,4,2,18715,6,3,67771,67771,4406,13173,63465,27627.523
0.5,2,1,1,9,245,61,33,5,390,1,3,0.1,5,2,3338,2,3,12107,12107,641,1974,10244,4282.5476
0.5,1,2,0.6,10,246,54,18,5,392,2,3,0.2,3,1,3278,3,2,11901,11901,610,2200,9922,4280.7156
1,2,2,1.1,10,534,130,60,10,893,1,6,0.1,6,2,6880,3,1,27033,27033,1151,4151,21253,8432.516
1.5,1,2,3.1,9,684,124,87,14,1131,1,10,0.2,5,0,9396,2,2,39855,39855,2203,6695,34711,13835.7192
3,1,1,8.1,10,1379,292,208,25,2601,3,18,1.2,5,2,20105,5,3,79092,79092,4087,13444,65955,26763.381
2,1,2,3.2,9,983,236,79,19,1630,3,11,0.4,4,0,13718,4,1,53509,53509,2549,8749,41887,17380.4836
2,1,2,2.2,8,903,204,125,22,1584,1,12,0.3,6,2,12092,5,1,51091,51091,2297,8137,46088,15981.4184
0.5,1,1,0.9,8,247,62,23,5,407,3,3,0,5,2,3061,3,3,13958,13958,689,2234,11489,4567.3722
2.5,2,1,5.8,10,1159,246,119,30,2002,3,15,1.2,6,2,15748,2,3,56328,56328,2961,10854,59594,20710.9496
3,2,2,5.2,8,1403,312,197,26,2360,3,16,0.1,6,0,16039,6,3,87271,87271,3802,11453,58577,24869.5678
0.5,1,2,1.3,9,271,49,27,6,381,1,3,0.2,3,2,3084,4,3,11047,11047,644,1998,11617,4402.3368
2,1,2,2.6,8,967,253,100,23,1593,3,14,0.9,3,2,13695,5,3,44026,44026,2813,8230,46069,17908.579
1,1,2,1.2,8,504,82,57,11,848,3,6,0.4,3,2,6286,5,1,29520,29520,1299,4434,21944,8888.5172
2,2,1,5.9,8,1000,241,104,24,1639,1,12,0.4,6,2,10445,2,3,55848,55848,2865,8522,46590,18375.409
2.5,1,1,4.5,9,1139,315,141,21,1981,3,17,1,6,1,15292,6,2,72723,72723,3736,11102,53038,23224.3784
1.25,1,1,3.5,9,611,127,56,16,1001,2,8,0.4,4,2,7593,6,2,31742,31742,1422,4926,24507,10049.1186
1.5,2,2,1.7,9,744,128,84,15,1198,2,9,0.2,6,2,8702,2,2,44909,44909,1800,6615,31461,12799.0204
0.5,1,2,1.4,8,229,46,31,5,415,3,3,0.2,6,0,2786,2,2,14989,14989,665,2164,11448,4390.7172
1,2,2,2.3,10,503,120,67,8,872,2,6,0.1,3,2,6365,3,1,22994,22994,1442,4147,21685,9188.633
1.5,1,1,1.8,10,781,146,56,14,1259,2,8,0,3,1,9301,3,1,36401,36401,2246,6112,29714,14020.7002
2,2,2,5.6,10,936,252,115,24,1572,1,12,0.6,4,0,10252,3,2,44082,44082,2665,8660,49464,17542.2304
1.75,2,1,4.5,8,905,163,89,16,1513,2,11,0.6,6,2,8765,4,1,40765,40765,2022,6905,36985,14408.493
2.5,1,2,3.6,9,1241,285,128,31,1952,2,13,0.3,3,1,14240,2,1,67569,67569,2891,9979,59628,20359.568
0.75,2,1,2.2,9,373,72,29,6,652,1,5,0,5,2,4101,3,3,17386,17386,938,3119,15827,6419.7202
2,1,1,2.8,8,1064,197,105,21,1696,2,11,0.7,4,0,12450,6,3,51926,51926,2445,7601,39184,16836.67
1.5,2,1,3.1,8,733,167,105,17,1219,2,10,0.2,5,1,9136,5,3,35913,35913,1973,6142,28912,13068.4872
0.5,2,1,1.2,8,275,52,22,5,418,1,3,0.2,5,0,2628,2,2,13776,13776,665,1933,11530,4456.2856
1.5,2,2,4.5,10,820,157,72,13,1290,3,10,0.7,3,0,8577,3,1,35721,35721,1996,6658,36121,13759.9954
1.25,1,1,2.4,10,585,157,71,13,958,1,7,0.5,5,0,8176,5,3,33521,33521,1732,5553,23871,11257.4952
1.75,2,2,3.3,9,936,200,118,18,1568,3,10,0.3,5,1,11619,5,2,41739,41739,2416,7841,36488,16307.2238
2.5,2,1,5.3,8,1321,256,121,26,1985,3,16,1,5,2,13780,5,3,65210,65210,3042,10233,47995,21365.156
0.5,1,1,0.6,8,249,44,37,6,429,3,3,0.2,4,0,2795,4,3,13475,13475,679,2096,11048,4483.959
2.5,1,2,2.7,9,1267,238,172,29,1998,3,14,1.1,5,1,12558,5,1,68056,68056,3071,10148,47610,21214.3116
2.5,2,1,7.4,8,1331,291,138,29,2014,3,13,0.7,3,2,13134,2,3,68703,68703,3214,10722,59085,22193.0068
2.5,1,1,4.6,9,1241,274,170,31,2171,2,13,0.5,6,2,12972,3,2,68435,68435,3611,10965,57820,23213.5544
0.75,2,1,0.9,9,407,96,37,9,672,3,5,0.1,3,0,4814,4,1,16962,16962,865,3314,16804,6452.7228
1.75,2,2,4.2,9,957,175,63,21,1449,2,12,0.2,3,2,10195,3,1,39518,39518,2588,7109,41512,16473.519
1,1,2,1.9,8,492,84,58,10,834,1,6,0.3,3,0,5473,3,1,24466,24466,1242,4281,23079,8574.1546
1,2,1,1.7,9,476,114,39,12,771,1,7,0.3,4,0,6115,3,1,24207,24207,1294,3940,24139,8472.503
0.75,2,2,1.9,8,361,84,34,8,615,1,4,0.4,5,1,4048,5,1,19715,19715,833,2920,15022,5932.5696
1.25,2,1,2.4,8,662,127,77,12,1043,3,7,0.6,3,1,6813,4,1,35328,35328,1532,4770,30285,10553.0826
3,1,1,8.2,10,1557,258,228,29,2251,1,19,1.3,5,2,18806,4,2,73654,73654,4383,12761,59091,28156.9612
1.75,2,2,3.8,9,847,226,101,20,1550,3,10,0.7,6,1,9661,5,2,41766,41766,1992,7683,34189,14485.6522
2,2,1,3.3,10,933,250,100,25,1548,2,11,0.3,6,2,10843,3,2,49540,49540,2511,7988,49808,16664.6686
1.5,1,2,3.1,8,776,175,91,13,1242,3,9,0.2,3,0,7813,5,2,41028,41028,1815,5812,31574,12551.8026
0.75,2,1,2,10,355,92,47,6,614,1,5,0.3,3,1,4465,4,2,17321,17321,834,2961,16928,5945.353
1.75,2,1,4,10,849,213,131,16,1546,3,10,0.4,4,1,10851,3,2,42938,42938,2191,7132,40640,14842.4302
3,1,2,8.8,8,1605,337,144,37,2686,3,17,0.4,4,2,16218,4,2,80589,80589,3742,12580,61844,26135.5036
3,1,2,6.2,10,1457,311,218,28,2642,1,16,0.2,6,0,19482,5,1,81960,81960,4347,12462,72328,27388.6564
2,2,1,4.7,9,1062,238,149,21,1546,3,11,0.6,4,0,10113,5,1,44464,44464,2295,7938,41662,16602.3826
1.25,1,1,2.3,9,661,145,91,15,1114,3,7,0.2,3,2,7393,2,2,27764,27764,1633,5106,25650,11061.4386
1.75,1,1,5,8,875,154,126,22,1446,2,9,0.1,6,1,11337,5,1,49510,49510,2511,6768,43177,15749.9674
1,1,2,1.7,8,531,122,51,11,898,1,6,0.1,3,1,5207,2,1,26317,26317,1242,4432,22621,8823.5814
0.5,2,1,1,9,228,41,36,6,412,2,3,0.2,3,0,3304,3,1,14376,14376,708,2053,11321,4448.8208
0.75,2,1,1,9,339,87,54,8,586,3,5,0.2,5,1,4568,5,2,16831,16831,1059,3150,18576,6697.0936
0.75,1,1,1.2,10,388,94,28,9,597,2,4,0.2,3,2,4714,5,2,21697,21697,1065,2979,15059,6789.2028
0.75,2,2,1.9,9,339,81,53,7,639,1,4,0.3,5,1,4165,6,2,18667,18667,995,2943,14810,6375.233
1.5,2,1,4.2,9,760,134,111,13,1272,2,9,0.2,5,0,7662,5,2,35214,35214,1942,6314,37271,13182.2924
0.75,2,2,1.3,10,375,79,37,6,674,3,4,0.3,5,1,4477,5,3,18953,18953,866,3216,15621,6261.3554
1.5,2,2,4.4,10,760,186,78,18,1180,1,8,0.1,4,1,7577,5,3,42329,42329,2021,6171,36185,13294.9754
1.5,1,2,2.6,9,802,140,66,15,1345,2,9,0.4,4,2,9868,2,1,33806,33806,1871,6538,32764,13208.1936
1,2,1,2.1,10,456,90,43,12,777,1,6,0.2,6,2,6369,2,1,23547,23547,1163,4123,23488,8077.1938
0.75,1,2,1.7,9,388,93,49,6,590,3,5,0.1,6,0,3881,4,2,21555,21555,1089,3164,16882,7018.3762
2.5,2,2,3.9,8,1164,243,150,22,2038,3,13,1.2,4,2,15352,2,1,69224,69224,2772,9730,48812,19547.1304
3,2,1,6.4,8,1546,276,220,37,2380,3,19,0.8,6,2,16172,6,1,88182,88182,4300,12246,57337,27561.3744
1.75,2,2,2.9,8,842,156,105,15,1512,3,10,0.6,3,1,8793,3,1,50317,50317,2396,7812,41707,15773.7786
2.5,1,1,4.7,10,1335,282,110,29,2029,2,13,0.6,6,2,17388,6,1,73280,73280,3114,10885,53282,21966.7176
1.25,1,1,3.6,10,598,153,70,12,943,2,7,0.2,5,1,7258,2,2,36524,36524,1414,5552,25490,10318.7116
2.5,1,2,3.4,10,1260,316,158,29,2105,3,16,0.3,5,0,15041,4,2,55222,55222,2827,11074,47519,20920.4082
2,2,1,2.8,8,1045,196,127,17,1556,2,10,0.8,3,2,11663,5,3,45316,45316,2436,8098,45407,17005.8326
2.5,2,1,2.8,8,1235,257,132,31,1965,3,17,0.9,6,2,13374,4,2,70651,70651,2752,10199,59960,20082.5148
1,2,1,1.7,9,527,129,69,13,755,2,7,0.4,3,1,5013,4,3,27830,27830,1134,3880,22306,8207.6026
1,2,2,1.2,9,526,103,46,8,856,3,5,0.3,4,0,5249,2,1,22020,22020,1122,4073,20231,8223.0098
0.5,2,1,0.8,9,260,46,23,6,393,3,3,0.2,5,1,2528,6,2,13158,13158,640,2091,10449,4396.6456
1.5,1,1,4.1,8,741,140,93,19,1224,3,8,0.6,6,2,9121,5,2,34182,34182,1751,6597,36084,12630.4642
1.75,1,1,3.5,9,795,177,74,14,1360,3,9,0.1,6,2,10850,3,3,39420,39420,2465,7755,41523,15709.89
1.25,2,2,2.8,10,586,123,92,11,969,1,7,0.5,4,1,8198,4,1,30709,30709,1684,4838,26501,10745.5796
1.5,2,2,2,10,747,190,104,16,1337,3,10,0.5,4,1,10064,3,2,40363,40363,1816,5866,29076,12490.5728
1.25,1,1,2.2,8,603,134,81,12,1075,2,7,0.2,6,2,7064,3,3,29717,29717,1670,5366,29931,11058.7728
0.75,2,2,1.5,9,358,91,34,8,601,2,4,0,3,2,4074,4,3,19021,19021,921,3322,17829,6395.2148
2.5,2,2,6.9,8,1247,259,152,20,2114,1,16,0.3,5,1,16278,5,1,71380,71380,3269,10166,51245,21738.0156
1.25,1,2,1.4,9,651,134,54,16,1093,2,8,0.3,3,1,7419,4,1,30860,30860,1574,4917,27890,10690.1438
1.5,1,1,2.5,9,677,129,71,18,1154,2,8,0.3,3,2,9633,6,2,41526,41526,2054,5873,28621,12844.3266
1.75,2,1,3.7,10,858,182,102,15,1340,3,10,0.6,4,0,11636,4,3,46425,46425,2602,7851,36797,16514.5072
0.5,2,2,1.3,8,273,48,35,4,415,2,3,0.2,4,1,2607,2,2,12744,12744,587,1991,10049,4246.3014
3,2,2,8,10,1604,339,135,36,2526,1,21,0.9,4,2,20909,4,3,88714,88714,3370,12497,65635,24957.5618
2.5,1,1,5.6,8,1307,243,165,26,1950,1,13,1,6,0,12541,5,2,63624,63624,2878,9883,48080,20636.3682
1.75,1,1,2.1,10,796,146,86,16,1461,1,11,0.4,5,0,11149,6,2,47179,47179,2186,7043,37887,14489.1098
3,2,2,8.6,10,1598,313,188,37,2395,3,19,1.4,5,2,20326,2,1,71917,71917,3984,12491,60136,26903.7052
2.5,2,1,7.4,9,1339,316,99,20,2126,1,13,1,4,0,17270,4,2,71836,71836,3473,9877,51942,22540.514
1.75,1,1,2.5,8,848,222,63,18,1345,3,11,0.2,4,0,10341,6,2,47990,47990,2304,6656,41813,14850.4282
1.5,2,2,2.5,9,751,131,109,19,1324,3,9,0.7,3,0,7996,3,2,42528,42528,1811,6509,28727,12828.3392
0.75,2,2,0.8,10,352,75,46,8,610,2,5,0.3,3,2,4988,4,1,21032,21032,948,2905,18381,6254.6376
1,1,1,2.3,8,528,89,73,11,774,3,5,0.3,3,1,5895,3,2,22462,22462,1121,3977,22032,8206.279
2,2,1,2.1,10,930,168,98,17,1692,2,14,0.2,6,1,11019,3,3,57470,57470,2510,7615,49195,16464.8638
1.25,2,1,3.1,10,670,113,51,13,1081,3,7,0.5,5,2,6872,2,1,36088,36088,1599,4798,30756,10788.4544
1.25,1,1,3.3,10,593,160,92,13,1004,2,9,0.3,3,1,6655,5,2,27910,27910,1515,5397,25244,10565.451
0.5,2,1,1.2,9,233,59,21,5,440,1,3,0,4,1,3434,3,3,13992,13992,739,1991,11793,4520.0268
2.5,1,1,3.2,10,1248,225,122,29,1961,3,16,1.2,5,1,16844,5,3,64778,64778,3546,10714,52928,22868.8888
3,1,2,8.5,9,1572,267,175,36,2404,1,18,0.1,6,1,16912,4,1,84945,84945,3888,12404,62916,26401.4024
1.75,2,2,5.1,10,890,219,75,19,1393,2,11,0.7,5,2,10759,4,3,51094,51094,2074,6800,43382,14427.3518
1.75,2,2,4.8,10,831,176,67,22,1563,2,10,0.2,6,2,12125,6,1,38674,38674,2158,7587,38063,14825.345
0.75,2,2,1.1,9,340,90,29,8,618,3,5,0.2,3,1,4514,4,1,16995,16995,1032,3186,18630,6591.5428
3,2,2,5.9,8,1578,317,127,30,2267,3,16,0.6,5,0,16576,4,1,83641,83641,3823,12429,57716,26158.8352
2.5,1,2,3.1,9,1256,275,167,30,2016,3,17,0.3,4,0,12708,3,3,68923,68923,3308,10506,55299,22108.1416
1.75,2,2,4.2,9,953,217,86,16,1490,3,12,0.2,4,2,11828,4,3,40543,40543,2616,7511,36055,16800.3856
0.75,1,1,1.5,9,404,80,49,7,637,1,4,0.1,6,0,4438,4,1,17156,17156,927,2971,16119,6470.6076
2,1,1,5,9,1030,179,140,23,1796,3,12,0.2,6,2,10054,2,3,45303,45303,2264,8600,39584,16719.2108
1.5,1,2,2.5,8,818,150,107,15,1285,3,10,0.3,3,1,9390,4,1,33294,33294,2160,5767,29035,13823.998
1.75,1,2,5.1,9,854,224,129,17,1476,1,10,0.4,4,0,11085,5,2,44820,44820,2456,7654,38919,15971.957
2,1,1,3.6,10,943,227,101,21,1573,1,13,1,5,0,13765,3,1,59582,59582,2740,8426,45198,17680.953
1.25,2,2,2.5,9,648,104,70,12,1039,1,7,0.3,4,0,7446,5,1,35812,35812,1811,4968,30051,11459.1092
3,1,2,6.5,8,1506,282,173,31,2374,2,17,0.4,3,1,19835,2,3,84198,84198,4218,11958,70132,26866.447
1,2,1,2.4,8,536,87,71,11,764,3,6,0.1,5,2,6791,4,2,25209,25209,1201,4300,23292,8683.2982
2,2,1,5.7,9,1097,164,142,25,1514,2,12,0.7,5,0,11934,6,2,49684,49684,2770,8522,40510,18559.5068
1,1,1,1.2,9,534,108,41,11,835,3,6,0.1,6,1,5261,3,3,28036,28036,1348,4223,19072,9058.4922
2.5,2,2,3.1,9,1162,240,155,21,2152,2,16,0.7,5,2,14677,4,2,63833,63833,3429,10024,47699,21782.5154
3,2,2,7.3,8,1539,281,131,29,2405,2,17,1.4,6,1,16199,4,2,72749,72749,3957,11858,63001,26118.1998
1.5,1,2,2.6,10,728,159,109,17,1147,3,8,0.3,4,1,10195,2,1,39928,39928,1849,6065,29017,12598.359
0.5,1,1,0.5,9,253,54,34,5,425,2,3,0.1,5,0,2875,5,2,14135,14135,620,2086,11865,4314.355
1,2,2,1.6,9,531,82,69,11,864,3,7,0,3,2,5308,4,2,25450,25450,1458,4016,21812,9302.3016
1,2,2,2.3,8,494,98,56,10,800,1,6,0.2,6,1,5338,2,3,23921,23921,1189,4217,23859,8398.6876
3,1,1,5.2,10,1353,319,176,34,2362,1,19,1.4,6,1,17078,3,1,81610,81610,4468,12773,60866,27448.4156
1.25,1,2,1.8,8,582,137,54,12,1053,2,8,0.6,6,0,7555,6,2,30852,30852,1598,5509,30231,10794.091
2,2,2,3.5,8,963,210,113,20,1568,3,12,0.2,5,0,10786,3,1,45933,45933,2434,8954,41114,17098.3772
1.75,2,1,3.5,8,806,190,76,17,1365,3,9,0.2,6,2,11544,2,3,45979,45979,2159,7468,38550,14654.7688
2.5,1,1,2.6,8,1198,259,156,30,1958,3,14,0.8,4,1,15059,2,3,65543,65543,2810,9865,50117,19907.0318
2.5,2,2,3.3,8,1134,261,146,27,2120,3,14,0.6,3,1,15756,3,1,64693,64693,3368,10095,56293,21461.8112
2.5,1,2,5.2,9,1182,321,100,29,1964,3,15,0.5,4,0,16214,3,2,67905,67905,3321,10887,60669,21917.5628
1.5,1,2,2.3,10,820,138,103,19,1192,1,9,0.6,3,2,10069,4,3,42017,42017,1963,6295,31844,13490.8338
1.25,2,1,2.4,8,611,154,60,10,1001,2,8,0.6,4,1,6557,5,3,37267,37267,1659,5492,26777,11103.5114
1.75,2,1,4,8,883,173,129,14,1438,1,9,0.5,3,1,11596,6,2,43800,43800,2331,6827,35668,15247.9792
1.75,2,2,3.9,10,834,160,102,22,1493,3,12,0,6,0,11954,4,2,50648,50648,2098,6725,36924,14248.8108
1,1,2,1.7,9,478,87,55,11,802,1,6,0.1,3,2,6202,4,3,22495,22495,1280,4391,20030,8683.2004
1.5,2,2,2.4,8,742,156,67,15,1269,1,10,0.1,5,0,8562,4,2,39160,39160,2155,5868,32541,13476.1324
1.75,1,1,2.8,8,898,220,128,17,1313,3,12,0.3,3,2,10707,5,2,41708,41708,2323,6835,33284,15323.8814
1.25,2,2,3.5,10,576,113,59,12,969,3,9,0.2,5,0,8411,5,3,34635,34635,1732,5356,30937,11106.8822
2.5,1,1,3.7,9,1366,315,106,21,1897,1,14,0.3,4,1,12683,3,3,73542,73542,3251,11246,52959,22720.0566
2.5,2,1,5.3,10,1180,217,102,32,2124,3,14,0.8,5,1,16811,6,3,57145,57145,2912,10295,61098,20306.7422
1.5,1,2,3.2,10,725,136,75,19,1303,2,9,0.7,5,0,9281,6,3,43612,43612,1707,6500,34759,12348.5762
2,2,2,5.7,9,994,193,77,17,1695,2,12,0.8,6,0,10654,6,2,47277,47277,2312,8298,49896,16465.9908
1.5,1,2,2.7,8,794,168,68,19,1226,2,9,0.1,3,0,8655,5,3,41496,41496,2033,6585,36148,13698.531
1.5,1,2,2.8,10,688,179,65,18,1147,1,9,0.4,6,1,9631,6,2,38682,38682,2213,6415,34587,13707.2662
1.25,2,1,1.9,10,634,153,70,12,1084,2,8,0.1,5,0,7749,5,3,28674,28674,1460,4759,26751,10205.3298
1,2,1,2.6,10,500,124,60,10,804,1,5,0.1,6,2,5892,4,1,25983,25983,1191,4393,22792,8524.1384
2.5,1,2,5.9,8,1295,267,131,26,2001,3,17,0.6,4,0,13764,3,1,56810,56810,3102,11197,56189,21969.1728
1.5,1,2,2.6,8,823,139,79,16,1189,3,8,0.5,3,0,9665,6,2,44460,44460,1964,6491,30932,13570.693
0.75,2,2,1.8,8,357,84,38,6,636,2,4,0.3,4,1,4255,5,2,19157,19157,1083,3293,15192,6894.311
1,1,1,1.7,8,485,93,56,9,832,3,7,0.3,6,0,6170,6,3,26274,26274,1133,4311,21202,8244.314
0.5,1,1,1.4,8,261,44,19,5,388,1,3,0.2,6,1,2547,5,3,11659,11659,589,2243,11647,4324.6094
1.75,2,2,5.2,10,875,165,93,22,1323,2,10,0.6,3,0,10305,6,1,51491,51491,2300,7837,43103,15621.861
1.75,2,2,4.3,10,952,147,113,14,1459,3,10,0.4,5,0,11017,2,1,40118,40118,2573,6655,38273,16218.8834
1.25,2,1,2.5,8,674,149,62,16,1016,2,7,0.6,4,2,6979,5,3,36735,36735,1455,5371,28566,10679.3158
1,2,1,3,9,498,114,58,11,809,1,6,0.4,3,0,5324,4,3,27621,27621,1283,4216,19012,8697.4648
2.5,1,1,3.4,9,1187,262,135,25,2124,2,13,0.7,4,1,15723,4,2,59301,59301,3413,10789,60639,22199.3646
1.5,2,2,1.7,9,752,189,98,14,1133,3,9,0.4,3,2,8469,3,2,33777,33777,1654,6281,36640,12206.8938
0.5,2,2,1.1,8,240,61,24,6,393,1,3,0.2,6,1,2517,3,3,13158,13158,735,2088,10403,4609.5634
3,2,1,5,10,1398,383,200,31,2278,1,20,1,6,2,16155,4,2,86952,86952,4379,12755,67290,27407.011
2,1,1,4.8,8,1032,216,137,17,1634,3,13,0.1,5,0,10815,6,1,48246,48246,2795,8343,41247,18247.783
1.75,2,2,4.7,8,933,174,98,22,1369,2,11,0.1,6,0,9575,5,3,41874,41874,2161,7281,36402,15179.875
2.5,2,1,2.8,10,1130,289,104,27,2226,1,14,1.1,5,2,13723,5,2,72496,72496,3344,10195,54204,21385.4046
0.5,2,2,1.4,8,274,41,34,5,391,1,3,0.1,3,0,2607,4,3,11947,11947,689,2189,10735,4667.0814
1.75,2,1,4.6,10,869,170,106,23,1354,1,12,0.3,4,2,9182,2,3,43394,43394,1979,7258,33585,14320.1564
2.5,2,1,3.4,8,1365,257,103,26,1939,3,15,1,4,0,13689,2,3,68469,68469,3612,10371,51120,23377.3978
1.5,1,2,2.4,9,702,195,72,19,1294,3,9,0.5,6,1,8239,6,1,38987,38987,1738,6670,29234,12437.6278
2,1,1,4.7,10,1078,181,124,20,1546,1,11,0.9,3,2,13733,4,1,50931,50931,2259,8705,44405,16936.2266
2.5,1,1,5,9,1353,239,155,31,1966,2,14,0.3,6,1,13344,5,1,66574,66574,3235,9742,52876,21870.9288
1.5,1,2,3.6,10,748,166,91,12,1303,2,8,0.4,3,2,8608,6,3,34174,34174,2006,6540,28700,13406.2216
0.5,1,1,1,8,233,52,25,6,397,2,3,0,4,1,3067,4,2,11958,11958,567,1981,11928,3982.7134
1.5,1,1,1.6,9,723,129,86,15,1294,1,8,0.4,4,0,7779,5,2,41247,41247,1840,6711,30260,12863.8158
1,2,1,2.9,10,471,94,46,10,758,1,6,0.4,6,2,5166,4,3,28502,28502,1283,3829,21196,8366.7332
2,1,2,2.8,9,917,194,112,17,1683,2,14,0.3,5,2,11443,4,3,45323,45323,2425,8551,41263,16662.2686
1.5,1,1,2.1,9,759,191,54,12,1229,2,10,0.6,4,2,8592,2,1,43393,43393,1656,5707,28752,11893.5384
1,1,2,1.2,9,508,115,53,8,788,3,7,0.2,6,2,5442,4,2,26244,26244,1213,3873,24375,8357.9484
0.5,2,2,1.5,9,228,58,18,6,388,2,3,0.1,3,1,2599,4,3,11109,11109,596,2162,11276,4134.3398
1.5,1,2,2.9,8,818,173,91,16,1250,3,8,0.5,6,2,10081,2,3,43104,43104,1843,6408,34595,13162.6362
1.25,1,1,3.6,9,656,122,73,11,1031,3,8,0.5,3,0,7943,3,2,29793,29793,1502,5569,24216,10866.7886
1.25,1,1,3.1,9,612,126,60,16,1118,3,7,0.3,5,2,6742,6,2,33838,33838,1586,5211,28743,10719.8284
2.5,2,2,3.2,8,1227,211,187,29,2007,3,15,0.7,3,2,15651,3,2,59348,59348,3693,10383,62399,23113.1102
2,2,2,2.1,8,967,176,109,19,1597,2,13,0.3,3,1,11639,4,1,44495,44495,2687,8863,41101,17847.2678
2,2,1,3.8,9,1025,232,104,23,1615,3,11,0.9,6,2,12778,4,1,52766,52766,2497,7656,38299,16867.8556
1.5,2,1,2.7,9,712,182,79,19,1242,2,8,0.7,3,1,8432,5,1,36241,36241,1904,6136,35626,12695.2664
2,2,1,3.4,9,1100,223,76,20,1512,3,11,0.1,3,0,11142,5,3,47979,47979,2298,7606,42446,16494.4084
3,1,2,7.9,9,1462,261,215,36,2459,1,16,0.5,4,2,16495,5,2,78303,78303,3395,13195,65687,24819.219
1,2,1,2.3,9,453,125,40,10,798,3,7,0.2,6,1,5829,6,1,28381,28381,1219,3863,19997,8106.1258
1.5,1,1,4.4,8,782,141,65,16,1224,2,8,0.2,3,2,8393,5,2,40133,40133,2198,6684,33067,14197.8186
0.75,1,1,1,9,359,85,40,8,587,1,5,0.4,4,1,5136,3,3,22272,22272,1042,3285,16668,6784.5472
1.75,1,2,3.7,9,877,188,96,21,1345,3,11,0.4,5,1,10760,4,1,48264,48264,1986,7363,33345,14420.712
0.5,1,2,1,10,231,60,22,6,416,3,3,0.1,4,2,3130,6,2,12503,12503,575,2245,12238,4138.826
2,2,1,2.7,8,1014,236,83,22,1712,1,12,0.4,5,1,10827,5,2,54176,54176,2354,7669,47825,16349.2854
1.5,2,1,2.8,10,741,152,79,18,1216,3,8,0.4,4,0,7933,2,3,34126,34126,2165,6410,35850,13789.1266
3,2,2,3.1,10,1488,332,201,26,2699,1,18,0.2,4,0,16072,3,2,72817,72817,3897,13246,71407,26533.3544
2,2,1,2.5,8,926,204,148,18,1572,3,13,0.3,6,2,12750,6,3,53690,53690,2847,8728,40858,18160.97
2.5,1,2,6.5,10,1177,298,186,21,1969,1,14,0.7,4,2,17233,4,1,58255,58255,3051,9863,53550,20605.7066
0.75,2,2,1.3,9,379,64,56,6,639,3,4,0.2,5,2,3884,2,1,21201,21201,1048,3095,15305,6805.0768
3,1,1,3.7,9,1581,249,145,32,2651,1,15,0.4,3,0,18010,2,1,89437,89437,4308,11725,57069,27300.902
2.5,2,2,5.5,9,1253,297,119,22,2011,3,17,1,6,2,15185,6,2,59192,59192,2821,10053,61884,20287.457
1.75,2,2,2.6,9,886,188,71,19,1541,3,10,0.4,4,0,11506,3,3,50091,50091,1960,7052,42958,14163.4812
1.5,2,2,2.8,8,721,164,84,19,1200,2,8,0.7,6,2,9419,5,1,42038,42038,1796,6602,28718,12674.0838
2.5,1,1,5.2,8,1284,221,90,29,1993,1,17,0.6,6,0,12719,4,2,55099,55099,2962,10136,49952,20862.8838
0.5,1,2,1,8,232,53,20,5,426,1,3,0,4,0,2853,2,3,12994,12994,657,1963,10015,4242.6106
0.75,1,2,2,8,349,70,41,9,575,2,4,0.2,4,2,4897,5,3,17101,17101,1099,3128,17741,6820.9994
1.5,2,2,2.5,9,743,184,62,16,1246,3,10,0.2,4,2,8354,4,1,37335,37335,2084,6707,32107,13702.6908
0.5,1,2,0.9,8,253,49,19,5,422,3,3,0.2,3,2,3138,3,2,13016,13016,572,2023,9531,4099.1276
0.5,2,1,0.9,8,246,61,33,4,397,1,3,0,4,1,2749,2,2,13065,13065,579,2112,12305,4161.0298
1.75,2,1,2.1,9,880,211,128,18,1568,3,10,0.1,3,1,12004,4,2,39573,39573,1990,6784,42069,14154.5608
0.75,2,1,1,8,382,73,36,10,632,3,4,0.4,4,1,4234,3,1,22221,22221,917,3107,15534,6386.3868
3,1,2,6.8,8,1479,325,161,26,2523,1,16,1.1,6,0,15949,6,3,67774,67774,3810,12221,60030,25615.5498
1.5,2,1,2.7,9,810,189,100,17,1164,2,9,0.6,3,2,8133,2,2,38621,38621,1660,5762,29949,12212.1266
1.75,2,2,2.7,9,959,145,126,14,1441,3,9,0.7,3,2,8854,4,3,52365,52365,2029,6703,40996,14577.4908
0.5,1,2,0.6,8,256,45,30,4,383,3,3,0,4,2,3109,2,1,11556,11556,683,2028,12119,4480.1218
2,1,2,5.4,8,1020,190,102,18,1612,1,11,0.6,4,1,11096,5,2,58228,58228,2522,8341,49075,17271.7792
1.75,1,2,4,8,867,162,72,17,1500,2,11,0,6,2,10646,6,1,42834,42834,2288,7161,43349,15176.4092
0.5,1,2,1.4,10,272,51,18,5,420,1,3,0.1,4,1,3383,4,1,14881,14881,726,2071,11849,4695.2766
0.75,1,1,1.2,9,379,71,30,8,652,3,5,0.2,4,1,4442,2,3,19460,19460,866,3233,16159,6281.0884
1.75,1,2,4.4,10,805,166,104,16,1553,2,11,0.2,4,2,10273,5,1,49701,49701,2533,7290,41676,15763.3546
1.75,1,1,3,10,822,188,73,18,1488,3,10,0.1,3,1,9779,5,1,41936,41936,1960,6858,39723,13762.7758
2,2,2,4.8,10,1010,213,126,24,1725,2,11,0.6,4,1,10227,3,1,53786,53786,2729,8488,47218,17985.6254
1.5,1,2,3.3,8,780,140,82,18,1229,3,8,0.5,5,0,9719,2,3,33230,33230,2171,5967,28609,13755.3238
1.5,1,1,1.9,10,725,147,99,19,1130,3,10,0.4,3,1,9818,2,1,34473,34473,1683,6414,31442,12254.9036
1.75,2,1,3.5,8,941,155,127,19,1376,2,12,0.6,5,2,10645,5,3,46729,46729,2249,7473,41588,15640.329
3,2,1,6.2,8,1544,318,222,29,2256,3,19,0.8,6,0,15319,6,1,83978,83978,4043,12541,67129,26915.6638
1.75,2,2,2,9,885,171,121,18,1384,3,9,0.7,6,1,11050,6,3,39051,39051,2279,7674,41459,15561.17
1,2,2,1.5,10,472,92,73,13,855,2,6,0,4,2,5507,4,1,22067,22067,1455,4254,22671,9157.4814
1.75,2,2,2.4,10,870,159,71,19,1488,3,12,0.7,4,2,9205,4,1,40989,40989,2515,6711,38481,15657.841
1.5,1,1,2.9,10,691,179,93,12,1207,3,9,0.3,3,1,8262,3,1,38270,38270,2136,6581,36830,13588.4724
1.25,2,1,1.3,9,612,132,75,14,988,3,8,0.6,4,1,8019,3,2,31863,31863,1786,5508,24389,11531.5438
0.75,1,1,2.2,8,379,92,33,10,565,2,4,0.1,3,0,5019,5,1,21668,21668,1050,3111,15072,6778.6038
0.5,2,2,1.5,8,275,45,37,6,421,1,3,0.1,3,2,2519,4,1,11924,11924,744,2087,12142,4792.4438
1.5,2,1,3.2,8,743,164,103,16,1334,1,8,0.2,4,0,8361,5,3,35071,35071,1850,6081,34571,12668.9122
0.5,1,1,1.2,8,249,53,18,6,446,2,3,0,4,1,2925,6,2,14991,14991,717,2139,10562,4599.025
2.5,1,1,6.2,9,1369,295,124,27,2067,3,17,1.1,4,2,13859,3,2,63576,63576,3661,10985,56707,23931.1318
0.75,2,2,1.4,8,386,72,39,6,623,2,5,0.3,4,1,4215,5,3,20309,20309,856,3184,18168,6268.163
1.5,2,2,2.2,10,697,174,55,16,1209,1,9,0.7,6,0,10475,4,3,36664,36664,1882,5884,30767,12417.855
0.75,2,1,2.2,10,406,63,30,8,643,1,5,0.2,6,2,4332,4,1,19746,19746,936,3143,14561,6584.2664
1.75,1,1,3.3,10,890,223,121,18,1405,3,10,0.1,5,2,11696,6,2,50638,50638,2166,7082,35791,14913.3192
2.5,2,2,3.8,8,1364,306,158,21,2162,3,15,0.6,6,2,14549,5,1,56843,56843,3560,10243,55808,23227.3098
1.5,2,2,3.8,10,793,193,89,13,1190,3,8,0.1,6,2,9293,6,2,33578,33578,1780,6653,30855,12980.1386
1,2,2,1.4,10,495,104,40,11,861,3,6,0.1,5,2,5345,4,3,24213,24213,1148,4498,22207,8399.069
1,1,1,2.9,8,518,108,55,10,807,3,7,0.1,3,1,6586,6,1,22048,22048,1322,3927,23077,8755.7372
0.75,2,2,2,10,368,95,36,7,586,3,4,0,5,1,4669,3,2,21062,21062,1113,3313,17885,7049.7138
0.5,1,2,1.1,10,237,49,24,5,390,3,3,0.2,6,2,2913,5,2,11417,11417,604,1958,9500,4116.2026
2.5,2,2,2.9,10,1165,219,125,20,2186,1,16,0.5,4,0,17014,3,3,70772,70772,3318,10686,61981,21757.8228
1.25,1,2,2.9,8,589,143,69,14,941,1,7,0.1,6,0,7804,2,3,34400,34400,1424,5189,24788,10116.1808
1.25,2,1,3.1,9,622,122,46,15,938,3,8,0.4,6,0,7583,6,1,30838,30838,1641,5145,30765,10898.5766
0.75,2,2,0.9,10,342,62,56,7,649,3,5,0.1,5,0,5122,5,1,17385,17385,842,3266,17537,6096.0444
2,1,2,2.9,9,902,196,97,26,1730,2,13,0.8,6,0,12434,6,3,53864,53864,2811,8170,47659,17574.8068
0.5,2,2,1.5,10,233,46,38,6,396,1,3,0,3,2,3113,3,3,13724,13724,605,2086,10886,4168.9226
0.75,2,2,1.5,8,340,80,32,7,668,1,4,0.1,6,1,4021,5,3,18523,18523,1070,3094,14943,6671.0442
0.75,1,1,0.8,10,347,91,45,8,675,1,4,0.1,5,0,4649,5,3,19404,19404,1100,2990,16042,6752.5498
1.5,1,2,3.8,9,715,124,89,19,1272,1,8,0.5,6,2,8042,3,3,38683,38683,2086,6170,34776,13319.7084
1.25,1,2,2.1,10,631,147,65,14,971,1,8,0.4,6,2,8537,5,2,27650,27650,1766,5129,24161,11348.2674
1.75,2,2,5,9,841,221,71,17,1553,3,11,0.5,6,1,11907,3,1,41229,41229,2185,7746,40629,15062.0614
2,1,1,5.7,8,1089,181,144,26,1723,1,13,0.1,3,0,11284,6,3,58446,58446,2691,7716,46304,17837.0368
1.75,1,1,4.3,8,812,209,76,22,1533,2,9,0.1,5,1,10085,6,1,44151,44151,2397,6665,39495,14985.057
0.5,2,2,0.8,9,269,48,37,4,399,1,3,0.1,5,0,2610,3,1,14222,14222,596,1960,9717,4247.242
3,1,1,8.8,9,1590,388,221,29,2668,1,18,0.8,6,0,18478,3,2,89099,89099,4271,13132,57262,28149.4756
3,1,2,6.2,8,1486,306,116,28,2664,1,17,1,4,0,17040,2,1,73927,73927,4239,11958,57663,26778.548
1.75,1,1,4,8,841,168,98,18,1465,1,11,0.7,3,0,11327,5,1,51087,51087,2007,7347,34246,14307.0654
1.5,1,1,1.9,9,693,137,77,16,1321,2,8,0.7,6,0,9267,6,2,36765,36765,2076,6239,34397,13213.5334
2,1,2,2.3,10,1005,188,140,20,1785,2,12,0.5,4,2,13002,6,2,50911,50911,2557,8829,42269,17636.3404
2.5,1,2,5,8,1280,243,154,25,2102,3,15,0.8,6,1,13354,4,3,56891,56891,3516,9982,61615,22560.7708
2,2,2,2.9,10,939,211,85,17,1767,1,13,0.6,5,1,13955,2,2,50534,50534,2868,8312,42168,17973.991
0.5,2,2,1.3,8,266,61,30,4,450,3,3,0.1,5,0,2515,3,2,13572,13572,719,1990,10587,4625.283
1.5,1,2,4.1,9,786,191,111,14,1164,2,8,0.6,3,1,10122,5,1,33077,33077,1937,5704,32446,12942.3644
1.5,1,1,3.8,8,701,142,96,17,1230,1,9,0.4,3,1,9596,3,3,42705,42705,1704,5858,31632,11897.7392
1.5,1,2,4.5,9,732,179,89,15,1146,3,9,0.3,3,0,8485,5,2,38303,38303,1722,6353,33127,12353.677
2,2,2,5.9,8,1062,255,84,23,1540,3,13,0.2,6,0,13929,5,2,54732,54732,2712,8643,45544,18226.1458
0.5,2,2,0.5,9,267,51,37,5,427,2,3,0.2,4,2,2995,5,2,14585,14585,570,2088,10747,4221.519
1.75,2,2,2.1,8,839,144,93,15,1446,3,11,0.1,3,0,11735,4,1,41986,41986,2158,7454,37249,14812.387
1.5,2,2,2.3,9,710,143,55,17,1259,1,9,0.3,3,1,9893,4,1,44709,44709,2176,5901,34674,13378.4786
2.5,1,1,7.4,8,1269,319,160,32,1978,1,14,1.1,4,1,15124,4,1,56761,56761,3269,11091,50886,22335.2448
2,2,1,5.6,9,908,185,122,19,1539,2,11,0.2,5,2,10032,4,3,49252,49252,2258,8626,43386,16123.9464
1.5,1,2,3.9,8,700,171,66,16,1265,2,8,0.3,3,1,9509,5,1,33442,33442,1688,5812,33400,11770.0618
2,2,2,2.4,9,992,249,79,20,1548,2,13,0.7,4,1,11390,4,3,55439,55439,2901,8936,39044,18642.958
2.5,1,1,4.3,10,1320,323,152,25,2191,2,16,0.6,5,1,14912,3,2,71767,71767,3329,11021,56341,22724.7224
1.75,1,1,4.3,10,942,227,102,18,1442,2,10,0.8,5,2,12026,6,1,43964,43964,2442,6962,38727,15926.6052
3,2,2,7.4,9,1415,348,178,30,2426,2,19,0.6,3,1,16463,5,3,76280,76280,3752,12846,59662,25513.0326
2.5,2,2,6.1,8,1178,297,107,21,2095,1,17,1.1,6,2,14891,2,2,63458,63458,3237,10026,57059,21216.6582
0.5,1,2,1.3,9,246,57,26,4,406,3,3,0.1,6,1,3184,2,2,12936,12936,707,2190,11328,4605.8968
2.5,2,1,5.6,9,1326,262,131,26,1957,2,16,0.2,6,1,14341,4,1,61764,61764,3537,10233,52741,22944.1482
1.5,2,1,2.7,8,809,147,57,18,1314,2,8,0.1,5,2,10136,6,1,33797,33797,2001,5978,32624,13325.0872
1.5,2,2,2.7,9,703,157,55,18,1325,2,9,0.2,5,1,7716,5,2,37609,37609,2193,5855,34457,13386.7232
0.75,1,2,2.1,9,392,77,35,6,616,3,5,0,4,0,4692,5,3,17151,17151,1061,2903,15915,6775.2784
1.5,2,1,3.5,10,743,169,105,17,1133,3,9,0.6,5,1,8054,4,2,40071,40071,2056,6278,31260,13440.5308
2.5,1,2,6.4,9,1300,257,94,31,2182,2,14,0.1,4,2,12907,2,2,74097,74097,3173,9713,56983,21327.8814
0.75,2,1,1.5,8,360,88,54,8,665,3,5,0.3,5,1,4269,6,1,18851,18851,1001,3254,15916,6668.2338
2.5,2,1,7.1,10,1219,227,153,32,2058,3,13,0.5,6,2,16022,5,2,59026,59026,3701,10814,60729,23287.4444
1.25,2,1,1.5,10,590,115,85,16,1116,1,7,0.1,6,0,6819,4,2,34284,34284,1811,5482,28166,11505.3638
0.75,1,2,2,9,362,77,56,8,624,3,4,0.2,3,0,4893,4,3,21054,21054,1097,3206,18735,6930.2986
1.25,1,1,2,8,624,103,93,13,1050,2,6,0.2,5,1,8017,6,1,36933,36933,1629,5082,26729,10870.7034
0.75,1,2,1.8,10,380,66,36,9,641,2,5,0.3,3,1,4612,4,1,22232,22232,972,3192,14440,6596.8624
2,1,2,5.1,10,1043,221,81,19,1564,1,12,0.3,5,0,11449,6,2,58605,58605,2830,8111,40711,18199.4098
1.75,2,2,2.6,8,931,148,122,22,1454,3,9,0.1,5,1,11500,5,3,44120,44120,2581,7078,39954,16377.08
1,2,2,1.5,9,495,119,64,12,888,1,6,0.3,4,0,6796,2,1,29003,29003,1300,4302,21037,8797.1192
1.75,2,1,2.1,8,810,166,79,17,1401,2,11,0.2,5,0,10208,2,3,42176,42176,2396,7060,35526,15206.8016
2.5,1,1,3.1,10,1366,212,107,28,2045,3,16,0.7,6,2,15412,5,2,58324,58324,3387,10810,57863,22937.5824
1.75,1,2,2.4,9,925,204,79,15,1566,2,12,0.9,5,2,10181,5,2,38629,38629,1961,7475,40398,14613.0362
1,2,2,1.6,9,544,124,71,8,857,3,6,0.1,4,2,5587,6,2,24762,24762,1269,4188,20744,8867.8574
1.5,2,2,2.4,8,808,151,76,18,1241,2,9,0.2,5,2,10082,6,3,37925,37925,2151,6356,37164,14028.9564
1,2,2,2.1,9,501,120,53,10,821,3,5,0,5,0,6257,5,3,29198,29198,1171,4191,24143,8340.5514
1.75,2,1,3.3,8,946,179,95,19,1322,3,11,0.2,3,1,10106,6,1,41626,41626,2438,7202,36206,16039.7012
3,2,1,7.5,9,1436,294,219,31,2644,2,19,0.7,4,2,19367,4,2,69113,69113,3840,12371,57756,25684.2134
1.75,2,2,4.1,10,858,163,104,20,1423,2,12,0.7,5,2,9174,5,1,49644,49644,2534,7237,34959,15997.4548
1.25,2,2,1.6,8,645,136,90,13,1068,3,7,0.6,3,0,7186,3,1,31777,31777,1450,4760,28029,10233.2172
1.5,2,2,3.4,8,708,172,100,15,1289,3,10,0.3,6,1,10459,2,1,38607,38607,2065,6141,32180,13242.9518
2,1,1,5.5,8,1075,224,141,23,1546,2,11,0.8,6,0,12472,6,2,54490,54490,2578,8766,43468,17993.8544
1,1,1,1.6,10,546,115,39,10,876,2,7,0.2,3,1,5005,5,1,25078,25078,1295,3806,19491,8712.521
1,1,1,1.9,9,530,95,62,12,756,1,6,0.4,5,1,6105,6,2,26824,26824,1186,4001,22220,8439.361
1.5,2,2,4.1,10,720,154,113,17,1278,2,10,0.5,4,1,10377,2,2,39766,39766,2131,5776,35857,13311.9754
2,1,1,4.2,10,988,230,78,20,1535,2,11,0.8,6,2,10809,5,1,44236,44236,2367,7675,42191,16268.8818
2.5,1,1,6.9,9,1287,281,187,25,2110,1,15,0.1,3,0,15764,6,2,62963,62963,3665,10645,57549,23438.0528
1.75,2,2,2,8,845,161,120,20,1356,2,11,0.3,3,2,9407,3,2,52025,52025,1994,6679,40149,13948.4014
3,1,1,8.5,8,1634,374,111,28,2552,3,19,0.1,3,1,15510,3,2,89579,89579,3940,12441,69689,26777.882
0.75,2,2,1.9,10,343,97,53,8,656,3,4,0.1,4,0,4008,4,2,19193,19193,888,3259,15741,6223.3616
1.25,2,1,2.2,9,662,147,81,16,940,1,8,0.4,3,2,6690,3,2,29033,29033,1597,4954,28101,10869.678
1,2,2,1.2,8,505,92,49,12,791,1,6,0.2,3,0,6030,2,3,29044,29044,1315,4423,23531,8925.046
1.25,1,2,3.3,8,640,149,74,14,1125,1,7,0.1,4,0,6404,4,1,29553,29553,1789,5428,31139,11609.4608
1.5,1,1,3.5,9,693,147,65,14,1252,2,10,0.6,5,0,8786,6,2,34007,34007,2190,6104,30894,13492.9372
2,1,1,6,8,937,249,91,19,1623,3,11,0.3,6,2,13298,3,3,47146,47146,2696,7943,44844,17223.9996
0.5,1,1,1.5,10,228,57,24,5,376,1,3,0.2,3,2,3139,5,3,12352,12352,677,1992,9506,4304.3278
1.75,2,1,3.1,8,949,152,80,19,1502,1,9,0.3,6,0,9375,3,3,43426,43426,2111,7785,35066,15325.435
1.25,1,2,1.7,9,681,107,60,13,1054,1,7,0.3,6,2,8112,4,1,28078,28078,1791,5544,29020,11855.8824
2.5,2,1,4.9,9,1204,245,121,27,2232,3,15,1,3,1,17388,4,1,65902,65902,3211,9692,60330,21049.7976
1,2,1,1.6,10,513,88,58,12,876,2,6,0.3,6,1,5537,3,2,26190,26190,1352,4012,23439,8885.3474
1.25,1,2,2,8,592,146,69,13,1119,1,7,0.3,3,0,7129,3,1,28376,28376,1531,5499,31229,10615.0858
1.25,2,1,3.6,9,586,120,88,15,968,2,7,0.4,6,1,7499,6,2,31377,31377,1708,5503,25627,11184.8198
1.25,1,2,3.4,10,620,111,73,13,1004,2,8,0.3,3,2,7101,4,3,28218,28218,1868,5168,28138,11626.4002
1.5,2,1,2.6,10,811,174,92,14,1318,2,9,0.3,3,2,8844,4,1,42250,42250,1897,5727,30131,12922.4088
2,2,1,2.7,10,998,228,101,20,1758,1,12,0.5,3,2,13580,4,1,54421,54421,2824,7724,45849,17786.096
1.25,1,1,3.1,8,654,124,70,15,1107,3,8,0.6,5,0,6635,5,1,28874,28874,1797,5396,24281,11693.607
1,1,2,2.5,8,502,89,65,12,859,2,7,0.2,4,0,6752,3,2,28756,28756,1193,4243,24133,8470.4904
1.5,1,1,2.6,8,681,146,58,14,1275,3,8,0.5,3,2,8523,4,3,35456,35456,1780,5919,37414,12018.0846
1,1,2,2,10,463,88,65,12,882,1,6,0.3,3,1,5918,4,3,25097,25097,1175,3964,20286,8072.6436
1.25,2,1,2.9,10,586,147,89,12,985,1,9,0,5,0,7159,5,1,28323,28323,1444,4781,30444,9983.6918
0.5,2,1,1.5,8,262,56,27,6,416,3,3,0.2,6,1,3048,5,2,11605,11605,567,2236,11197,4268.4896
1.25,1,1,3,8,587,108,87,12,1041,3,7,0.6,3,0,8127,5,1,27888,27888,1849,5130,26049,11409.6654
3,2,2,8.8,9,1581,286,135,28,2656,3,18,1.1,5,0,18013,3,1,87638,87638,3519,12911,70523,25516.7226
3,2,2,3.4,9,1503,305,154,36,2461,1,18,1.2,3,1,17697,5,3,66326,66326,3681,12112,64107,25254.0594
1.25,1,2,2.8,9,581,112,89,16,1017,2,8,0.4,6,2,8635,2,2,36250,36250,1608,5570,30445,10896.827
1,2,2,1.6,9,494,123,40,13,854,1,6,0.3,3,0,5720,3,2,22217,22217,1137,4040,22830,8104.504
3,1,2,4.1,10,1543,375,205,27,2351,1,18,0.5,6,2,18577,4,1,75376,75376,4201,12637,60695,27425.8754
2.5,2,1,5.1,10,1342,216,108,23,2088,1,16,0.9,6,0,14540,2,3,72560,72560,3082,10927,48640,21944.168
2,2,2,3.8,8,1029,244,149,25,1624,2,11,0.5,5,1,10714,4,3,47720,47720,2746,7677,41104,17725.0028
2.5,2,2,7.1,8,1338,251,190,25,1924,1,16,0.8,5,0,15899,2,1,65777,65777,3621,9879,55424,23147.7998
1.75,1,2,2.7,10,892,195,119,14,1468,1,11,0.5,4,1,10094,5,1,48874,48874,2332,7081,37640,15441.9988
0.75,2,1,1.3,10,363,66,27,9,595,2,5,0.3,3,2,4353,6,3,20423,20423,877,3137,14765,6181.8106
1.75,1,2,2.6,9,899,162,91,22,1456,1,12,0.8,5,0,11346,3,2,43905,43905,2170,7019,34547,14913.3092
0.75,2,1,1.9,9,364,76,34,8,627,2,4,0.2,6,2,4843,3,2,17788,17788,864,3072,16600,6128.4486
1.75,1,2,3.8,9,794,215,118,20,1534,1,9,0.2,5,2,11123,5,1,49146,49146,2215,7853,33667,15035.3446
1.5,2,1,2.7,9,711,194,99,18,1189,2,9,0.3,5,2,7960,3,2,38526,38526,1692,5820,36860,11903.832
2.5,2,1,2.8,10,1141,306,176,32,2096,1,15,1.1,6,0,12747,6,2,57821,57821,2885,10329,61340,20188.5494
1.25,2,1,1.9,9,663,155,77,14,1031,2,8,0.4,6,1,7876,5,1,35112,35112,1534,5008,25693,10720.3152
1.5,1,2,3.1,8,753,187,86,16,1182,3,8,0.1,5,2,8163,5,3,37386,37386,2149,6273,30186,13734.6926
0.5,1,2,0.7,10,230,60,27,5,432,3,3,0.1,4,0,3296,5,2,13065,13065,702,1973,9669,4390.3992
3,2,1,6.8,8,1487,285,225,25,2611,3,18,0.1,6,0,17670,6,3,80552,80552,4305,11887,62308,27107.654
3,1,2,4.9,9,1599,289,219,37,2651,1,17,0.7,3,2,19343,6,3,77827,77827,3476,12169,72376,25150.8086
0.5,2,2,1.3,10,271,43,35,4,409,3,3,0.2,4,2,2958,5,2,13033,13033,598,2039,12088,4297.1716
1.75,1,1,3.3,8,791,191,85,22,1556,1,9,0.4,4,0,11991,4,2,42219,42219,1997,7238,35649,13959.5582
1.75,1,1,2.5,10,860,167,67,16,1419,1,10,0.9,5,1,11855,5,1,44605,44605,2603,7607,37295,16355.851
3,2,2,9,10,1489,370,226,25,2516,1,20,0.1,4,1,17279,2,2,87672,87672,3495,12151,59251,24747.1158
2.5,1,1,7.5,9,1361,220,185,23,1901,1,16,1.1,6,1,17253,6,1,55474,55474,3479,11241,49774,23544.2906
1,2,2,1.7,9,505,117,55,10,836,3,6,0,4,1,5280,5,1,22029,22029,1453,4358,20468,9334.396
1.75,2,2,3.7,9,955,194,92,17,1355,3,10,0.5,4,0,10720,4,3,52048,52048,2203,7038,33791,15255.424
1.5,1,1,1.8,10,703,182,81,19,1315,1,10,0.7,3,2,9412,5,3,37956,37956,2139,6454,29922,13581.3824
0.5,2,1,1.4,9,249,61,37,4,427,1,3,0.1,3,2,3335,6,2,12724,12724,570,1987,11077,4079.487
0.5,2,1,0.6,10,273,46,29,4,417,3,3,0.1,6,1,3286,2,3,14329,14329,618,2233,10883,4476.6372
2.5,2,2,3.6,9,1318,268,96,21,2093,1,13,0.2,4,1,17417,6,1,64236,64236,3556,11090,60564,23343.7434
1.5,1,2,2.9,10,761,175,103,14,1226,3,9,0.4,4,1,7845,6,2,35003,35003,2124,6748,36374,13977.609
2.5,1,1,3.6,10,1302,295,162,21,1911,2,15,0.6,5,1,15756,5,2,70402,70402,2928,10679,53971,21209.3912
0.75,1,1,1.1,9,338,69,46,9,609,3,5,0,5,1,5202,4,2,18827,18827,919,3117,17719,6223.9204
2.5,2,1,5.5,8,1345,230,176,24,1886,1,14,0.6,5,1,14631,3,1,59487,59487,2856,10257,47688,20955.0662
1.25,1,1,1.4,10,660,136,64,16,1109,3,7,0.2,6,2,7359,5,2,29148,29148,1567,4922,28191,10732.7318
1.5,2,1,1.5,9,771,152,58,12,1343,3,8,0.6,4,2,7560,2,2,41041,41041,1855,6123,28929,12776.332
1.5,1,2,2.2,10,681,124,57,13,1220,2,10,0.7,4,1,8082,6,1,37665,37665,1843,6095,29181,12333.4964
0.5,2,2,0.6,9,272,47,24,6,399,3,3,0.1,3,0,2689,4,2,12757,12757,689,2013,9896,4550.0978
1.75,2,2,4.5,8,953,219,88,21,1374,2,12,0,4,1,11278,3,2,47448,47448,2385,6939,35037,15771.5156
0.5,1,2,1.2,10,252,43,29,6,430,3,3,0.2,3,0,3090,5,1,14323,14323,593,2096,9585,4212.458
3,2,2,4.6,8,1525,253,140,29,2546,1,17,1.2,6,1,20936,2,2,73842,73842,4321,12060,74120,27308.4472
1.75,2,1,3.6,10,813,153,119,19,1420,3,9,0.5,3,2,10069,6,3,48283,48283,2131,7774,40367,14803.6538
1.25,2,1,3.2,10,577,131,52,13,1031,1,7,0,5,1,6485,3,1,33616,33616,1619,5060,25976,10569.677
1.5,1,2,3.7,10,688,146,81,16,1163,2,8,0.6,3,2,9571,2,2,43675,43675,1774,5880,28938,12041.9742
1.75,1,1,3.8,9,810,162,119,22,1571,1,10,0.7,5,0,10867,5,1,48844,48844,2449,7543,39541,15681.8934
1.75,2,2,2.5,8,792,218,127,15,1359,2,11,0.5,3,2,12238,4,3,41726,41726,2317,7109,43234,14965.3076
1.75,2,2,4.6,8,802,149,83,18,1410,3,9,0.7,6,2,9091,4,3,45468,45468,2373,7079,41698,15104.9182
1,1,2,2.5,8,452,98,37,9,890,1,6,0.1,4,1,6577,4,2,27713,27713,1255,3817,20467,8160.5554
1.5,2,1,1.5,10,801,156,61,14,1216,3,9,0.2,3,1,8431,2,1,36378,36378,1932,6533,33091,13377.5862
1.5,2,1,4.1,8,794,171,94,18,1179,1,8,0.2,4,0,9414,5,3,37658,37658,1782,6210,30202,12745.6428
3,1,1,5.9,9,1494,323,109,29,2383,2,16,1.3,3,2,15334,4,2,80238,80238,3876,12282,58105,25836.2468
1.5,1,2,3.9,9,690,184,77,19,1153,1,9,0.1,3,2,10355,6,1,39355,39355,1915,5986,29286,12550.511
1.75,2,2,3,9,951,205,83,19,1480,3,11,0.1,3,1,9918,3,3,50373,50373,2585,7335,36129,16577.7236
0.5,2,1,1.5,8,258,47,33,6,390,1,3,0.1,4,0,2917,2,1,14666,14666,561,2222,10679,4218.4234
1.5,1,2,2.8,10,769,142,107,15,1317,1,8,0.5,5,1,8375,5,2,36528,36528,1768,5774,29685,12377.415
2,2,2,5.4,8,923,233,77,26,1561,3,11,0.7,3,1,13394,2,3,57560,57560,2611,7867,41072,16820.4588
1.5,1,1,3.7,9,780,160,111,18,1325,2,10,0.5,3,1,8401,3,1,38339,38339,1712,6065,30326,12423.3602
1,1,2,2.5,8,462,91,63,10,758,1,7,0.1,4,0,5968,4,1,26387,26387,1299,3969,22291,8468.7736
2,1,2,4.1,10,1095,171,76,19,1718,1,12,0.8,6,0,10836,2,2,54287,54287,2618,8689,42629,18085.3072
0.75,1,2,1.9,9,339,77,51,8,630,1,5,0.1,6,0,4894,3,2,18229,18229,1046,2863,16417,6501.7988
2.5,2,2,7.2,10,1329,210,144,22,1975,3,17,0,4,2,13841,2,1,63274,63274,2808,9542,62437,20318.7482
2.5,1,1,5.6,9,1283,243,179,23,2085,1,14,0.7,4,0,14935,2,1,69466,69466,3206,9689,55894,21460.227
1,2,1,2.2,10,453,119,60,10,787,3,7,0.2,4,2,5565,6,2,28142,28142,1101,3912,19268,7778.693
0.75,1,2,1.1,10,407,96,47,8,653,2,4,0.2,3,0,3786,4,3,19603,19603,1093,3171,14649,7091.5572
1.5,2,1,2.9,8,795,188,79,17,1217,1,9,0.4,5,1,9667,3,3,44364,44364,1889,6168,29925,13060.1334
3,2,1,7.1,10,1594,343,125,29,2593,2,20,0.7,5,2,16604,2,3,73761,73761,3575,12945,74673,25774.4408
0.75,1,1,1.4,9,364,65,39,10,567,2,5,0.3,3,2,4160,2,2,18896,18896,913,2988,16552,6234.152
1.5,1,2,2.3,9,781,163,75,17,1321,2,9,0.4,5,2,10042,4,3,37968,37968,1924,5959,36976,12985.9084
0.75,1,1,2.2,9,361,76,51,7,664,3,4,0.1,6,2,4569,6,1,19066,19066,994,2995,14273,6500.6338
1,1,2,2.5,10,479,128,43,11,875,3,6,0.2,4,1,6136,3,1,24768,24768,1323,4487,24596,8867.9072
1,2,2,1.8,9,474,104,54,11,757,3,6,0.4,5,2,6493,3,2,27368,27368,1233,4300,20754,8484.4186
0.5,1,2,1.1,10,269,42,30,6,421,2,3,0.2,5,0,3239,2,3,13418,13418,647,2068,10334,4455.9478
1.5,1,1,2.4,10,792,176,106,19,1307,1,9,0.1,5,0,8683,3,3,33332,33332,2078,6536,29239,13866.9966
2,1,1,4.4,10,1055,189,132,22,1596,2,11,0.4,4,0,13939,6,1,48223,48223,2696,8763,49747,18239.4278
1,2,2,1.2,10,546,87,73,12,892,3,6,0.2,4,2,5605,4,1,25573,25573,1223,4154,23990,8715.741
1.5,2,2,3,9,772,128,70,16,1127,1,10,0,3,0,10180,4,3,40745,40745,1951,6088,28714,13083.156
2.5,2,2,3.6,9,1311,213,132,30,1952,2,17,0.8,4,1,14104,2,1,68746,68746,2980,10139,52947,21088.6208
0.75,1,2,0.9,8,370,84,56,8,607,1,4,0.3,4,2,4270,6,1,21325,21325,880,3263,17815,6327.634
2.5,1,2,6.8,10,1196,314,133,24,2127,1,17,1.2,3,1,14805,4,2,56847,56847,3207,10088,48396,21257.081
0.5,1,1,0.6,9,230,49,25,6,398,1,3,0.2,4,1,2611,4,3,12336,12336,665,2030,9607,4303.0422
0.75,1,2,1.9,9,353,92,43,8,669,2,4,0.1,3,2,3776,4,1,19771,19771,911,3368,15936,6379.3352
1.5,1,1,1.6,9,727,158,112,16,1281,2,8,0.2,5,0,9521,2,2,35583,35583,2233,6724,36529,14156.5842
0.75,2,2,1.6,8,405,79,31,8,595,1,5,0.2,6,1,4914,2,1,22356,22356,939,3372,17514,6715.5028
1.75,1,2,3.3,9,955,171,105,23,1371,1,12,0.5,6,2,11773,5,2,47707,47707,2559,7608,38405,16720.7346
2.5,2,2,3.3,10,1212,226,165,22,2150,2,17,0.1,5,1,15275,6,1,74606,74606,3337,9718,50185,21572.135
1.75,1,2,4.7,10,896,209,96,20,1376,2,9,0.4,5,1,9436,6,3,52137,52137,2305,6764,39009,15160.8272
0.75,2,1,2.2,9,398,78,52,10,611,1,5,0.1,6,2,4770,4,1,16941,16941,846,2959,15281,6197.714
2,2,1,4.1,10,913,195,77,19,1650,3,14,0.6,6,0,13308,6,1,59147,59147,2355,7930,41130,16053.0016
1,1,1,1,9,464,88,66,9,837,3,7,0.5,6,2,6000,2,3,28629,28629,1188,4423,24287,8396.44
0.5,2,2,0.6,9,256,58,27,4,401,1,3,0.1,3,2,2744,2,3,12650,12650,669,2248,9697,4547.1888
1.5,2,2,4.2,10,789,179,88,13,1211,2,10,0.7,6,1,8385,2,1,42732,42732,2046,6012,28964,13468.197
0.5,2,2,1.1,9,250,61,28,4,400,3,3,0.1,3,1,3310,3,2,11526,11526,693,1931,11709,4425.462
0.75,2,1,1.8,8,377,67,35,10,584,3,5,0.3,3,0,4854,3,2,16963,16963,1069,3322,18699,6954.9308
1.5,1,2,2.7,10,694,129,70,16,1158,3,8,0.1,3,2,8382,4,1,37157,37157,1891,5791,28937,12364.7364
1,2,1,1.8,10,458,109,47,13,766,1,6,0.4,6,1,6627,3,3,27176,27176,1428,3817,24364,8756.7254
1.5,1,1,4,8,701,154,97,12,1210,1,8,0.3,5,1,8486,2,3,34523,34523,1874,6599,29973,12831.8572
1.25,1,2,2.9,10,573,138,95,16,945,1,8,0.3,5,0,8551,2,2,29047,29047,1609,5178,26767,10655.2102
3,2,1,8.2,8,1482,368,132,30,2301,3,17,1,5,2,20672,4,3,70952,70952,3712,12438,57561,25408.5544
2,1,1,3.6,9,980,188,123,17,1512,3,12,0.5,6,1,12182,2,1,48491,48491,2382,8944,38948,17028.4964
2.5,1,2,4.5,9,1201,296,131,27,1903,3,13,1,3,2,15639,6,1,60805,60805,2903,10867,50789,20707.9078
0.75,1,2,0.9,10,342,78,54,6,657,1,5,0.3,4,1,4664,2,2,17125,17125,927,3345,14675,6398.4128
1.5,2,1,2,10,816,184,99,14,1180,2,9,0.3,5,0,7521,5,3,34311,34311,1849,5787,36204,12849.5642
1.25,1,2,1.4,10,621,129,79,15,1099,3,8,0,5,1,7617,6,2,32971,32971,1782,5548,24292,11586.3834
0.5,1,1,1.3,9,230,56,31,5,423,1,3,0.1,6,1,2839,4,3,11909,11909,676,1921,10743,4298.1478
1,2,2,2.8,10,532,90,43,12,779,1,5,0.4,6,2,5542,2,2,27375,27375,1445,3847,19577,9143.8484
0.75,1,1,2.1,9,391,80,32,8,663,2,5,0.2,4,2,5178,2,3,21556,21556,849,3297,16902,6320.3956
0.5,2,1,0.7,8,265,49,37,4,421,1,3,0.1,3,2,3292,3,3,12460,12460,673,2209,10501,4592.0784
2.5,1,2,5.8,8,1362,225,184,26,1942,2,13,0.4,6,0,16186,6,2,65181,65181,3194,10309,52271,22119.6772
2,1,2,3.1,9,934,197,79,25,1775,2,13,0.3,6,1,11181,2,3,50395,50395,2951,7672,43531,17858.0362
0.5,2,1,1,8,238,65,27,6,398,3,3,0.2,4,1,2900,5,3,14007,14007,567,2079,12483,4063.92
1.25,2,1,1.8,10,584,110,54,14,1022,3,8,0.3,3,1,6282,3,1,37280,37280,1515,5462,30680,10495.3764
0.5,2,2,1.3,10,227,45,28,5,435,1,3,0.1,5,2,2558,5,1,12699,12699,710,2236,11522,4549.8116
0.75,2,1,2.2,9,396,63,43,9,664,1,5,0.3,5,1,3836,4,2,22225,22225,989,3293,17724,6797.7472
1.5,1,1,1.5,8,806,145,111,18,1339,1,10,0.1,3,1,9203,6,1,42989,42989,2005,5763,31946,13286.9206
1,2,2,1.3,8,502,93,57,10,825,2,6,0.4,6,2,6291,4,3,25861,25861,1287,4034,24179,8644.9182
3,1,2,4.3,9,1407,347,126,26,2511,2,21,0.5,5,1,18851,3,3,71182,71182,3582,13168,63409,25081.0702
1.5,1,1,2.5,8,745,183,63,19,1198,3,10,0.2,5,0,8821,4,1,36414,36414,1865,6703,33212,13033.6442
2,1,2,4.7,9,991,177,74,20,1538,3,10,0.6,5,1,11263,3,1,46052,46052,2690,8442,47598,17677.3726
1.75,1,1,3.9,10,849,173,92,19,1478,3,10,0.6,4,2,11409,2,3,41483,41483,2010,7616,35939,14485.7218
3,1,1,8.6,9,1421,374,203,33,2591,3,15,1.4,6,2,19567,6,2,72508,72508,4008,12610,58176,26235.6334
3,2,1,7.5,10,1473,385,183,24,2267,3,17,0.8,6,2,20777,3,3,84822,84822,3730,12390,72463,25471.8354
1.75,1,2,2.3,10,938,210,72,22,1352,3,10,0.5,5,0,8913,5,3,43668,43668,2103,7507,38333,15099.9626
1.75,1,1,5.2,8,892,163,114,22,1501,1,11,0.8,6,1,9984,4,1,41734,41734,2337,7841,40348,15873.7168
2,1,1,4.9,10,1063,258,120,18,1652,3,10,0.5,5,2,10411,6,2,51552,51552,2792,7632,45063,17950.6022
1.5,1,1,3.7,8,773,183,64,19,1323,1,10,0.4,4,1,8231,2,2,42957,42957,1916,5967,29486,12919.1062
0.75,1,2,1.6,10,406,90,57,8,633,1,4,0.1,4,2,5013,2,1,21817,21817,1008,3257,15561,6886.4426
3,1,2,5.2,9,1363,267,157,26,2543,2,15,0.2,6,2,18481,6,1,78383,78383,4309,11561,65658,26263.7162
2.5,1,1,6.8,9,1182,322,120,22,2016,3,17,0.8,4,1,16350,4,3,68167,68167,2753,10260,48252,19855.73
1,1,1,1.2,9,510,99,49,10,809,3,6,0.2,4,1,5822,5,1,27018,27018,1193,4313,23418,8514.1244
3,2,2,5.7,9,1390,315,181,29,2360,1,19,1.5,5,0,19016,6,3,78654,78654,3892,11617,66796,25196.0632
1.25,2,1,1.8,10,619,134,71,11,1024,1,7,0.2,3,1,8333,4,3,36005,36005,1853,4825,25000,11378.7666
2.5,2,1,5.4,8,1295,302,123,23,1933,1,15,0.9,3,0,13981,3,1,70615,70615,3745,10168,60847,23389.7962
1.75,2,1,3.6,10,846,155,76,18,1327,2,11,0.2,5,2,9164,3,1,42264,42264,2325,6758,36186,14979.8128
0.5,2,1,0.7,9,269,61,27,4,398,2,3,0.2,5,2,3416,4,1,14141,14141,587,1995,10688,4226.8632
0.5,1,1,1.4,9,244,64,22,5,436,3,3,0.1,6,2,3275,2,3,12485,12485,573,2070,11063,4109.195
1,1,2,1.7,8,473,118,38,9,782,2,7,0.3,3,2,5234,6,1,28402,28402,1204,4409,20168,8424.2068
1.25,2,2,2.2,8,576,126,79,13,1000,2,8,0.5,6,1,6999,4,3,29507,29507,1640,4815,27632,10554.7598
1,2,2,1.3,8,452,85,55,10,822,1,6,0.5,5,1,5301,3,2,26670,26670,1370,4464,21240,8901.5602
1,2,2,2.5,8,466,108,41,11,884,3,5,0.1,6,0,6875,6,3,23910,23910,1437,3967,20795,8881.395
1.75,1,1,2.6,8,883,159,80,15,1472,1,10,0.1,6,1,10388,4,1,46013,46013,2255,6750,36355,14925.7576
1.75,1,2,4.5,9,905,212,129,18,1512,3,10,0.6,5,0,10132,6,2,49588,49588,1992,7641,36824,14754.6264
0.75,1,1,0.9,9,352,95,33,7,622,2,4,0.1,5,0,4220,5,1,19570,19570,1006,3023,18378,6483.844
3,1,2,3.6,9,1509,271,223,28,2508,3,19,1.2,6,2,16343,6,3,71211,71211,4037,12064,59174,26482.9486
1.25,1,2,3.5,8,672,139,71,11,1072,3,8,0.4,3,2,6452,6,2,29861,29861,1586,5337,28248,11073.2904
0.75,1,2,1.2,8,350,90,56,9,570,3,4,0.1,3,1,4037,2,1,19308,19308,919,3071,18437,6247.6674
3,1,1,6,8,1425,271,200,29,2256,3,21,0.7,3,2,17881,5,1,74488,74488,3914,12904,62658,26138.5962
2.5,2,2,4.3,10,1315,300,133,20,1947,2,13,0.8,4,1,14687,4,3,72450,72450,3072,9606,61654,21076.3374
2,2,2,5.9,8,942,185,124,22,1651,3,10,0.9,6,1,13137,6,3,45342,45342,2477,8698,45074,17006.5874
2.5,2,2,5.4,9,1171,210,105,32,2193,3,17,0.3,6,0,12515,5,2,64201,64201,3243,11109,61807,21770.443
3,2,2,7.8,9,1629,342,191,35,2603,3,21,0.5,5,0,16352,5,2,74270,74270,4378,11654,68184,27836.6704
2.5,1,2,3.1,8,1291,215,180,29,2090,2,15,0.6,5,2,17291,6,2,68836,68836,3174,11107,61333,22176.3382
1.75,1,1,5,8,801,223,68,21,1550,3,10,0.6,4,1,9833,6,1,51151,51151,1986,7206,33955,13944.0066
1.25,1,2,3.4,9,601,152,60,13,1102,2,7,0.2,6,1,8659,3,3,31827,31827,1873,5048,25393,11484.9918
3,1,1,3.6,9,1570,262,166,31,2406,1,19,0.2,4,0,17319,2,1,79184,79184,3625,11710,69916,25183.1638
1,1,2,1.1,8,503,105,38,9,846,3,7,0.2,3,0,5145,4,2,24094,24094,1213,4241,24031,8495.109
2.5,2,1,4.1,10,1145,236,111,27,1944,2,13,1.2,6,1,15306,5,3,64313,64313,3424,10083,50632,21645.2812
1.25,2,1,2.8,10,687,116,55,15,1095,2,8,0.4,4,2,7052,2,2,32200,32200,1658,5207,26964,11278.3704
1,1,1,1.3,10,547,87,70,10,794,1,7,0.4,5,2,6768,4,3,28451,28451,1187,4320,24605,8711.2936
0.75,1,1,1.3,8,379,77,28,7,666,3,5,0,6,0,4859,6,3,18552,18552,952,3036,17311,6450.9118
3,2,2,7.4,10,1501,270,222,32,2516,3,19,1.3,3,2,20826,2,2,72291,72291,3332,13288,67572,24890.6252
0.75,2,2,1.6,9,405,88,47,9,577,1,4,0.2,6,1,5147,6,1,19814,19814,1099,2944,16922,6996.2894
0.75,1,1,2,9,403,68,41,6,604,2,5,0.1,4,2,3822,6,3,17090,17090,838,3028,14416,6204.8844
1.75,1,1,5.1,8,858,177,68,17,1459,2,10,0.4,3,0,9126,2,2,48688,48688,2000,7411,39232,14344.2052
1.5,2,2,2.5,10,744,183,62,13,1168,2,9,0.2,5,2,8535,5,2,34685,34685,1749,5919,34997,12232.947
1,1,1,1.4,8,540,98,36,12,894,2,7,0.5,3,2,5390,3,3,28673,28673,1292,4087,23148,8825.478
2.5,1,1,4.8,9,1267,310,130,31,2221,2,14,0.5,6,2,14444,2,3,56721,56721,3373,11150,57044,22647.4888
1.75,2,2,1.9,8,902,216,91,20,1505,1,11,0.4,6,1,12145,2,3,41200,41200,1944,6942,39819,14177.149
3,2,2,7.6,10,1561,323,169,35,2338,1,18,0.7,5,0,19395,2,1,70365,70365,4417,13128,74718,28390.059
2,1,2,2.5,8,1020,257,105,19,1663,2,13,0.5,3,2,11087,3,2,56841,56841,2892,7682,38273,18091.6974
1.75,1,1,1.8,9,942,183,64,22,1480,3,10,0.8,6,0,8835,3,3,38952,38952,1999,6893,34823,14458.107
2.5,1,1,3.6,9,1303,227,128,23,2216,3,14,0.5,4,1,12591,5,3,58092,58092,2843,9862,51635,20439.3982
2,2,1,4.7,9,909,227,116,19,1650,2,12,0.1,5,2,13797,4,3,53086,53086,2600,8693,47298,17236.2594
1.5,1,2,1.5,9,799,180,108,13,1224,3,10,0.6,6,2,9709,3,3,34819,34819,1997,6177,32517,13475.7618
1,2,1,1.9,8,506,120,75,13,787,2,7,0.4,6,0,6948,4,2,28634,28634,1283,3880,22637,8603.2696
1.5,2,2,1.8,10,718,164,58,16,1242,3,8,0.1,3,1,9333,6,2,42676,42676,2045,5939,30739,13020.5266
1.5,1,1,2.1,10,820,185,80,14,1245,3,9,0.2,3,2,7754,2,1,43274,43274,2238,6190,33290,14260.6108
0.75,2,1,1.6,10,381,75,43,7,610,3,4,0,6,1,5087,3,3,21599,21599,837,3306,16490,6257.4374
1.75,2,1,4.2,10,903,215,103,14,1473,1,11,0.1,4,0,11134,4,3,40373,40373,2537,6860,38276,15988.3468
3,1,2,5,8,1509,325,226,30,2572,3,20,0.5,6,1,20228,5,2,78827,78827,3308,13113,67624,24786.5456
2,1,2,6,9,902,237,134,18,1781,2,12,0.7,5,1,12157,3,3,55719,55719,2756,8039,43447,17368.7714
3,1,2,5.8,10,1458,258,135,28,2336,2,19,1,5,1,18173,4,1,86889,86889,3392,12451,65737,24322.4146
0.5,1,1,1.2,8,264,46,28,5,395,1,3,0.1,3,1,3080,3,1,14277,14277,570,2083,10704,4185.816
1.5,1,1,3.5,9,741,194,103,15,1345,3,8,0,3,2,9326,6,1,43008,43008,1835,6124,35723,12630.8852
