Cultivated area (hec),Animal manure (tons),Phosphate (kg),Potassium (kg),Nitrogen (kg),Seed (kg),Irrigation type,Irrigation frequency, Irrigation time (hrs),Vinegar (kg),Toxin (kg),Yield (kg),Plughing diesel (lit), Chisel diesel (lit),Water (m3),Diesel (lit),Petrol (lit),Butane (lit),Electricity (kwh),Calculated carbon emission (kg co2-eq),Carbon emission-CFT (kg co2-eq)
2.5,24,193,5,689,9536,2,10,43,603,5.7,69457,68,33,11371,172,1.9,1.8,5954,19839,19839
1,9,104,29,257,3915,2,11,19,238,1.8,23544,25,11,4689,89,0.4,0.3,2388,8742,8742
2,9,219,7,529,6902,1,11,21,576,9.7,55383,44,21,8674,171,0,1.9,4662,14509,14509
1.5,4,182,19,363,5506,1,16,9,406,5.6,36951,35,25,7149,84,0.4,0.2,3537,10795,10795
1,1,87,11,284,3876,1,8,3,239,1.8,25515,22,10,4207,89,1,0.9,2189,7194,7194
3.5,12,285,48,852,12775,2,13,11,951,3.8,95676,85,45,17423,304,3.2,1.3,8248,27385,27385
1.5,20,181,11,406,4594,2,11,9,359,1.8,35123,34,12,6658,83,1.4,1.3,3362,11668,11668
1.5,6,183,4,389,5956,2,8,11,359,6.1,37912,42,24,6317,103,0.1,0.2,3378,11486,11486
2.5,42,218,15,802,8263,1,12,39,651,2.3,68383,68,24,10722,131,1.8,2.2,5565,20644,20644
0.5,3,54,6,157,1917,1,15,9,150,1.4,13851,15,8,2276,38,0.1,0,1183,3841,3841
1.5,16,182,29,388,5437,2,8,27,454,4.5,38295,33,17,7223,79,0.5,1,3511,11149,11149
2,16,207,55,562,7866,2,14,34,557,4,52646,42,26,9209,164,0.1,0.8,4593,16837,16837
3,27,251,30,882,11742,1,4,48,847,13.7,74207,75,46,14031,247,0.3,2.9,7176,26969,26969
3,27,357,19,900,10084,2,13,30,917,5.6,78891,88,36,14580,179,0.6,1.8,7163,22523,22523
2.5,13,308,69,632,9698,1,4,21,779,4.4,66019,68,36,12229,135,1.8,2.2,5660,20097,20097
1,10,122,29,248,3307,1,6,18,306,2,23996,26,9,4893,75,0.9,0.9,2242,8389,8389
2.5,7,266,8,735,8245,1,15,9,705,4.3,62495,50,21,12327,133,2,2.3,5525,18898,18898
1,5,113,21,282,3244,2,11,14,239,4.9,27636,21,13,4923,78,0.4,0.5,2166,8565,8565
1.5,14,130,18,475,4927,1,4,27,431,2.7,35796,34,23,6942,122,0.6,1.4,3411,11033,11033
1.5,8,135,10,377,4864,1,5,17,451,6.8,34869,39,13,7258,80,1,0,3542,11666,11666
1,7,100,4,242,3694,1,15,11,254,4.7,23714,24,12,4368,73,0.4,0.8,2263,7695,7695
2.5,26,211,50,681,8822,2,18,47,791,6.6,67132,57,31,11615,140,1.4,1,5981,18677,18677
4,63,478,89,1157,12950,1,10,36,1257,19.4,107509,109,62,19072,271,3.7,2.2,9258,35427,35427
2,25,165,36,510,6702,2,19,28,576,5.1,53039,53,32,9974,140,0.3,0.9,4422,15662,15662
3,43,350,81,748,10446,2,15,30,896,6.4,81049,65,40,13340,160,3,2.9,6603,24095,24095
2.5,18,268,55,623,8478,2,7,21,780,4.9,61495,58,25,11386,212,1.4,0,5642,20001,20001
2.5,3,228,3,595,9199,1,13,33,787,3.8,66190,54,42,11090,155,2,1.5,5831,18079,18079
2,22,159,28,591,6093,1,18,38,628,5.8,49076,46,30,9061,145,2,1.8,4547,15101,15101
2,23,235,15,539,7543,2,10,16,518,6.1,52185,59,30,9053,107,1.1,1,4312,17331,17331
3.5,50,443,7,1003,11286,2,4,31,1098,2.1,97794,96,36,15173,192,1,2.4,7743,26022,26022
2.5,8,234,38,588,8419,1,14,29,607,12,65990,65,37,11960,182,0.5,0.3,5552,19352,19352
2.5,13,219,14,725,8809,2,8,33,597,4.8,63407,56,22,11230,201,0.1,0,5405,18144,18144
3,23,329,4,773,10807,1,14,27,750,9.3,74754,84,47,13039,197,2.7,1.9,6455,24883,24883
4,33,314,92,938,15550,1,7,75,965,7.1,110293,120,67,19928,226,3.4,0.6,9478,35696,35696
2,22,181,49,498,6713,2,10,8,627,7.9,54891,55,33,8583,179,1.5,1.7,4243,17621,17621
2.5,34,310,31,662,9090,1,16,11,777,1.5,68982,62,41,11838,146,0.9,2.1,5902,18242,18242
2.5,30,278,66,742,8442,2,7,16,800,9.1,58999,68,39,11508,169,2,0.9,5853,20425,20425
1.5,3,153,30,472,5100,2,6,15,413,5,38759,41,14,6974,123,0.5,0.9,3310,11599,11599
4,29,319,4,1069,14717,2,20,44,1139,3.5,98872,102,55,18823,290,1.3,0.7,8878,32655,32655
1.5,21,126,17,414,5646,1,15,20,440,6.3,39480,33,23,7019,83,1.5,0.5,3574,12024,12024
2,11,193,27,571,6385,2,12,30,552,4.6,47705,47,20,9327,162,0.8,0.2,4577,15860,15860
0.5,8,48,11,131,1837,2,13,5,136,0.8,11506,14,4,2416,36,0.3,0.4,1067,4156,4156
4.5,42,480,76,1155,16467,2,9,34,1103,13,112643,106,71,21048,313,4.4,4.3,10429,37893,37893
2.5,19,245,35,594,7700,2,4,25,723,11.5,60122,55,31,11581,131,0.4,1,5819,21569,21569
2.5,30,305,6,766,9010,2,10,11,771,2.5,60834,61,25,11954,191,2.2,1.1,5968,22089,22089
2.5,7,276,10,790,8013,1,5,9,673,4,63301,75,31,11188,188,2,2.2,5343,18776,18776
2.5,11,305,63,657,8568,2,10,24,635,3.3,69136,69,35,11322,144,1.1,1.5,5794,20056,20056
1.5,25,140,43,352,5928,2,6,11,440,3.7,36892,39,16,6706,89,1.1,1.2,3385,11742,11742
2.5,30,305,22,758,7909,2,20,27,632,4.6,62841,72,42,11171,181,0.2,1.4,5947,21134,21134
2,23,223,48,523,6378,2,7,10,494,6.8,48472,54,20,9384,139,1.7,1.4,4348,16103,16103
1,13,114,7,320,3037,1,6,14,242,4.1,26565,27,16,4950,84,0.5,0.4,2196,8379,8379
2,5,201,3,618,6723,2,10,38,625,3.7,46429,46,29,8561,172,0,1.2,4657,17606,17606
1.5,22,140,0,484,5306,1,13,9,366,6.7,41583,44,24,7343,111,0.3,1.4,3525,11654,11654
1.5,21,188,34,420,5864,1,10,15,472,1,38084,42,19,7246,114,0.8,0.1,3478,12488,12488
2.5,10,262,34,712,8740,1,5,49,717,12.1,61894,67,34,10903,172,0.6,0.7,5778,19820,19820
3,4,373,68,694,9635,1,8,27,778,4.8,81794,76,25,14841,232,0.4,1.3,7080,21357,21357
1.5,12,148,39,348,4944,1,16,18,368,7,41271,37,23,6589,81,1,0.5,3563,10666,10666
1,4,89,0,292,3489,1,6,17,275,1.4,27373,25,17,4423,70,0.1,0.7,2297,7715,7715
4,6,312,31,1125,13015,1,18,45,991,6.6,97205,107,44,19151,296,0.2,1.2,9566,31023,31023
2,10,208,57,547,6372,1,5,38,633,1.9,47875,55,24,9919,171,1.7,1.4,4224,15156,15156
1.5,4,140,35,356,4902,2,12,12,455,4.7,40557,34,23,6411,103,1.1,1.2,3583,10591,10591
4,67,429,31,1094,12089,1,13,74,1131,12.5,97726,91,52,18177,324,1.4,1.1,8670,34191,34191
1,10,81,17,245,3978,2,15,15,287,1.7,27321,25,15,4453,74,0.8,0.5,2183,7526,7526
2,19,168,1,581,7710,2,8,15,535,8.9,53133,50,32,8665,135,1.2,1,4397,17970,17970
2,33,180,34,542,7282,1,19,21,546,6.1,53647,55,31,9004,163,0.8,0.4,4530,16404,16404
1,16,95,22,307,3301,1,10,13,254,4.5,25981,26,13,4581,86,0.8,0.3,2166,8515,8515
4.5,27,512,94,1101,14060,1,8,33,1440,8.3,111830,118,45,20232,314,2,3.7,10399,38587,38587
3,28,325,17,734,9540,1,5,10,768,6.7,78125,85,39,13635,181,2.9,1.7,6386,26289,26289
1,2,81,25,256,3817,1,20,14,317,1.5,26543,22,9,4805,88,0,0.9,2166,7400,7400
3,47,282,48,934,11195,2,7,24,950,5.9,74240,81,39,13258,165,0.3,1.7,7079,21770,21770
3.5,6,349,41,1045,11139,1,19,34,898,13.4,85155,97,54,15914,225,2.7,0.7,8072,28866,28866
2.5,36,216,29,778,7875,2,11,14,679,8,69712,63,36,11122,154,2,0.4,5938,21519,21519
1,6,120,18,239,3115,1,20,6,313,4.6,27592,26,14,4435,68,0,0.7,2148,7436,7436
1.5,21,184,28,421,5663,2,10,9,393,6.7,41457,41,20,6305,115,1,0.2,3578,12718,12718
1,15,93,0,282,3251,2,14,8,264,3,27930,22,10,4596,73,0.2,0.8,2228,8412,8412
4,29,501,34,1201,12240,1,18,41,1279,2.8,92403,103,66,19912,218,2.1,1.6,8582,32762,32762
1,11,104,24,310,3836,1,7,6,262,3.2,24519,27,13,4679,88,0.7,0.9,2141,8298,8298
2.5,42,291,54,633,7827,2,6,21,785,8.6,58963,69,34,10596,137,1.8,0.3,5309,21205,21205
2,11,199,31,465,6335,1,18,36,505,7.2,48689,42,25,8440,144,0.7,0.4,4796,14063,14063
3.5,6,283,83,894,10513,1,15,15,917,3.9,92487,90,52,16576,258,1.9,0.6,7406,27517,27517
3,28,331,40,731,10399,2,16,23,902,4.5,74853,87,37,14411,222,0.1,0.6,7192,26984,26984
3,45,233,85,740,9048,2,12,31,925,3.5,73132,80,43,14459,238,1.4,2.5,6559,24335,24335
3,44,256,77,898,10985,2,17,55,950,11.9,72519,73,33,14402,170,2.6,0,6480,22981,22981
2,8,250,46,587,6824,2,9,15,570,5.3,46854,41,33,8959,107,1.2,1.9,4548,16886,16886
2,11,217,46,552,6909,1,14,7,546,8.4,48512,49,29,8524,123,0.6,1.7,4388,17853,17853
3.5,9,385,24,934,11156,1,5,58,1114,9.5,94493,97,57,15089,196,0.2,1.9,8171,26428,26428
3.5,59,363,4,955,10925,2,18,52,1062,4.9,97952,96,37,16202,285,1.6,3.1,7555,25049,25049
2.5,41,208,63,687,8809,1,9,11,698,8.4,63005,53,20,11159,200,0.1,0.7,5572,17860,17860
1,9,88,20,304,3628,2,18,13,305,1.2,25111,22,9,4220,62,0.2,0.4,2228,8415,8415
2,7,250,42,535,7900,2,19,17,502,8.9,50248,48,22,8443,147,0.7,0.1,4797,15182,15182
2,23,184,13,628,7733,2,6,14,537,1.3,46751,40,24,9414,152,1.4,0.3,4433,16023,16023
2.5,16,229,1,629,9438,1,4,49,671,1.4,68832,56,29,12119,180,1.3,1.6,5397,17517,17517
1.5,16,138,5,360,5657,1,10,28,357,1,36331,36,25,7165,131,1.4,0,3360,11563,11563
2,14,193,28,648,7664,2,16,37,515,7.7,53062,42,26,8968,156,0.4,0.2,4360,14827,14827
3,31,245,36,881,9031,1,10,44,870,13.1,75905,71,46,13677,151,2.2,1.9,6321,22416,22416
2.5,12,200,24,712,9705,2,6,32,756,3.5,62520,65,30,11309,175,0.6,0,5812,21159,21159
2,11,201,23,637,6362,1,11,23,560,9.4,55171,44,26,8819,135,1.6,0.9,4707,14475,14475
3.5,38,274,97,888,13402,1,15,23,895,4,96257,102,52,14956,304,0.7,2.2,7788,28755,28755
2,28,242,13,504,6083,1,6,38,579,2.6,47710,55,17,9965,146,0.4,0.9,4312,14013,14013
2,27,197,12,528,6830,2,20,23,478,5.9,54066,59,30,9436,177,0.7,0.3,4772,16301,16301
2.5,37,272,43,654,8728,2,18,29,649,7,67432,55,31,10825,220,2.3,2,5316,18065,18065
3,49,251,74,753,9130,2,15,44,856,2.4,77481,87,47,14378,201,0,1.2,6757,23371,23371
2.5,37,287,51,796,8084,1,20,26,700,7.1,60476,71,21,11182,216,1.5,1.3,5564,18962,18962
3,51,274,72,742,9709,2,18,11,816,1.5,79409,61,38,13965,172,0.6,1.9,7172,24972,24972
0.5,2,50,4,135,1531,2,10,6,124,1.4,13929,10,7,2319,34,0,0.3,1183,3518,3518
1,17,83,26,300,3770,1,12,4,246,3.8,27438,25,13,4738,74,0.6,0.9,2274,8714,8714
3.5,9,295,72,903,12033,2,19,25,994,6.5,97520,89,55,17139,260,1.8,1,7971,24543,24543
2,26,165,43,541,7148,1,7,32,621,3.9,47780,48,27,8954,135,0.5,1,4422,16820,16820
2,9,206,49,549,6871,1,14,31,625,9.3,54577,56,21,8820,179,1.3,0.8,4705,16737,16737
3,38,257,78,704,9542,1,4,36,885,3.3,78882,80,40,14136,205,0.4,1.3,6323,21049,21049
2.5,36,229,43,580,8402,2,12,40,698,11.1,63239,67,22,12457,129,2.1,0.3,5531,20264,20264
1.5,22,142,26,448,5916,2,12,7,441,0.8,41241,39,14,7200,117,0.5,0.8,3167,12871,12871
2.5,26,195,23,778,8519,1,10,39,604,9.1,60045,53,31,10557,196,0.6,2.2,5787,22052,22052
2,30,168,2,505,6407,2,20,38,502,2.3,55937,51,31,8520,137,1.7,0.5,4685,14847,14847
1.5,25,134,11,409,5270,2,13,11,468,3.7,38745,44,17,6747,97,1,1,3594,13036,13036
2,30,223,31,575,7969,1,14,25,602,1.1,48451,49,33,9418,119,1.6,0.2,4495,16877,16877
1,13,87,23,282,3110,1,5,16,318,3.3,26878,20,16,4839,72,0.5,0.3,2255,8953,8953
2,32,203,32,594,7271,2,5,40,533,2.7,51322,55,32,9858,148,0.5,1.8,4267,17773,17773
3.5,27,429,49,858,13244,1,14,64,911,11.4,82894,87,40,17157,267,2.3,1,7451,29645,29645
2.5,23,206,35,767,8376,2,5,31,733,7.3,58980,57,42,11432,163,0.6,0.3,5768,19138,19138
3,41,331,24,703,11400,2,10,23,818,3.3,71454,83,49,14564,227,2.5,2.2,6494,25195,25195
3,41,271,8,786,10002,1,18,30,772,12.7,82092,67,47,12814,202,2.6,2.7,6959,22717,22717
1,6,117,22,254,3295,2,13,12,304,0.9,24411,29,12,4508,81,0.1,0.5,2118,7224,7224
1.5,14,133,30,409,5787,2,6,19,464,1.5,35621,45,16,7338,85,1.4,1.2,3365,12749,12749
1.5,16,160,7,371,5272,1,15,5,476,5,36370,37,22,7161,101,1.3,0.7,3316,10781,10781
1,11,124,25,247,3021,2,6,17,294,4,24679,25,15,4357,87,0.4,0.8,2252,7485,7485
3.5,53,289,65,1091,11740,1,15,15,981,4.1,94745,87,46,17174,180,0.5,2.4,7919,30509,30509
0.5,2,55,3,143,1895,1,20,6,159,1,12330,10,8,2243,38,0.5,0.4,1186,3812,3812
1.5,3,152,2,440,5621,2,7,24,427,3.5,38644,38,13,6741,113,0.9,0.8,3468,12546,12546
2.5,21,271,67,769,7668,1,10,48,743,7.9,68645,66,31,10847,208,1.4,1.8,5267,19692,19692
1.5,25,186,42,472,5331,2,4,30,453,4,37702,36,14,6359,93,0.6,0.1,3530,10695,10695
1.5,2,151,12,360,5750,1,9,24,414,5,36653,39,17,7332,125,1.4,1.3,3275,13056,13056
4,22,484,59,1305,13555,2,14,63,1161,15.3,101962,81,63,17399,288,1,0.6,9069,31982,31982
1,1,78,18,314,3559,1,10,5,318,1.9,24995,22,17,4839,61,1,0.2,2390,8839,8839
2.5,13,284,24,673,9945,2,5,10,759,9.5,65962,59,33,11007,141,1,0.7,5689,18335,18335
2.5,15,291,31,761,7891,1,5,18,605,7.3,61639,58,22,11701,214,0.1,0.7,5839,19947,19947
3.5,49,391,2,842,11278,1,17,70,1100,3.2,89912,83,40,14961,292,0.5,1.1,7483,25903,25903
1.5,13,171,5,355,5334,2,14,16,428,3.7,40726,37,14,7322,130,0.7,1.3,3176,12037,12037
1,11,126,11,269,3495,1,5,19,242,2.7,27039,27,11,4317,62,0.5,0.8,2104,8062,8062
1,4,120,4,294,3078,2,15,4,311,0.5,24634,22,14,4660,87,0.1,0.4,2130,7590,7590
3.5,44,333,7,1087,13781,2,4,48,1063,11.3,84686,73,37,16342,246,0.1,1.2,8151,27123,27123
2,3,184,39,629,6373,1,13,28,478,9.8,46872,48,17,8914,169,0.6,1.5,4732,15783,15783
2,17,243,29,513,6869,2,10,40,624,2.2,52641,51,21,8857,157,1.5,0.5,4598,14909,14909
1.5,10,128,36,359,5290,1,20,25,436,3.4,39717,42,17,6814,110,0.6,0.6,3271,11960,11960
1.5,17,174,0,435,5289,1,17,5,386,7.1,39524,35,18,6522,131,0.6,0.6,3568,13288,13288
0.5,4,55,7,139,1552,2,11,4,156,1.4,12454,11,6,2342,44,0.2,0.2,1089,4480,4480
3,45,357,72,724,11930,1,12,41,878,4.3,75370,69,39,14807,202,1.1,2.3,6671,23456,23456
1,10,99,4,314,3651,2,18,7,238,4.3,24028,25,14,4412,66,0.8,0.3,2282,8944,8944
1.5,23,117,22,411,5151,1,19,12,458,5.2,36337,44,22,7193,120,1.1,0.7,3203,12250,12250
3,9,350,75,846,10149,1,15,51,730,14.4,83887,78,30,12609,156,1.4,2.3,6586,23994,23994
1.5,4,182,34,441,5843,2,4,9,373,3.3,38820,37,24,7035,92,1.3,0.6,3481,11226,11226
1,8,115,8,230,3610,1,9,14,266,3.3,27075,22,16,4569,75,0.5,0.3,2112,7823,7823
1,2,94,23,259,3188,1,5,6,261,3,27116,24,14,4648,69,0.6,0.9,2186,8617,8617
2.5,23,316,32,755,8575,1,16,14,741,6.5,64710,64,33,12431,219,1.6,1.9,5563,18993,18993
1.5,10,166,23,425,4634,1,11,28,454,3,37338,38,25,6638,81,0.1,0.6,3289,11794,11794
3,12,292,37,715,9023,1,11,29,948,3.1,77359,65,45,14302,178,2.4,1.5,6727,21144,21144
1,4,102,14,295,3209,2,19,16,275,0.5,27431,20,13,4216,81,0.8,0.3,2221,7416,7416
1.5,3,136,15,437,5973,1,11,20,478,3.8,37784,42,13,6374,80,1,0,3454,13288,13288
2.5,16,226,44,686,8238,1,9,24,726,5.2,63424,66,29,11957,141,1.5,1.6,5471,20184,20184
1,14,99,20,250,3493,2,13,19,242,2.1,24584,21,17,4458,69,0.1,0.5,2195,7229,7229
1,12,79,26,285,3342,1,18,16,247,2.4,23281,22,9,4418,52,0.6,0.7,2153,7937,7937
4,9,379,76,1163,12471,1,10,49,1230,18.8,95515,105,58,19140,322,3.3,1.9,8467,33568,33568
3.5,13,273,46,1152,13326,1,7,47,850,15,97532,80,42,17170,240,2.4,0.3,8190,25897,25897
2,10,195,57,643,7643,2,12,28,611,9.3,51197,58,32,8897,114,1.9,0.6,4785,14462,14462
1,2,88,17,308,3307,1,10,19,249,3.4,27547,22,16,4729,66,0.7,0.5,2209,7549,7549
3,17,253,38,829,10137,2,18,56,930,15,83953,80,49,14636,235,2.8,0.6,6549,21082,21082
1,17,86,10,316,3372,2,8,4,253,1.4,24667,23,14,4374,79,0.9,0.8,2103,8276,8276
3,8,324,2,858,11966,1,10,60,801,12.4,83677,79,46,12804,264,2.6,1.4,7141,25504,25504
3,13,285,13,918,10051,1,17,34,798,4,70333,86,34,14818,218,2.2,2.1,6903,21976,21976
2,29,182,30,546,7078,1,11,23,571,2.3,55489,41,26,9984,138,1.9,0.1,4338,15759,15759
3,27,262,27,979,9887,1,7,40,853,6.1,79782,62,38,12913,190,1,1.1,6492,26271,26271
2.5,37,222,46,823,8636,1,4,39,748,8.9,69205,54,26,11919,215,0.9,0.3,5469,18535,18535
1.5,14,166,32,399,5280,2,12,13,454,1.9,41127,35,18,7315,86,1.4,0.1,3187,13265,13265
2.5,4,270,59,787,8667,2,6,13,746,6.5,59169,53,36,10885,202,2.5,1.1,5961,18767,18767
2,32,157,56,640,6601,1,4,26,498,9.2,53677,52,18,9799,155,1.7,1.8,4282,15290,15290
1,15,79,21,247,3070,2,18,9,297,3.9,24325,24,13,4389,70,0.7,0.7,2353,7467,7467
0.5,8,42,14,156,1877,2,19,6,150,0.5,13612,13,7,2169,26,0,0.3,1111,3840,3840
1,10,125,0,231,3184,2,10,9,301,3.4,26768,22,15,4755,61,0,0.1,2282,8474,8474
2.5,27,272,4,578,8655,1,7,42,643,10.9,58984,69,36,11780,170,1.8,0.9,5715,21941,21941
1,8,100,19,309,3856,1,14,14,284,1.3,26282,30,14,4780,70,0,0.5,2206,8207,8207
1,17,101,3,245,3445,2,16,9,293,3.2,25702,28,17,4920,62,0.5,0.3,2167,7685,7685
1,7,122,12,317,3179,1,5,17,284,1.9,26446,24,13,4780,88,0.2,0.4,2105,8039,8039
1.5,5,125,33,441,4891,2,19,26,385,7.1,39597,40,19,6483,79,1.1,0.5,3598,12996,12996
1.5,18,135,29,459,5245,2,6,25,450,1,38798,39,14,7460,133,1.3,1.2,3421,11416,11416
3,20,327,32,827,9100,1,10,33,818,12.6,74787,71,36,13815,157,1.2,2.9,7003,23807,23807
4,60,344,41,1067,14308,2,7,45,1254,12.3,98304,86,42,17868,237,0.1,2.7,9295,31162,31162
1.5,21,181,36,376,4790,2,7,12,362,5.1,38034,38,25,6679,127,1.3,1.4,3510,13500,13500
2.5,3,279,64,790,9865,1,10,44,692,7.5,69308,61,42,11017,223,2,0.6,5833,18736,18736
1.5,12,157,43,449,5686,2,19,18,419,7,40369,43,18,6829,130,1.3,0.6,3408,10856,10856
2,3,228,32,585,6670,2,9,8,476,3.3,53150,55,29,8755,167,1.5,0.6,4351,16281,16281
3.5,27,427,68,820,11112,1,16,62,987,6,91147,82,48,16550,249,1.7,0.1,7815,31080,31080
2,25,248,16,628,7381,1,16,31,527,7.5,53678,50,16,9768,148,0.1,1,4267,15417,15417
2,31,233,6,505,6960,2,13,36,527,1.6,47287,48,26,8411,171,0,0.2,4493,17963,17963
1.5,9,163,24,478,5292,2,20,15,397,3.9,37983,32,14,6887,88,1.3,0.2,3456,12096,12096
3,6,357,43,718,9413,2,7,41,765,9.9,71285,71,39,13382,221,2.1,1.8,6532,25171,25171
2,4,245,2,485,7935,2,6,16,534,2.5,49456,55,30,8752,127,0.7,1.8,4260,17514,17514
3,16,277,18,968,11664,1,8,16,733,1.9,76662,87,36,12902,159,0.2,2.7,6398,23203,23203
3.5,45,361,45,1114,10718,1,5,49,1041,11.8,81514,88,45,15303,232,2.7,1.3,7850,28039,28039
3.5,56,281,23,868,11616,1,8,40,916,2.2,81373,82,58,16955,240,0.6,3.4,7446,30632,30632
2,33,217,54,541,6529,1,15,13,627,5.9,52390,47,17,8905,131,0.9,0.7,4673,17340,17340
2,16,207,5,528,6820,1,17,8,575,7,52930,56,16,8608,117,1.9,0.1,4791,14219,14219
1.5,25,154,30,376,5779,2,6,20,375,5.3,40437,43,25,6992,103,0.8,0.4,3569,11254,11254
1,5,80,4,268,3630,1,10,15,285,4.5,25823,25,13,4992,88,0,0.7,2200,7110,7110
2.5,21,251,31,711,8415,2,11,14,674,7.7,58096,73,28,11083,213,0.9,0.2,5961,19631,19631
2.5,6,233,55,652,7612,1,13,18,785,1.6,65623,53,40,11515,223,2.2,1.6,5618,19571,19571
3,36,326,18,937,11266,2,6,47,915,10.4,80044,68,41,13870,216,2.1,1.9,6603,25642,25642
2,10,165,12,623,6049,1,6,33,624,9.7,48431,45,32,9181,145,0.3,0.8,4713,16399,16399
1,8,115,27,292,3592,2,11,12,253,3.7,25025,29,15,4798,79,0.5,0.9,2242,8065,8065
2.5,32,257,25,623,8977,1,12,28,605,5.6,63485,54,36,12009,215,0.3,1.1,5752,19842,19842
3,13,251,69,741,9062,2,7,29,840,3.3,74048,64,50,13059,177,0.8,1.5,6408,26046,26046
1,15,96,20,285,3503,1,5,19,253,1,26699,26,10,4982,59,0.5,0.2,2105,8778,8778
1.5,13,157,29,346,5497,2,13,24,396,6.2,40094,32,24,6606,124,0,0.6,3592,11976,11976
2.5,10,227,59,597,8911,2,17,33,676,1.3,64488,63,37,10995,211,1.3,0.1,5569,22404,22404
2,29,251,55,495,6371,2,10,38,501,8.5,53393,44,21,9104,102,2,1.9,4570,16620,16620
1.5,9,180,19,421,5450,2,5,27,423,3.4,36226,37,23,6710,102,1.3,0.3,3371,11319,11319
2,11,247,36,491,7850,1,12,26,578,4.6,49524,56,22,9824,139,1.5,1.2,4250,17854,17854
1.5,9,184,0,457,5379,2,8,17,390,2.6,35175,42,17,7316,114,0.9,1.3,3550,10685,10685
2,24,246,31,652,7543,2,16,26,536,9.6,51847,43,28,9636,132,1.3,0.6,4638,15066,15066
2.5,26,214,38,660,8944,1,19,27,639,8.8,69377,66,34,12344,138,1.9,0.5,5302,20181,20181
2.5,23,223,36,729,8222,1,19,45,722,7.5,61747,72,31,12287,131,1.7,1.9,5375,20374,20374
2.5,9,218,34,689,9911,1,15,30,677,2.3,66124,71,41,11802,131,0.1,2.3,5554,21082,21082
1.5,13,170,12,432,4868,1,13,15,450,5.3,38539,38,21,6804,100,1.1,0.4,3537,13394,13394
3.5,15,314,7,913,11525,2,7,23,954,7.1,89837,102,33,16173,288,3.4,1.1,7699,29613,29613
1,3,120,28,308,3479,2,20,13,287,1.5,26827,24,10,4573,53,0.7,0.6,2238,8255,8255
3.5,32,434,37,935,10952,2,19,13,951,4.6,87476,81,55,15628,247,2.8,2.9,7417,24681,24681
2,30,208,52,507,6088,2,20,26,540,5.9,46426,48,27,9859,118,1.5,0.9,4323,14258,14258
1,12,110,12,267,3628,2,10,10,240,2.9,25715,23,9,4411,74,0.3,0.2,2308,7467,7467
4.5,39,515,110,1107,16329,1,16,45,1176,12.3,108905,119,44,20571,235,3.1,3.2,10590,34615,34615
2,20,232,14,506,6257,1,20,38,481,6,46933,40,22,8882,160,0.1,0.4,4615,15016,15016
1.5,15,179,27,348,5746,2,8,15,431,4.7,39252,37,18,6377,81,0.5,0,3535,11419,11419
2,8,211,29,599,7967,2,18,30,506,3.6,52913,42,16,8454,170,1.9,0.5,4245,15967,15967
4,48,377,31,996,13081,1,20,26,1056,15,97255,98,52,18001,208,2.6,1.4,8816,28149,28149
2.5,31,317,22,804,8990,1,4,46,625,10.9,61976,58,20,12056,148,2.3,1,5422,22021,22021
2,20,236,35,520,6609,2,20,11,508,3.9,55445,51,22,9274,143,1.9,1.1,4520,16953,16953
2.5,4,317,23,756,7517,2,18,30,675,12.4,68911,58,28,11820,195,0.6,1,5273,18083,18083
1,2,80,9,313,3243,1,10,10,308,2.1,25572,27,11,4641,53,1,0.4,2118,8892,8892
1.5,19,162,20,454,5897,2,11,24,478,2.9,36090,39,20,7470,122,1.5,0.8,3277,13175,13175
1.5,22,129,4,471,4770,2,19,12,463,5.9,40390,35,23,6591,76,0.3,1.1,3455,13317,13317
1.5,8,133,8,384,4853,2,14,29,451,1.3,37420,42,19,6724,132,1.3,0.3,3520,13112,13112
3,3,368,51,978,10670,1,8,33,956,2.6,78935,61,43,13575,168,0.4,2.3,6980,23176,23176
2.5,26,246,35,714,9873,1,5,43,639,4.5,69752,58,24,12052,206,1.6,1.9,5868,21547,21547
1,15,112,1,256,3922,1,14,11,262,3.7,24888,23,11,4599,58,0.8,0.1,2169,8915,8915
2,24,172,33,660,7493,1,5,36,604,3.7,53062,45,29,9938,125,1.5,1.3,4276,14236,14236
2.5,4,252,40,795,7633,1,6,18,601,5,67200,65,24,10680,129,1.8,0.2,5871,21692,21692
1,4,100,12,285,3457,2,20,18,285,5,26368,24,15,4826,69,0.2,0.9,2275,7840,7840
0.5,8,39,5,123,1949,2,20,7,149,0.3,12436,12,5,2386,30,0.2,0.3,1066,3739,3739
2,10,238,56,509,7969,2,12,28,540,5.3,53825,40,27,9678,175,1.7,1.6,4499,14676,14676
2,19,235,44,606,6326,2,19,35,616,8.7,49237,57,22,9475,137,0.1,1,4686,17519,17519
2,7,217,15,522,7924,1,10,23,569,6,46713,56,32,9555,136,1.8,1.2,4676,14995,14995
1,5,85,10,316,3232,1,19,17,285,4.7,25597,26,11,4443,58,0.6,0.6,2319,7390,7390
2,7,245,14,463,7851,1,9,7,568,7,50547,42,20,9761,112,1,0.1,4300,14095,14095
0.5,4,60,7,159,1683,2,9,7,142,1.4,13753,13,6,2361,31,0.3,0,1199,4146,4146
2.5,17,272,49,639,8054,2,6,40,730,10.1,65554,55,33,12400,217,0.2,1.7,5997,19306,19306
2.5,7,310,22,657,8855,1,9,49,610,8,67794,53,34,11617,215,0.1,0.7,5430,17875,17875
3.5,34,371,38,830,11092,2,7,36,977,7.3,86062,79,53,16827,224,1.4,0.3,8183,29449,29449
1.5,10,183,22,360,5720,1,14,26,390,5,37687,37,16,7431,98,0.9,0.4,3286,10874,10874
2,28,180,13,622,6873,1,4,17,634,4.7,51558,57,34,8514,110,1.5,0.6,4251,14042,14042
2,23,185,43,489,7153,1,19,35,562,5,49445,55,19,9275,109,1,0.3,4684,17734,17734
4,6,414,33,930,13685,2,15,76,1107,5.3,96722,86,40,18950,208,2.6,1.5,8798,30482,30482
1,2,102,1,308,3722,2,14,9,298,4.8,27118,22,8,4272,51,0.9,0.8,2134,7679,7679
1.5,14,178,23,392,5251,2,18,14,361,4.2,36658,44,13,7335,92,1.4,0.1,3237,13398,13398
1.5,20,171,9,351,5247,1,16,27,437,6.5,37620,41,16,7287,83,1.2,1.1,3555,13358,13358
1.5,13,163,0,431,4504,2,9,16,417,6.9,39186,38,21,6453,121,0.5,0.3,3561,13258,13258
1,6,123,1,322,3742,2,7,12,255,3.1,23572,24,15,4544,62,0.8,0.6,2353,8744,8744
1.5,4,155,20,422,4704,1,12,23,432,1.2,36660,40,19,6796,135,1.4,0.6,3161,12828,12828
1,4,99,28,248,3728,2,13,9,255,2.9,23303,23,11,4583,80,0.5,0.7,2185,8440,8440
2,3,165,16,527,7996,2,17,37,603,6,51491,55,33,8514,156,0.9,0.2,4337,16871,16871
2,16,197,43,549,7652,2,10,39,624,9.2,49201,42,29,9829,145,1.8,0.4,4569,17299,17299
2.5,29,209,31,605,8917,2,7,49,726,11.2,61613,60,30,11523,142,1.9,0.8,5806,21353,21353
2.5,22,225,51,746,8066,1,9,43,613,8.3,64560,69,41,12054,155,2.1,0.6,5272,17756,17756
2,11,254,38,590,6167,2,18,31,596,6.6,53275,51,16,9297,112,1,0.9,4671,17568,17568
2,25,248,51,512,6760,1,17,8,507,3.4,50850,59,32,8407,158,0.6,1.2,4347,17353,17353
2.5,15,303,18,693,9816,1,16,30,678,7.6,66704,51,35,11364,153,0.6,2.1,5955,18987,18987
3,40,261,21,811,9048,1,7,33,902,5,71577,77,24,14491,214,0.7,2.4,7085,26756,26756
1,11,108,13,293,3684,1,16,7,275,1.7,26940,21,13,4515,54,0.1,0.8,2252,8777,8777
3,18,360,45,794,10465,2,4,40,874,5.7,81801,72,36,12712,240,0.6,2.5,6916,25914,25914
2.5,8,203,5,647,7730,2,13,19,694,10.8,59852,59,36,11235,150,2.3,0.2,5484,17884,17884
1.5,25,179,1,474,5516,1,16,14,376,1.7,40411,30,18,6883,107,1.1,0.2,3597,12996,12996
2,27,159,13,490,7227,1,19,33,571,2.5,51065,60,32,9117,144,0,1.9,4304,14779,14779
2,27,186,40,642,7864,1,15,35,601,3.1,46290,52,24,9745,135,0.7,2,4368,15346,15346
1.5,18,169,37,466,4669,2,4,10,436,2.6,39415,37,13,6373,129,0.6,0.8,3470,13367,13367
2,32,188,47,526,6936,1,12,38,636,5.4,55031,54,21,8856,129,1.3,0.2,4413,14150,14150
2,4,161,54,562,7178,2,9,36,571,2.8,52157,55,19,9947,101,1.1,1.7,4405,14800,14800
4,67,367,32,1157,13006,2,16,28,997,7.8,99199,93,38,17914,203,3.2,0.9,9327,32986,32986
4,39,387,86,1285,15309,1,12,51,1268,3.3,100061,102,38,17515,326,0.7,0.4,9034,35460,35460
1.5,19,152,21,377,5611,2,15,26,418,4.6,40016,36,25,7388,127,0.7,0.8,3282,11974,11974
3.5,48,323,41,886,13675,2,7,54,988,8.2,97566,105,54,17114,301,2.1,0.4,7748,29214,29214
1,11,106,9,276,3911,1,20,14,287,2.9,25266,26,14,4602,60,0.2,0.8,2226,8941,8941
2,19,214,4,622,6652,2,17,21,552,1.2,46462,50,30,9901,128,1.3,0.6,4468,16273,16273
1,2,83,11,276,3948,1,13,16,318,1,27612,25,15,4274,54,0.2,1,2122,8507,8507
2,3,212,2,621,7697,2,4,38,607,2.7,55777,44,30,9865,147,0.1,1.4,4507,14237,14237
3,38,233,67,888,9982,1,8,59,892,8.3,76579,73,47,14795,162,0.4,0.6,6730,21798,21798
3,22,375,70,984,9791,1,11,22,897,12.5,74097,78,32,14293,244,1.5,2.9,7058,26244,26244
0.5,3,63,10,130,1804,1,13,7,126,1.7,13378,13,4,2149,28,0.2,0.4,1130,4451,4451
3,30,271,6,968,11875,2,15,42,814,10.1,72311,90,30,14798,173,2.2,3,6635,23808,23808
2,12,252,38,555,6337,2,13,32,532,2.4,51228,52,27,9873,107,1.4,1.3,4483,16757,16757
4,51,389,72,1250,15059,1,4,32,1129,16.5,93375,84,56,17580,332,0.9,0.1,8990,30202,30202
2.5,21,291,9,684,7649,2,10,29,739,7.4,68664,61,23,12379,146,1.3,1.3,5803,18900,18900
1,6,121,13,290,3868,1,5,6,302,1.9,23370,26,14,4796,71,0.1,0.1,2239,7097,7097
2,29,232,38,460,7070,2,10,13,485,9.7,51857,48,24,8852,174,1.9,0.9,4351,16304,16304
3,18,336,62,816,11185,2,7,20,859,11.1,79237,89,41,12600,213,1.3,2.4,6362,26102,26102
2,17,246,53,483,6528,2,5,7,620,7.3,46546,41,34,9911,149,1.1,0.4,4299,16455,16455
1.5,10,149,15,400,4637,2,19,8,469,3.7,41595,41,18,7110,99,0.4,0.4,3222,10856,10856
3.5,17,363,75,888,11957,1,5,19,890,5.5,85025,87,48,16653,314,0.9,1.7,8272,27640,27640
1.5,25,117,0,477,5104,2,15,24,408,7,39898,40,16,6607,124,0.9,0.2,3444,11778,11778
2.5,6,195,26,752,7932,1,15,26,772,1.6,63190,67,38,11080,146,0.8,0.6,5896,20706,20706
4,65,369,91,1259,12659,1,10,65,1141,4.9,105075,82,64,17332,210,1.7,2.3,8687,34006,34006
2.5,27,238,33,730,8079,2,18,23,624,4.2,63357,53,29,11683,208,1.7,0.2,5622,18327,18327
1.5,23,120,42,457,5847,1,4,28,399,3.2,39511,37,16,6406,109,0.7,1.2,3269,12402,12402
1.5,12,172,42,348,5249,2,13,25,463,0.9,36506,33,14,7205,101,0.2,0.6,3448,12382,12382
3.5,47,376,96,956,12338,2,15,11,1056,14.9,92852,99,57,17032,206,1.6,0.9,7607,25525,25525
0.5,3,59,14,149,1884,2,11,8,140,0.5,12784,11,4,2195,28,0.2,0.2,1199,3717,3717
2,22,231,44,617,6026,1,8,24,537,4.8,55081,41,30,9791,134,1.1,0.3,4603,16334,16334
3,10,322,29,708,11393,2,19,30,777,3.1,78347,76,50,12628,268,1.9,0.1,6720,26582,26582
1.5,25,182,25,427,4866,2,14,21,362,3,40359,44,24,6421,104,0.6,0.9,3424,11626,11626
1,10,111,25,262,3800,2,13,20,284,3,25044,20,15,4473,73,0.2,0,2352,8397,8397
2.5,16,257,35,598,8793,2,10,30,647,9,62115,68,31,11033,172,0.8,1.6,5523,22239,22239
3,25,248,78,944,9538,2,11,39,843,12.5,72192,68,35,14784,237,1.9,1.9,6592,24733,24733
2,28,239,51,539,6957,2,6,34,543,5.5,52061,55,24,8731,175,1.1,0.1,4328,14922,14922
1,8,95,5,272,3810,2,20,8,279,1,23002,24,11,4583,82,0.1,0.3,2265,7801,7801
0.5,1,43,13,154,1652,1,11,10,136,2.2,12940,13,4,2394,35,0.3,0,1178,4370,4370
2.5,25,260,59,770,8930,1,20,46,687,12.3,67758,56,24,10607,186,0.9,1.2,5628,21399,21399
3,6,287,15,870,10876,2,8,9,722,12.4,74039,70,45,13995,215,0.8,2.8,6544,22597,22597
2,13,168,41,489,7426,2,16,31,640,5.7,47456,53,26,9512,110,1.4,1.4,4571,17194,17194
3,8,367,42,755,10214,1,20,43,754,8.9,70092,80,25,14434,188,2.1,2,6631,23928,23928
2,15,240,39,658,6102,1,13,36,540,6.9,47441,41,24,8460,105,0.5,0.1,4339,17992,17992
1,16,119,3,287,3750,2,11,15,283,2.6,26119,21,15,4771,63,0.7,0.6,2301,8206,8206
3.5,43,383,55,937,13841,1,17,51,977,4.8,82665,98,30,17110,278,3.3,3.4,7647,25577,25577
2,17,240,32,585,6877,2,5,12,558,9.2,51240,58,25,9880,169,1.8,1.2,4447,15127,15127
2,8,201,25,581,6941,2,11,24,561,5.2,50972,58,32,9076,119,1.1,0.2,4652,16789,16789
3,34,302,10,745,10960,1,5,12,936,7.4,74421,74,31,14614,154,2.7,2.7,7002,24541,24541
0.5,7,44,7,158,1988,1,17,7,127,1.5,11639,11,4,2166,38,0.3,0.1,1161,3526,3526
3,13,251,68,957,10528,1,20,39,726,10,69243,61,36,14012,159,1.2,0.5,6957,21058,21058
0.5,3,52,7,133,1619,2,18,9,149,1,13213,15,8,2341,26,0.3,0.4,1082,4290,4290
2,26,248,50,570,6728,1,13,17,632,4.3,55523,50,34,9337,162,0.7,0.8,4502,15599,15599
2,31,222,9,619,7171,1,11,16,545,5.8,52836,52,25,9275,130,1.2,1.7,4271,14684,14684
2.5,8,278,34,810,9313,1,9,19,794,12.3,58236,71,41,10982,199,2.1,1.4,5899,18557,18557
3,49,319,55,902,10364,1,18,55,957,6.1,70598,75,29,13333,180,1.5,1.7,6948,24543,24543
2,8,159,10,553,6857,2,14,38,521,6.1,47516,55,31,9358,149,0.1,0.9,4371,17191,17191
2,34,175,31,491,6441,1,4,40,586,3,50715,50,26,9198,175,0.2,0.9,4651,17726,17726
2,28,164,18,549,6109,1,17,38,572,3.3,49939,60,28,8865,125,1.4,1.1,4477,17523,17523
3.5,23,294,4,853,11545,1,13,42,1088,12.2,93879,97,34,16165,198,2.7,0.6,7616,30102,30102
2.5,25,262,54,625,8718,2,7,15,631,9.1,67568,73,29,12448,214,2,1.1,5489,20096,20096
2,5,203,45,621,6036,2,16,37,558,1.8,49810,56,24,9836,116,0.6,1.3,4428,15741,15741
2,32,248,5,478,7431,1,9,28,569,6.4,52091,44,33,9367,127,1.5,1.6,4718,17163,17163
1.5,9,171,43,412,5129,2,5,24,381,2.5,35846,39,12,6444,81,0.3,0.8,3479,12333,12333
1.5,25,133,27,392,4604,2,9,18,368,7.5,40361,32,15,6576,89,0.9,0.2,3330,11192,11192
1.5,3,173,22,473,5760,2,15,11,431,1.2,36716,36,23,7144,130,1,0.1,3492,10942,10942
3,50,285,15,932,11683,1,6,48,844,14.1,82895,76,49,13194,223,0.2,2.3,6690,23924,23924
2.5,27,284,63,740,8769,1,10,29,600,3.3,68046,52,36,11371,133,2.1,1.9,5736,18832,18832
2.5,23,239,24,812,9295,1,10,31,722,3.2,63246,68,36,11034,162,0.2,2.1,5501,17894,17894
2,13,196,10,553,6116,2,14,17,489,4,50019,58,23,8487,101,1.5,0.7,4741,17849,17849
3,41,264,17,818,9277,1,10,36,923,13.6,78279,86,31,14403,168,2.9,0.1,7161,21460,21460
1.5,16,144,41,441,5309,2,20,13,430,4.1,39417,32,12,7229,110,0.1,0.1,3506,13426,13426
2,13,185,32,527,6150,2,9,27,493,6.4,49399,57,24,9408,141,1.9,0.7,4352,17794,17794
1,10,84,11,245,3035,2,8,4,318,4.3,27404,29,10,4486,58,0.6,0.8,2114,8989,8989
3,15,257,75,985,11230,2,9,39,894,11.8,74978,82,29,13038,164,0.9,0.9,6824,26216,26216
3,40,333,13,834,11362,2,13,29,831,11,81034,80,40,14695,244,0.3,0.1,6345,23025,23025
3,41,340,82,794,9708,1,5,56,847,9.4,73294,81,49,13990,246,1.9,0.1,6676,21992,21992
2.5,33,231,1,739,9515,1,18,25,788,5.3,60459,65,32,10887,135,0.8,1.5,5268,21759,21759
1,5,88,23,286,3765,1,9,4,297,2.9,24607,29,12,4344,69,0.7,0.2,2324,7133,7133
0.5,5,39,2,116,1974,2,16,4,140,1.7,11631,13,6,2102,33,0.5,0,1124,4071,4071
3.5,49,377,98,978,13040,2,12,30,1049,9.3,90699,76,30,16397,299,0.6,2,7589,25063,25063
1.5,10,144,0,484,5078,2,11,7,430,3.6,39121,41,22,6814,82,0.7,0.2,3558,13108,13108
1.5,10,190,33,440,5908,1,9,9,471,7.2,40630,34,17,6544,126,1.5,1.3,3197,13353,13353
1.5,25,132,32,376,5036,1,12,20,478,1.3,40346,31,13,6954,118,0.9,1,3223,10506,10506
1.5,24,165,22,481,4936,1,6,23,413,4.1,38674,31,19,6377,100,0.3,1,3322,11786,11786
2,19,226,3,536,6303,1,20,33,569,9.9,54563,41,22,9696,108,0.6,0,4530,15532,15532
0.5,7,56,13,154,1600,2,10,9,136,2,11788,11,4,2275,36,0.3,0.1,1089,4372,4372
1.5,17,175,35,369,4541,1,20,27,466,2.7,35197,30,24,6976,120,1.3,0.7,3250,13030,13030
1,13,83,25,276,3201,1,15,8,296,2.1,25716,23,9,4803,85,0.3,1,2246,7939,7939
2,28,227,5,621,7011,2,20,34,637,2.4,54054,47,29,8565,132,1.7,0.7,4435,16802,16802
1.5,25,185,38,373,4598,1,13,7,456,1.9,39030,33,15,6555,115,0.1,0.6,3350,13404,13404
1.5,5,172,18,348,5777,1,11,11,447,3.1,40985,39,21,7175,97,1.3,1.2,3334,11716,11716
3.5,20,368,65,1076,12060,2,20,39,866,15.5,90737,79,58,16581,197,2.3,2.5,8025,31115,31115
2.5,34,193,69,735,8573,2,7,28,644,9.5,59048,74,31,12219,171,1.2,0.2,5749,18729,18729
1.5,9,181,29,491,4521,2,20,19,461,1.2,34907,32,13,6837,80,0.4,0.9,3487,12603,12603
2,21,159,2,650,6095,2,20,19,612,7.6,47656,59,23,8867,146,1.5,1.2,4375,15833,15833
1.5,15,178,11,475,4928,2,7,13,403,2.3,39335,41,14,6608,85,1,1.2,3299,12480,12480
0.5,6,55,5,141,1883,2,18,4,130,1.2,12511,13,6,2499,42,0,0.2,1132,3925,3925
2.5,23,260,67,757,8025,1,8,19,796,10.1,60337,65,35,11544,219,2.5,0.6,5421,18042,18042
0.5,1,54,4,153,1657,2,12,8,120,0.4,13029,12,5,2211,28,0.1,0.1,1164,4048,4048
1.5,15,155,26,360,4610,1,8,18,436,5.3,36523,44,20,6335,105,0.7,0.7,3370,12303,12303
3,25,296,47,723,9972,1,4,51,840,2.9,79899,85,48,14782,230,2.8,2.7,6849,23725,23725
1.5,15,178,12,362,5689,2,4,18,369,4.1,37293,38,16,7193,103,0.2,0.3,3280,13376,13376
4,29,473,97,983,12864,1,17,60,974,18.3,99800,92,61,18231,267,1.5,0.1,9144,30115,30115
1.5,14,136,11,482,4762,1,12,15,469,4.4,34761,33,20,6807,119,0.8,1.3,3503,13150,13150
3.5,25,361,41,820,12152,1,6,11,908,8.6,86753,70,29,14810,309,0.9,1,7377,26396,26396
1.5,9,141,18,391,5320,2,16,10,392,2.8,36169,41,14,7101,85,1.3,0.8,3416,11101,11101
2.5,17,311,51,708,8866,2,11,41,627,3.9,58238,64,23,11161,140,0.7,0.2,5500,22464,22464
1.5,24,176,36,396,5463,1,9,27,395,4.5,36018,38,23,7060,131,0.9,1,3154,12798,12798
3,42,250,20,973,9016,2,8,13,868,14,72751,64,27,14023,221,1.3,1.4,7012,26401,26401
3,37,346,75,775,11590,1,15,28,866,3.2,83277,68,41,12854,267,0.8,1,6666,22426,22426
4,13,505,91,1305,12487,2,14,46,1224,2,107565,112,55,18238,355,3,0.9,9374,33885,33885
3.5,18,440,35,1054,13347,1,5,66,855,14.4,96941,86,28,15337,257,2.9,0.2,8153,28181,28181
1,8,100,5,292,3845,1,4,6,241,1.4,27175,27,11,4312,75,0.5,0.4,2315,7937,7937
1,4,119,9,296,3306,2,16,6,238,1.9,27453,21,14,4357,76,0.6,0.6,2265,7011,7011
1.5,6,145,35,450,4509,2,8,10,414,3.5,35396,33,18,7172,122,0.1,0.2,3320,11655,11655
2,2,241,15,475,7916,2,16,21,596,9.8,55665,52,30,8847,107,0.3,1.2,4440,14941,14941
0.5,6,48,6,143,1919,2,18,6,122,0.5,13913,12,8,2213,38,0.3,0,1091,3516,3516
2,17,195,9,478,6803,2,8,20,571,3.8,54841,52,33,9433,117,1.2,1.4,4788,17364,17364
0.5,8,44,13,126,1520,2,5,6,142,1.3,12464,13,8,2148,36,0,0,1122,4061,4061
4,5,415,17,995,13992,1,18,47,1121,6.6,96920,118,35,17149,225,1,2.4,9158,33974,33974
1,7,97,27,302,3833,1,10,20,299,1.6,24394,25,9,4622,81,0.4,0.9,2376,7397,7397
3.5,54,417,26,1108,12568,2,16,39,914,11.9,88512,79,56,16554,223,2.8,1.6,7851,27394,27394
3,15,338,24,698,11256,2,5,43,930,11,82544,85,41,13395,191,0.9,0.8,6492,26779,26779
2,18,209,54,557,6301,1,14,28,530,8.8,51173,54,31,8685,151,1.2,0.9,4203,15948,15948
1,11,93,2,231,3050,1,14,19,262,4.7,24416,21,11,4822,83,0.8,0.5,2146,7873,7873
1,11,115,8,288,3802,2,13,7,259,4.1,23329,23,12,4554,51,0.4,0.3,2334,7996,7996
1,13,90,21,296,3112,2,7,16,293,0.6,27101,29,15,4445,65,0.7,0.3,2148,8445,8445
2,20,177,18,512,6286,2,13,14,496,1.7,55286,47,18,8893,106,1.6,0.5,4681,15762,15762
2,21,190,16,590,7908,2,19,33,524,5.8,54854,42,33,9864,129,0.9,0.3,4317,14671,14671
3,32,348,10,719,9241,1,18,56,759,13.7,72329,64,31,13497,152,2,0.8,6668,25195,25195
2.5,24,197,35,738,8185,1,4,25,677,2.4,60528,61,38,10979,181,0.8,2.3,5394,22399,22399
3,36,358,86,740,10349,2,14,12,924,4.2,73955,80,32,14816,201,0.6,1,6584,22619,22619
2.5,40,286,21,761,9738,2,14,46,630,1.3,58273,53,40,11510,161,2,0.8,5857,20583,20583
4,18,403,13,1283,12931,1,16,56,1072,17.5,100747,94,41,18482,327,3.7,3.3,9349,35130,35130
1.5,14,148,31,490,5095,1,16,11,413,4.8,36041,31,19,6402,124,0,0.5,3393,11287,11287
2.5,5,283,45,782,8117,1,12,9,790,2.7,68321,70,34,11384,206,0.1,1.3,5962,20662,20662
2.5,11,196,20,768,9811,1,13,48,715,9.4,69546,52,31,11188,196,2,1.7,5824,17526,17526
3,26,321,62,937,11871,2,17,38,835,4.1,76104,84,37,13838,166,2.1,1.6,7062,22673,22673
1,2,108,14,240,3949,2,11,6,284,2.4,23814,29,17,4729,83,0.3,0.5,2253,7630,7630
1.5,15,169,9,381,5351,2,4,21,464,2.7,37366,43,18,6863,116,0.7,1.3,3493,10783,10783
2.5,6,261,17,617,7682,2,14,10,644,6.4,65319,74,41,10896,206,1.5,1.2,5988,18897,18897
2.5,10,221,28,681,8627,2,4,35,636,5.5,67242,71,33,11500,209,1.6,0.2,5684,21401,21401
2,5,219,55,572,7297,1,4,36,519,9.3,54883,55,19,9300,120,0.3,1.6,4784,14398,14398
2.5,36,197,72,721,8951,2,10,28,768,4.2,67370,66,30,11718,129,2.2,0.7,5893,21890,21890
2,9,155,16,603,7757,1,19,20,547,9.1,55650,45,24,9279,161,1.2,1.1,4440,15420,15420
3,5,266,57,852,10524,1,13,19,914,10.5,69657,72,42,14099,249,2.6,2,6828,23926,23926
1.5,11,130,18,452,5461,1,9,11,380,6.9,35223,33,19,7179,118,0.3,1.1,3259,12896,12896
1,1,124,3,247,3985,1,7,17,307,3,23610,27,15,4916,63,0.9,0.8,2294,8840,8840
2.5,32,315,50,628,8693,1,12,47,720,9.2,67681,66,27,11743,157,1.6,0.5,5266,19426,19426
1.5,8,143,27,403,5600,2,11,21,476,5.6,39857,32,18,6849,100,0.6,1.5,3586,11440,11440
3,49,290,57,701,10156,1,14,23,872,7.3,69872,86,42,14518,223,1.7,1.9,6500,22202,22202
2,5,242,16,524,6902,1,20,36,632,9.1,53988,50,31,8845,108,1.5,1,4377,14112,14112
1,14,83,6,252,3828,1,7,6,288,3,25146,24,13,4249,67,0.5,0.1,2183,8534,8534
2,9,239,19,534,7636,2,17,9,497,2.6,55716,53,34,8813,139,0.2,0.7,4622,15819,15819
3,21,256,17,744,9062,1,8,55,853,2.3,81597,65,46,14842,182,1.3,1.3,7136,23037,23037
1,2,115,1,248,3962,1,5,17,318,4.3,26299,25,14,4998,63,0.3,0.1,2101,7830,7830
1.5,17,144,13,443,4731,2,10,7,461,4,41381,31,17,6550,115,1.2,0.2,3520,12840,12840
0.5,5,46,11,132,1518,2,16,6,158,0.6,12419,15,8,2165,29,0.1,0.3,1179,4288,4288
3,11,275,40,860,9541,2,5,23,925,5.2,79553,65,47,14139,209,2.1,2.8,6339,21846,21846
1.5,7,120,43,366,5062,2,14,17,399,1.1,38644,32,22,6728,113,1.2,1,3492,13266,13266
1,16,122,22,292,3129,2,10,4,292,4.5,24738,21,10,4255,60,0.7,0.3,2342,8727,8727
0.5,2,52,6,147,1574,2,12,2,131,1,12491,10,8,2412,35,0.3,0.3,1074,3999,3999
2.5,3,207,9,737,8484,2,11,30,601,6,67559,61,24,11280,157,2.1,0.5,5390,20717,20717
3.5,57,417,43,971,10774,2,18,50,1114,14.6,91907,92,45,15735,190,0.4,1.6,7409,29235,29235
1.5,15,138,35,459,5392,2,20,27,387,6.8,39269,32,24,6461,85,0.7,0.1,3242,12528,12528
1.5,22,149,25,459,5701,1,19,29,452,2.1,34791,34,20,7434,78,1.3,0.2,3300,10780,10780
2,13,201,5,521,6493,2,6,22,479,8.7,55402,46,22,8946,128,0.9,1.4,4582,14731,14731
3,7,331,73,886,10700,2,15,41,809,11,81538,90,36,13901,202,2,0.3,6535,26973,26973
4,7,459,95,1306,12348,2,19,38,957,2.8,107884,83,36,18612,207,3.6,1.4,9162,33775,33775
2.5,35,261,69,650,9755,2,9,28,682,3,63930,56,22,11854,152,2.3,2.2,5451,19445,19445
2,29,180,2,648,6258,2,4,11,521,9.6,55525,54,29,9649,157,1.4,1.9,4677,16143,16143
1.5,2,188,13,445,5483,2,14,12,370,4.7,38938,44,24,6590,123,0.8,0.4,3548,12914,12914
2.5,18,223,7,652,8758,2,17,41,654,4.4,64788,69,25,11917,127,1.3,2,5879,20398,20398
1,16,88,28,252,3593,2,11,14,282,4.8,24216,24,16,4623,90,0.9,0.2,2264,8618,8618
3,15,270,72,812,10462,1,7,15,749,13,69619,83,45,13105,215,2.4,0.1,6779,23744,23744
2,31,218,45,571,7414,1,11,10,544,6.5,48260,43,23,8810,112,0.4,0.2,4207,16823,16823
1.5,3,167,3,368,5161,1,20,25,452,1,37764,43,17,7154,115,0.3,0.3,3460,11510,11510
4,46,405,57,1270,14665,1,17,79,1096,4.7,102348,112,68,19472,273,1.3,1.3,9529,28455,28455
2,24,196,55,643,6450,2,18,32,556,8.4,49495,51,31,8975,125,1.2,0.5,4355,15447,15447
0.5,1,56,11,154,1785,2,20,7,139,1.8,13767,15,5,2201,30,0.4,0,1167,3563,3563
1.5,5,141,10,393,5666,2,18,21,398,5.8,39865,43,20,6932,106,0.3,1.4,3538,12477,12477
1.5,24,157,40,456,5583,1,20,6,474,2.3,38857,40,15,6670,119,0.5,0.1,3575,10771,10771
3,37,285,9,806,10626,1,9,59,835,3.6,72893,67,28,13522,259,1.7,1.8,6416,25531,25531
3.5,32,363,32,1124,13328,1,18,70,844,3,85624,104,33,17236,235,3.4,0.1,7800,31255,31255
1.5,6,148,23,393,4816,2,14,18,407,6.9,40054,34,15,7466,81,0.3,0.8,3479,12515,12515
2,27,233,36,543,7878,1,12,26,639,3.4,50620,54,17,9940,126,0,0.9,4328,16525,16525
3.5,29,307,3,922,12182,1,16,67,887,15.2,95003,71,37,16956,193,0.2,2.9,7685,30878,30878
1,6,92,26,311,3666,1,5,11,259,1.2,24258,28,15,4651,70,0.2,0.3,2318,7154,7154
1,13,103,18,271,3101,1,14,16,301,5,23960,22,10,4405,64,0.8,0.4,2100,8045,8045
2.5,38,239,50,670,9691,1,18,21,720,4.1,64079,62,23,11992,175,0.8,1.2,5639,17856,17856
2.5,21,244,33,788,9316,2,15,14,612,1.6,62264,56,34,10894,135,1.1,2.2,5723,21074,21074
2.5,12,275,52,790,9771,1,17,26,616,7,65754,68,20,10890,203,0.8,0.8,5834,20689,20689
3,36,313,56,862,9050,2,13,48,740,7.8,83867,89,37,14675,181,1.2,0.7,6967,23419,23419
1,4,81,8,252,3834,1,6,9,239,0.8,25391,24,15,4699,78,0.8,0.8,2163,7142,7142
0.5,8,54,12,143,1557,1,7,2,137,0.9,13889,11,4,2317,35,0.2,0,1160,3595,3595
1.5,19,179,43,488,4573,1,18,20,426,1.1,35802,38,22,6871,112,0.4,0.2,3189,13331,13331
2.5,4,272,10,744,7852,2,19,40,725,10.7,69530,63,38,11571,142,2.3,0.8,5753,21127,21127
1,13,103,29,248,3031,1,15,19,246,3.2,26681,27,10,4301,68,0.6,0.4,2164,7910,7910
3.5,27,376,59,1004,11050,2,5,24,1115,10.9,91993,84,33,15502,304,2.6,3,7951,31103,31103
1.5,12,138,18,362,5955,2,19,5,396,6.8,36842,32,17,6805,113,0.4,0.7,3577,12961,12961
1,5,121,23,329,3262,2,15,15,245,2.6,23457,29,14,4568,78,0.4,0.3,2135,7392,7392
1,15,111,26,265,3236,2,9,13,286,2.3,24140,21,12,4582,66,0,0.8,2127,8165,8165
2,33,193,41,491,7448,2,7,18,627,6.4,55966,52,22,9122,122,1,1.5,4647,17451,17451
2.5,28,250,14,789,9523,1,6,43,771,9.5,60449,68,29,11894,219,1.8,0.6,5856,21265,21265
1.5,13,143,39,368,4819,2,13,13,431,5.2,34505,30,14,6731,119,1.4,1.1,3251,11119,11119
1,6,106,25,308,3224,2,20,19,293,4.8,26280,25,13,4571,50,0.5,0.4,2157,7190,7190
2,30,242,6,555,7312,2,10,19,550,9.7,48011,52,22,8532,130,1.1,0.2,4753,16552,16552
4.5,26,398,84,1348,15992,2,14,68,1410,7.3,107844,112,51,21290,301,3.7,3.4,10201,35831,35831
2.5,15,222,47,625,8354,1,5,47,734,9.1,58869,63,25,10704,215,2.2,2.1,5327,20065,20065
2,14,220,55,557,6621,1,16,32,542,9.9,53400,45,21,9155,126,0.5,1.9,4215,16710,16710
1.5,25,178,30,360,5726,2,11,6,358,0.8,37986,32,24,6543,122,0.5,0.4,3547,11521,11521
0.5,1,58,5,151,1848,2,19,5,138,1.4,12569,13,7,2256,27,0.3,0.3,1082,4425,4425
1.5,18,173,24,479,5847,2,17,28,480,3.2,40209,33,23,7137,85,0.6,0.8,3479,11153,11153
2.5,7,311,65,776,9162,2,11,32,756,2.6,69682,62,22,11532,209,2.2,1,5461,21167,21167
1,6,116,7,285,3216,2,17,6,302,2.5,24458,30,13,4517,81,0.5,0,2241,8705,8705
1.5,10,170,43,448,4894,1,6,27,416,2.3,40494,45,14,6355,89,1.1,0.9,3505,11671,11671
1.5,7,123,29,403,4604,2,5,17,429,6.9,38412,35,23,6392,127,0.1,0.1,3183,13445,13445
0.5,1,42,4,154,1983,2,19,8,153,1.7,12130,12,5,2310,41,0.2,0.1,1141,3694,3694
3,44,232,60,829,9244,2,20,36,934,7,74614,74,31,14416,172,0.5,2.8,6997,26182,26182
1.5,14,160,11,451,5550,2,4,26,479,5.7,35200,41,24,7265,130,1.4,0.8,3573,12510,12510
2,4,210,12,502,7568,1,14,38,565,5.9,55264,53,30,9146,115,1.1,0.1,4361,14280,14280
3,19,359,82,972,11187,1,14,37,869,6.7,81638,78,33,12974,220,1.5,2.9,6882,26862,26862
1.5,17,124,43,348,5971,2,5,21,450,1.4,41807,39,18,7253,125,1.5,1,3501,11852,11852
1,1,95,25,286,3242,1,20,11,276,1.4,24109,20,17,4796,86,0.1,0.8,2375,8266,8266
2.5,31,242,13,819,8124,2,19,45,719,4.5,68532,68,31,11165,138,0.5,2.5,5923,22186,22186
1,12,100,21,273,3633,2,20,3,238,2.7,24037,24,16,4827,53,0.9,0.7,2193,7539,7539
2.5,13,249,13,771,9842,1,5,11,710,2.3,62285,74,38,10941,197,0.5,2.2,5776,18613,18613
3,37,366,19,704,11771,1,12,35,803,11.9,83156,60,37,14676,253,2.2,0,6975,22194,22194
1.5,16,121,8,485,5114,1,20,29,361,5.1,37158,36,22,6492,83,1.1,0.9,3275,13014,13014
2,8,224,25,588,6471,1,20,33,614,4.9,51426,45,31,8894,140,0.7,1.2,4491,16646,16646
2,7,171,38,527,6415,2,15,30,543,9.4,53048,55,20,9656,140,1.8,1.3,4212,17776,17776
2,8,164,36,631,6061,1,14,17,539,4,53940,58,27,9119,157,1.5,0.4,4201,17635,17635
1.5,3,175,36,477,5328,2,5,14,420,5.7,41342,34,21,6796,77,0.7,0.3,3383,12526,12526
2.5,20,275,21,694,9482,2,11,44,793,6,59334,56,25,11323,200,1.9,1,5620,19550,19550
2,34,252,11,637,6585,2,4,15,633,9.9,54037,45,27,9335,118,0.2,1.6,4733,14072,14072
2,7,168,20,628,7756,2,20,8,552,2.3,51903,51,21,9711,147,1.9,1.2,4747,17509,17509
3,34,328,69,840,10714,1,11,20,953,4.1,69781,89,50,13263,204,2.1,0.5,6424,21091,21091
1.5,25,166,31,455,5608,1,8,29,403,6.9,35906,36,24,7301,123,1.5,0.9,3279,11315,11315
0.5,7,42,13,145,1901,1,10,7,134,1.8,13964,14,6,2392,28,0.5,0.3,1113,3748,3748
2.5,31,251,51,579,9606,1,18,30,674,1.7,62241,59,21,11898,173,0.6,0.2,5386,21275,21275
1.5,14,135,10,432,5859,2,16,15,417,3.2,35268,34,17,6441,120,0.2,0.6,3245,11795,11795
1,14,117,11,316,3493,1,13,6,288,3,26052,23,12,4746,85,0.7,0.3,2232,7693,7693
3,47,337,43,923,10702,1,14,42,838,8.9,72642,70,31,13534,245,3,2.2,7013,25119,25119
2,4,172,6,605,6085,1,6,8,523,1.9,52806,53,29,8942,159,1.4,0.6,4210,17804,17804
1,3,84,14,232,3751,2,13,19,298,4.5,24185,21,10,4946,83,0.5,1,2110,8028,8028
1.5,2,170,20,375,4909,2,6,12,392,2.3,36125,34,22,6423,101,0.8,0.6,3218,12920,12920
2.5,3,302,35,586,9022,1,10,39,737,9.7,61364,75,24,12121,141,1.1,2.2,5835,17895,17895
2,32,178,10,611,6712,2,11,8,524,3.1,49357,55,20,9222,171,1.2,1.2,4476,16589,16589
1.5,9,163,16,428,5359,1,5,26,457,2.8,40664,36,24,6786,115,1.3,1.3,3238,12628,12628
1.5,14,179,9,457,5712,1,8,24,445,6.1,37543,37,18,6557,129,0.9,0.3,3281,10514,10514
2.5,18,232,35,719,8794,1,15,36,613,7,61346,53,35,11386,146,1,1.4,5844,21511,21511
2.5,34,261,37,619,8643,2,6,8,788,10.7,62705,71,30,10821,222,0.6,2.2,5882,22427,22427
1.5,12,118,12,409,5736,2,7,10,478,3.7,36705,32,23,7303,83,1.3,1,3538,13073,13073
3,39,367,32,973,9921,2,10,39,911,15,79257,69,33,14558,179,1.5,1.2,6734,24440,24440
2.5,3,244,71,708,9775,2,8,39,651,8.4,62151,63,38,12050,170,1,0.5,5656,18457,18457
2.5,18,296,16,761,8971,2,20,47,691,2,68433,52,34,12054,138,0.7,1.1,5342,18462,18462
1.5,23,172,35,447,5982,2,5,10,452,6.9,35506,31,23,6318,111,0.8,1.1,3233,12888,12888
2.5,16,252,25,583,8952,2,15,20,695,4.2,68191,66,33,10862,138,1.3,1.4,5707,17918,17918
1.5,8,182,10,386,5323,1,7,9,369,6.3,41330,40,16,6582,131,0.5,0.5,3465,12002,12002
2,5,215,21,499,6705,1,18,31,637,3.6,51737,52,29,9350,127,1.7,1.4,4779,17187,17187
3,45,340,46,933,10173,1,15,34,790,10.7,80325,89,25,15000,221,2.8,2.3,6839,23274,23274
2,15,238,51,621,6272,2,18,23,607,5.5,51028,45,31,9352,178,1.5,0.4,4634,17873,17873
2,13,217,15,492,7967,2,7,27,529,4.7,48781,57,26,9995,111,0.9,0.5,4298,15409,15409
2.5,14,312,65,806,8899,1,4,31,634,7,68569,67,35,12487,189,1.7,1.5,5998,21654,21654
2.5,36,202,9,597,8323,1,15,39,758,4.5,64855,56,40,12369,179,2.2,2.4,5527,22079,22079
4,50,346,89,1278,14949,2,18,27,1216,19.6,108971,119,33,17582,288,1.7,3.3,8514,33318,33318
3,9,237,53,863,9677,2,7,54,823,5,80508,79,29,14981,233,2.5,1.2,6333,24902,24902
1,10,98,19,241,3333,2,18,5,249,3.7,26501,28,17,4631,64,0.8,0.5,2305,8991,8991
4.5,33,507,93,1083,13621,2,8,14,1153,8.9,108676,119,70,22101,238,1.5,3.9,9686,40250,40250
2,27,202,57,478,7810,2,14,17,631,5.3,47485,52,32,8470,142,0.3,0.8,4531,16714,16714
4,31,322,10,1286,15655,1,6,44,1077,15,101857,118,67,18718,269,0,1.7,8677,29395,29395
1,9,87,17,270,3433,1,15,12,253,1.3,24080,23,9,4642,76,0.9,0,2156,7160,7160
1,14,102,11,272,3037,1,14,17,309,1.9,27394,26,10,4467,53,0.8,0.8,2299,8480,8480
1,6,88,20,262,3565,2,5,10,252,0.7,27881,24,13,4512,74,0.2,0.9,2202,7876,7876
1,1,109,12,266,3779,1,20,12,307,2.3,24888,28,16,4635,72,1,0.1,2155,8788,8788
3,44,312,69,860,10154,2,16,21,873,8.2,73350,82,47,12825,250,0.5,0.2,6366,26162,26162
3,18,258,35,805,11670,2,12,26,943,12.8,72553,75,33,14825,152,1.3,2.4,6823,23138,23138
4,18,364,59,960,15931,2,20,32,1109,13.2,101854,87,65,19305,249,2.7,0.8,9584,31825,31825
2.5,15,281,53,645,9148,1,13,28,596,2.8,68795,59,42,11296,222,2.4,1.5,5388,17543,17543
1,15,104,12,303,3429,1,14,7,316,1.9,27427,25,10,4564,80,0.1,0.5,2248,8908,8908
2,11,209,9,539,7079,2,13,14,519,3.4,50859,46,23,9695,124,1.8,0.9,4609,15819,15819
2.5,6,317,67,737,9340,2,19,19,657,7.1,59268,59,24,11962,184,1.6,1.2,5328,17567,17567
3,28,238,72,729,11377,1,9,22,791,2.8,75740,76,25,12821,181,1.3,2.8,6951,23392,23392
1,4,119,8,255,3049,1,20,17,276,0.8,23279,29,15,4686,73,0.8,1,2321,7086,7086
2,2,206,6,615,6422,1,17,15,512,2.9,46668,55,32,9461,114,1.9,1.5,4567,14780,14780
3.5,54,441,34,998,10816,2,9,18,1119,13.9,94256,72,57,16596,264,0.9,1.4,7905,28313,28313
1.5,10,157,17,370,5812,2,11,25,450,4.3,41687,44,17,7486,104,0.2,0.7,3404,13159,13159
1.5,13,152,17,387,4997,2,15,8,474,5.6,40403,38,16,6345,102,0.4,0.7,3210,10844,10844
1,5,103,2,299,3808,2,18,14,318,3.9,23255,29,17,4520,74,0.3,0.6,2296,8176,8176
2,3,204,51,651,7725,2,20,36,525,5.3,55751,40,19,8709,132,0.4,1.5,4638,14611,14611
4.5,52,442,10,1230,14346,2,7,56,1433,2.9,107246,123,42,20391,361,4,1.5,9501,37641,37641
0.5,7,44,11,158,1570,2,11,3,121,0.7,13842,10,5,2336,32,0.1,0.1,1075,4184,4184
1,15,97,21,321,3148,1,5,17,239,4,27901,21,17,4372,78,0.6,1,2162,7516,7516
1,10,88,15,308,3830,1,12,13,269,2.7,25070,22,12,4399,90,0.5,0.3,2271,7556,7556
2,11,200,32,604,7294,1,20,21,484,8.4,47376,42,26,9905,151,1.4,1.1,4538,17520,17520
2,19,240,8,618,7888,2,12,12,526,8,55410,55,32,9450,123,0.9,1.5,4366,14581,14581
1.5,11,157,1,486,5510,2,12,8,393,5.4,37821,37,21,6309,125,0.9,0.5,3209,12728,12728
1,13,80,22,253,3136,1,4,6,262,3.4,27526,24,11,4713,89,0.8,1,2260,8610,8610
1.5,12,173,35,462,4707,1,9,15,451,5.6,37731,43,13,7217,116,0.5,0.3,3346,11737,11737
2.5,40,283,65,670,9169,1,9,32,705,3.2,58154,53,39,11418,165,0.6,1.5,5900,19035,19035
2,10,250,53,618,7115,2,19,37,522,2.6,54903,45,24,8903,147,0.2,0.5,4673,17796,17796
1.5,20,181,6,474,5899,2,9,18,396,6.4,35805,32,24,7309,123,0.1,0.4,3357,11166,11166
2.5,22,232,26,746,7884,2,8,26,660,10.3,69402,63,23,12182,202,0.4,0.9,5296,18743,18743
1,4,86,12,237,3949,2,17,19,294,2.7,26916,28,16,4955,67,0.8,0.5,2387,7722,7722
3.5,42,342,90,1114,11416,1,12,31,899,8.2,95797,90,52,15725,194,2,0.4,8008,29262,29262
2.5,18,225,24,731,9641,2,13,8,647,7.7,60650,57,25,12456,132,2,2,5583,21090,21090
2.5,5,203,31,695,9262,1,17,8,661,2.4,60174,74,34,10687,153,1.6,2.4,5851,19208,19208
2.5,14,288,65,752,9104,1,15,30,662,2.1,61477,72,28,11175,167,0.8,1.1,5567,21364,21364
2.5,18,205,17,720,9515,2,4,40,658,6,64390,51,42,10712,220,0.5,1.9,5907,19815,19815
2,4,242,29,606,7390,2,19,26,531,1.2,52377,58,18,9451,118,0.4,0.8,4278,14397,14397
1.5,20,174,40,439,5759,2,13,8,378,2.5,35992,35,19,7037,118,1.2,0.6,3299,12574,12574
0.5,6,58,6,152,1777,1,17,6,127,0.7,13224,13,6,2175,43,0.1,0.4,1077,3938,3938
3,16,309,42,790,9297,2,4,11,942,5.8,77216,85,42,12664,242,1,2.5,6983,25473,25473
1,9,102,24,318,3864,1,12,14,265,1.5,27118,22,8,4327,50,0.3,0.5,2295,8890,8890
3.5,7,279,100,1140,12160,1,10,47,885,1.9,87990,74,55,15526,311,1.1,0.5,8230,29643,29643
3,24,324,13,985,9348,2,9,26,955,10.4,75591,65,29,13246,243,2.8,1.3,6892,24430,24430
1,11,101,8,254,3182,2,12,11,289,2.8,25976,22,9,4811,56,0.9,0.9,2101,7993,7993
4,16,486,53,1242,15230,2,7,14,1114,17.4,99903,100,37,18333,341,3.4,1.1,9398,33982,33982
2,26,159,39,485,7807,1,7,40,538,5.2,55577,45,33,9103,166,0.7,0,4233,14040,14040
2,28,201,14,655,6737,2,13,7,478,5.7,51607,48,24,8711,159,1.9,1,4614,16948,16948
2.5,5,287,64,700,7639,1,5,28,740,11.8,64377,60,34,11089,189,2.4,2.2,5631,19542,19542
1,3,77,17,304,3251,1,10,4,320,4.9,27157,24,15,4437,77,0.3,0.4,2247,8207,8207
1,11,114,20,306,3512,2,13,4,243,0.7,23375,24,13,4979,60,0.2,0.8,2221,7027,7027
2.5,40,226,30,593,9322,2,4,19,650,6.2,59010,70,30,12120,143,1.1,1.1,5259,22285,22285
2,27,214,56,636,7562,1,11,39,590,3.8,55697,56,25,9867,103,1.9,0.8,4798,17791,17791
2.5,6,238,63,687,8685,1,11,25,686,6.9,61481,59,29,11829,175,1.6,1.9,5537,19097,19097
2,23,235,49,528,6180,2,18,32,557,2,52990,44,19,9995,107,1.2,0.2,4462,16916,16916
2,15,188,9,643,7355,2,8,9,477,4,52174,51,25,8437,151,1,1.5,4685,14778,14778
0.5,8,55,11,129,1978,2,9,4,130,2.3,11679,11,8,2187,26,0.5,0,1135,3513,3513
2,28,173,16,599,7287,1,19,22,503,7.8,46596,44,22,9931,129,0.5,0.6,4284,17345,17345
2,22,209,28,536,6814,1,8,23,507,9.1,51921,46,29,9436,176,1.8,0.4,4562,16193,16193
2,14,188,21,513,7950,2,12,14,477,4.7,49799,53,32,9617,155,1.9,0.6,4615,15840,15840
3,32,291,61,981,11759,1,13,26,836,2.5,77372,79,40,13551,218,0.9,1,6363,26132,26132
3,25,336,57,737,10839,2,15,58,783,9,81676,69,49,14127,255,2.8,1.5,6460,23683,23683
1.5,12,182,23,418,5404,2,11,11,465,2.8,37919,42,15,7452,103,0.9,0.1,3568,11447,11447
2.5,21,194,9,750,9146,1,4,9,602,2.6,61445,74,30,10936,213,1.1,0.6,5767,22497,22497
3.5,57,408,8,1135,10567,1,17,68,1077,16.7,93417,70,28,14715,294,0.8,1.1,8323,30808,30808
1,6,96,7,246,3920,1,16,7,313,3.5,26022,28,16,4268,83,0.6,0.6,2159,7874,7874
3.5,47,372,65,874,10994,2,15,37,1117,12.3,80650,73,58,15842,310,0.2,3,8354,30786,30786
1.5,19,137,41,384,5273,1,6,28,445,6.9,34843,34,16,7251,77,0.6,0.9,3260,13376,13376
0.5,6,44,6,161,1942,2,20,2,122,2.5,13029,14,8,2426,44,0.4,0.1,1191,4108,4108
1,13,78,13,323,3754,2,18,16,293,2.8,25701,29,13,4849,54,0.8,0.8,2384,8156,8156
1.5,10,163,13,383,5788,1,14,22,371,4.9,35476,43,21,6378,87,0.2,0.2,3337,12328,12328
2.5,18,225,2,602,9418,2,18,17,722,2.1,68214,61,23,10597,162,0,1.3,5436,19974,19974
2,30,184,9,630,6976,1,9,15,621,2.3,54442,47,21,9751,103,0.6,1.6,4513,15626,15626
2.5,4,268,28,734,9276,1,14,40,683,5.6,67133,71,34,11905,133,1.2,1,5786,20167,20167
1,3,112,4,329,3002,1,15,15,259,4.2,25292,21,9,4636,84,0.7,0.6,2311,7793,7793
1.5,17,127,31,456,4628,2,9,10,449,1.2,35077,45,17,7135,96,0.2,0.9,3426,12814,12814
1,7,91,11,292,3264,2,14,8,281,2.1,27314,27,9,4463,52,0.4,0.7,2147,7534,7534
0.5,6,57,10,135,1916,1,17,7,127,0.8,12350,11,6,2456,32,0.4,0,1116,3886,3886
1.5,3,146,15,481,5981,1,5,29,363,6.4,38646,33,25,6524,102,0.9,0.5,3408,13130,13130
2.5,8,293,50,768,9819,2,11,39,798,11.8,57574,51,26,10965,180,0.7,1.5,5418,20743,20743
0.5,7,57,1,124,1576,2,14,8,121,2.3,13575,10,6,2381,40,0.2,0,1128,3885,3885
4,25,371,95,1097,15281,2,9,49,1216,10.3,97166,81,60,17854,238,2.1,1.1,9523,30925,30925
2,14,176,34,632,6803,1,13,23,593,3.2,53753,44,24,8911,111,2,0.6,4379,17268,17268
1,11,91,12,302,3280,1,15,4,314,1.6,24080,29,16,4502,63,0.3,0.7,2166,7424,7424
2.5,27,220,72,581,7894,1,11,49,709,5.1,63415,62,22,11337,222,0.5,1.9,5525,19598,19598
1.5,14,140,3,374,4682,1,19,5,427,5.3,38606,39,20,6617,98,0.5,0.7,3366,13279,13279
2.5,42,256,52,631,8883,2,7,16,672,12.4,64806,61,40,12181,149,0.4,1.5,5483,20944,20944
2,7,249,9,550,7625,2,4,7,592,6.7,48937,56,28,8676,161,1.5,0.5,4268,15846,15846
1.5,6,150,14,491,5333,2,9,28,428,3.3,36513,44,13,6341,105,1.1,1.2,3402,13123,13123
2.5,33,294,9,700,9715,1,18,43,734,5.7,62066,60,37,11319,147,0.3,1.1,5447,22108,22108
2.5,12,195,13,615,7619,2,6,13,641,10.2,60051,67,35,10614,195,0.7,1.9,5531,18430,18430
1.5,12,116,21,434,4618,2,9,21,372,4.8,35098,39,14,6512,86,1.4,0.5,3335,12788,12788
1,5,127,4,237,3630,2,5,16,269,2.2,26563,26,14,4887,74,0.3,0.3,2157,7423,7423
1.5,6,132,35,424,5782,2,20,7,396,5.7,38763,39,22,6871,115,0,0,3227,13486,13486
1.5,16,124,13,362,5039,1,8,16,413,6,35927,36,13,7174,77,0.4,0.9,3497,11218,11218
2.5,17,230,62,775,8053,1,15,40,768,6.5,58857,51,25,12258,184,1.6,1.5,5363,19892,19892
0.5,4,49,5,153,1535,1,14,9,129,2,12150,11,6,2358,25,0.5,0.1,1129,4376,4376
3.5,19,299,15,827,11506,1,8,60,1117,14.3,95445,99,55,16646,300,2.4,3,8109,25778,25778
3,36,310,44,941,10954,2,8,39,763,10.2,73741,61,30,13079,170,0.5,0.1,6684,25252,25252
3,22,374,5,891,10465,2,19,37,893,4.7,77289,82,26,13299,166,0.4,2.7,6571,23572,23572
1.5,10,163,20,368,5463,2,17,11,437,1.9,36733,39,19,6881,99,1.5,1,3566,11092,11092
2,30,156,56,605,7103,1,16,33,529,6.7,50649,50,32,9758,125,0.3,1.2,4618,15349,15349
2,6,232,32,507,6834,2,12,26,639,7.9,53884,41,21,8950,109,1.2,0.3,4743,17928,17928
2.5,35,233,25,820,8503,2,10,30,631,10,67073,62,28,11338,220,0.4,0,5541,21911,21911
1,2,112,24,280,3712,2,11,6,269,2.2,27303,22,12,4488,78,0.8,0.1,2389,7055,7055
1.5,25,129,8,484,4626,1,10,10,416,6.5,41232,37,12,7295,104,0.3,0.7,3453,12451,12451
2.5,11,304,47,585,9261,2,17,10,718,10.2,66642,71,37,11710,127,1.8,2.3,5958,18263,18263
3.5,10,378,89,806,13983,1,5,60,941,10.8,96178,73,52,15696,191,2.8,1.1,7718,31221,31221
2,20,231,26,469,6849,2,19,25,616,9.3,54154,48,19,9578,144,0.9,1,4619,17020,17020
3,9,305,48,845,10277,1,6,16,930,6.3,75634,70,41,12757,178,0.1,2.3,6652,26435,26435
2,9,248,21,617,7763,1,13,31,606,3.9,49545,45,29,9513,113,1,0.6,4412,14391,14391
3,9,340,63,709,10843,1,4,38,755,5.4,76117,78,48,13821,186,1.3,0.2,7055,23371,23371
3,38,258,31,934,11238,2,5,15,873,7.3,71641,60,48,12755,269,2.4,0.4,6702,21880,21880
2,22,221,27,566,7479,2,12,9,589,2.2,55002,59,21,8666,109,0.1,0.3,4740,17620,17620
4,56,427,21,1020,15206,1,13,72,1227,14,95972,110,34,19365,338,1.8,2.5,9302,28537,28537
1.5,18,178,6,394,4517,2,16,16,409,5.3,36429,35,16,7289,87,0.3,0.5,3575,12176,12176
1.5,3,119,30,475,4558,2,12,28,448,2.2,38400,38,22,7112,95,1.3,0.5,3362,12114,12114
2,15,228,53,586,6017,1,4,22,517,3,53110,58,25,9354,138,0.2,2,4558,14122,14122
2,33,251,36,520,6014,2,10,20,588,9.6,46265,50,31,8906,113,0.2,1.7,4733,14514,14514
1.5,21,189,31,393,5580,1,13,17,379,1.5,40896,35,21,6880,124,1.4,1.3,3251,12246,12246
2.5,8,204,23,590,9215,2,20,12,790,1.9,67830,59,38,11065,177,1.4,1,5859,19920,19920
2,23,254,47,567,6191,1,19,10,629,8.5,47303,49,34,9061,118,1.7,0.4,4386,17776,17776
2.5,14,207,57,698,7578,1,20,10,674,2.5,59666,63,36,10566,167,0.5,1.5,5359,18294,18294
1,5,95,0,283,3140,2,6,19,268,3.7,27605,23,16,4656,78,0.4,0.4,2260,7891,7891
1.5,5,156,3,441,4859,1,14,21,462,3.5,40849,33,24,6750,130,0.1,0,3271,12869,12869
1,15,113,15,249,3937,1,16,16,279,4.3,24198,25,12,4446,68,0.8,1,2357,7738,7738
0.5,8,63,9,142,1625,1,19,8,136,2.2,12172,11,6,2301,35,0.2,0.3,1191,3963,3963
0.5,6,47,10,164,1579,2,8,6,153,2.3,11668,10,6,2328,43,0.3,0.4,1196,4100,4100
1.5,12,185,41,390,4616,1,15,19,418,1.4,35181,32,16,6784,87,0.4,1.4,3501,10913,10913
2,11,219,23,646,7735,1,7,28,512,7.9,50457,55,31,9077,106,0.9,0.4,4516,16020,16020
3.5,29,409,69,1015,10535,2,4,18,1043,2.8,89102,76,33,17130,184,0.7,1.1,8336,27601,27601
0.5,1,43,7,145,1891,1,13,2,134,1.7,12512,13,7,2240,41,0.2,0.1,1150,3833,3833
0.5,6,47,7,161,1896,2,6,2,159,1.4,13022,13,6,2118,43,0.3,0.5,1166,3515,3515
1,11,110,6,315,3721,1,5,9,312,4.3,25351,23,12,4398,60,0.6,0.8,2255,7568,7568
1.5,17,117,39,374,5440,1,7,8,448,1.9,36035,42,23,7221,126,0.7,1.4,3412,11878,11878
2,22,217,15,557,7293,2,19,24,553,2,49128,52,22,9697,125,1.7,1.7,4202,17206,17206
1.5,13,177,18,430,5906,1,14,17,440,4.6,40233,43,16,6594,110,0.9,0.5,3155,11095,11095
1,11,77,7,230,3340,2,8,10,297,2.2,23169,22,12,4230,79,0.1,0.7,2284,7261,7261
1.5,14,167,34,443,5123,1,7,29,407,2.6,38483,40,20,6306,100,0.4,0.7,3191,11696,11696
2,32,207,1,643,6493,1,4,36,589,5,46067,54,32,8411,107,1.5,1.4,4692,17903,17903
1.5,19,146,22,462,4618,2,20,18,380,3,40084,45,15,6603,88,1.2,1.3,3508,10598,10598
2,26,161,14,464,7569,1,17,30,557,2.5,49167,52,24,8953,157,1.1,1.7,4629,14353,14353
2.5,38,208,15,718,8324,2,13,30,684,4.5,60323,71,28,10525,174,0.2,1.9,5815,17900,17900
3,10,296,31,911,10286,1,14,53,860,9.4,79748,83,45,13843,186,2.8,2,7080,25450,25450
1,2,100,7,243,3102,1,4,10,259,4.6,26612,26,12,4616,61,0.1,0.4,2101,7400,7400
1,8,93,10,320,3050,2,13,10,250,1.5,23584,23,17,4466,66,0.4,0.3,2131,8033,8033
1,10,120,8,267,3923,2,20,9,312,2.2,27129,26,11,4247,70,0.5,0.8,2204,7595,7595
1,15,110,16,292,3867,1,8,18,259,2,25321,27,10,4738,54,0.1,0.5,2302,8170,8170
2,21,248,13,511,6190,1,6,14,500,2.8,55535,51,33,8811,119,1.8,1.3,4586,14778,14778
3,24,317,4,785,11798,1,11,59,801,11.2,69778,66,49,12667,256,0.3,2.3,6381,24716,24716
3,45,258,16,749,10725,1,16,24,936,10.4,79349,84,51,13012,224,2.8,0.3,7059,22595,22595
1.5,6,170,32,402,5409,1,18,22,384,2.3,41261,45,24,7481,108,1.4,1.5,3346,11528,11528
2,14,156,44,480,7803,1,13,29,511,3.9,47762,47,28,8737,141,0.1,1.3,4427,15656,15656
2.5,9,236,51,638,8725,2,20,9,674,10.9,60608,73,23,10879,152,2.5,0.3,5587,19054,19054
2.5,3,276,44,647,9396,1,6,8,608,9.1,65759,73,25,10544,146,0.3,0.6,5284,22230,22230
1.5,14,157,43,472,4519,1,16,26,434,3.9,40536,44,22,7111,97,0.6,1.2,3411,13289,13289
2.5,23,202,71,746,9394,1,18,25,654,11.2,59309,67,21,11552,157,1.4,1,5665,21048,21048
1,8,90,21,282,3022,1,4,15,311,3.1,24883,25,14,4984,52,0.4,0.2,2373,7877,7877
2,25,165,20,521,7647,2,18,38,499,6.1,54116,54,33,8666,137,1.8,1.7,4389,17169,17169
1,6,107,15,257,3259,1,8,10,289,4.9,26221,24,13,4221,68,0.1,0.5,2288,8617,8617
2,17,179,33,537,7322,2,5,23,501,1.7,47738,46,28,8701,126,0.9,1.8,4247,16413,16413
3,47,326,23,903,11572,2,11,60,934,2.7,78282,75,32,14932,244,1.2,0.6,6607,23587,23587
1.5,18,140,10,393,5579,2,20,9,478,2.8,36600,36,23,7032,108,1,0.7,3545,12555,12555
1,16,87,23,285,3710,1,10,5,248,3.1,25538,28,12,4394,81,0.1,0.4,2307,8705,8705
2.5,4,262,50,731,8669,2,19,19,789,6.5,63581,74,22,12494,198,2.5,0.4,5599,18816,18816
2,23,168,20,568,6034,2,7,7,518,3,50738,45,31,8501,126,0.2,1.6,4395,14529,14529
1.5,7,156,41,396,5538,1,7,25,388,5.6,39003,40,22,7040,78,1.4,1.3,3573,10538,10538
2.5,5,290,53,691,9876,1,19,44,688,5.1,66192,73,42,11781,199,0.9,2.5,5471,22003,22003
3.5,14,324,51,1084,10621,1,18,18,877,10.5,96390,87,52,17320,226,0.5,0.9,7444,26665,26665
1.5,4,154,34,464,5134,1,19,20,381,1.1,40916,32,15,6380,116,1.3,0.7,3399,13045,13045
2,24,209,19,650,6305,1,17,12,513,4.9,46089,59,28,9017,171,1.8,1.8,4308,14685,14685
0.5,5,45,13,130,1829,2,12,3,155,0.5,12794,13,7,2355,37,0.1,0.1,1070,3753,3753
4,62,502,73,985,14781,2,4,68,994,2.9,103336,114,38,19333,279,0.9,0.8,8848,32041,32041
1.5,4,116,28,381,5740,1,11,29,438,6.9,36789,34,19,6591,112,1.5,1.4,3492,11498,11498
2.5,33,230,12,789,8546,2,5,38,708,4.8,65841,54,22,12457,142,1.5,1.6,5540,19304,19304
2,33,222,33,469,7980,1,17,15,526,9.9,49011,52,28,9443,179,0.7,1.2,4254,15884,15884
1,15,119,2,329,3134,1,5,11,279,1.9,23563,24,9,4536,59,0.6,0.7,2364,8701,8701
3,19,351,67,942,9272,2,17,40,812,14,76126,68,24,13020,205,1,0.5,7085,24276,24276
1.5,25,170,5,375,5286,2,18,21,380,4.3,39897,38,17,6869,122,0.7,1,3222,10645,10645
2.5,28,273,60,779,9772,1,13,37,793,5.2,64737,57,25,11769,191,0.6,0.9,5992,21059,21059
2.5,24,292,63,698,7526,2,7,41,705,2.9,60433,72,32,11408,194,0.5,1.2,5996,17875,17875
1,5,118,3,321,3224,2,12,19,265,1,23770,30,14,4423,52,0.9,0.1,2267,8441,8441
2,3,172,15,502,6843,1,15,19,480,7.5,47971,56,34,9480,127,1.8,0.4,4602,14413,14413
3.5,15,409,33,939,10941,1,17,51,961,17,91900,99,51,16268,277,1.9,0.9,7714,28232,28232
